treatment,stratum,stratum_group,comment_karma,link_karma,tenure_i,gold,deltas_received,num_cmv_post,num_cmv_comments,cmv_tenure,average_comment_length
1,1,1,1476,38,19.467632859048695,0,1.0,0,0,0,11.0
0,1,1,65633,6687,19.514176322429943,0,2.0,0,0,0,0.0
1,1,1,19365,4589,19.55250623344979,0,1.0,0,0,0,0.0
0,1,1,34421,1372,19.555244084236925,0,1.0,0,0,0,0.0
1,1,1,608,1158,19.568933338172585,0,1.0,0,0,0,0.0
0,1,1,815,349,19.686774999135395,0,2.0,0,0,0,0.0
0,1,1,104744,309685,19.894851658957435,1,5.0,0,5,48,145.46153846153845
1,1,1,32483,2878,19.77164837353649,1,1.0,0,0,0,0.0
0,1,1,6532,16,19.842832494001925,0,1.0,0,0,0,0.0
0,1,1,3682,168,19.38121567269739,1,1.0,0,0,0,0.0
1,1,1,44248,3208,19.52512772557847,0,6.0,0,0,0,0.0
1,1,1,30483,791,19.3867097216745,0,4.0,0,0,0,0.0
0,1,1,31520,98,19.382062188275253,0,1.0,0,0,0,0.0
1,1,1,65387,1020,19.568933338172585,0,1.0,0,0,1,46.2
0,1,1,28951,3615,19.711415656219582,0,3.0,0,0,0,36.333333333333336
0,1,1,51249,17976,19.425597438104138,0,2.0,0,0,0,0.0
0,1,1,147128,58440,19.39543728650833,0,9.0,0,0,15,78.33333333333333
1,1,1,63230,13762,19.752483418026564,0,9.0,0,0,13,50.0
0,1,1,27077,932,19.555244084236925,0,1.0,0,0,0,0.0
0,1,1,4336,1644,19.41217433241803,0,1.0,0,0,0,0.0
1,1,1,16868,1822,19.88937595738317,0,1.0,0,0,0,0.0
1,1,1,101248,20667,19.911278763680222,0,1.0,0,0,0,67.0
1,6,3,24192,35217,19.326529574895275,0,79.0,0,0,0,0.0
0,7,3,213122,38053,19.263170510834637,0,408.0,0,67,54,73.3852140077821
1,1,1,29375,315,19.262965995915884,0,7.0,0,0,0,0.0
1,1,1,1894,1254,19.244273921740408,0,2.0,0,0,0,0.0
1,1,1,3498,2124,19.24159383833736,0,1.0,0,0,0,0.0
1,1,1,224686,3481,19.23493766042776,0,5.0,0,4,41,217.91666666666663
0,1,1,362911,8398,19.230540653050777,0,1.0,0,0,0,0.0
1,1,1,184958,40536,19.222442952338422,0,2.0,0,0,0,0.0
0,1,1,5513,288,19.192242239990215,0,1.0,0,0,0,0.0
1,1,1,67566,34069,19.151641940854663,0,3.0,0,0,0,0.0
1,1,1,135395,2063,19.098538853167387,1,1.0,0,0,0,0.0
1,1,1,241363,1624,19.089980439346313,1,5.0,0,0,0,0.0
0,2,2,76693,2907,19.058547408951096,0,15.0,0,0,0,0.0
1,1,1,301330,4396,19.04652627933414,0,1.0,0,0,0,0.0
1,1,1,16416,4481,19.01656024896428,0,1.0,0,1,0,201.0
1,1,1,85200,2764,19.013432634697036,0,1.0,0,0,0,0.0
0,1,1,45314,1865,18.999907176487284,0,1.0,0,0,0,85.0
0,1,1,6858,14978,18.98068296425315,1,1.0,0,0,0,0.0
0,2,2,58264,7040,18.94537723758192,0,10.0,0,0,0,0.0
1,1,1,46572,5085,18.919776431436965,0,4.0,0,1,31,48.666666666666664
0,1,1,13853,301,18.866341030772784,0,1.0,0,0,0,0.0
0,1,1,32985,1481,18.863161067784468,0,5.0,0,0,0,94.0
0,1,1,18835,2563,18.82395802319299,0,1.0,0,0,0,0.0
1,1,1,13034,9695,18.809413666207668,0,1.0,0,0,0,0.0
0,1,1,77212,35680,18.78440352601957,0,2.0,0,0,0,0.0
1,2,2,27531,3036,18.773197509085456,0,10.0,0,10,33,24.384615384615383
0,1,1,1040,1967,18.76843440922995,0,1.0,0,0,0,0.0
0,1,1,4587,510,18.751318342101907,0,3.0,0,0,0,0.0
1,1,1,30529,6686,18.719673318399217,0,1.0,0,0,0,0.0
1,1,1,9285,231,18.718044265492782,0,1.0,0,0,0,0.0
1,1,1,145151,4444,18.71548789238457,1,6.0,0,0,0,4.0
0,1,1,39931,10968,18.691227238849443,0,8.0,0,0,0,0.0
1,1,1,1622,2684,18.686171879760032,0,8.0,0,0,0,0.0
0,1,1,107645,69772,18.68610536646371,0,2.0,0,0,0,0.0
1,1,1,157184,6385,18.65323829165447,0,1.0,0,0,0,0.0
1,1,1,214056,84248,18.64763875303303,1,1.0,0,0,0,0.0
1,1,1,149,1,18.59103175503572,0,1.0,0,0,0,0.0
1,1,1,262288,16979,18.535287306788703,0,1.0,0,0,0,0.0
1,1,1,13939,608,18.52445654019048,0,1.0,0,0,0,0.0
0,1,1,99183,13627,18.52112859383208,0,2.0,0,0,0,0.0
1,1,1,9844,775,18.515612553322025,0,1.0,0,0,0,0.0
0,1,1,290210,14429,18.513444993051284,1,1.0,0,1,0,28.0
1,1,1,51691,783,18.49475982687895,0,1.0,0,0,0,0.0
0,3,2,505369,86568,18.475255491948538,1,27.0,0,9,43,55.58139534883721
0,1,1,15652,27241,18.473701032800815,0,1.0,0,0,0,0.0
0,1,1,89599,3705,18.442813798030116,1,1.0,0,0,0,0.0
0,1,1,678867,2428,18.427988431082056,0,1.0,0,0,0,0.0
0,1,1,9156,39193,18.399512121096507,0,1.0,0,0,0,0.0
1,1,1,32933,591,18.396911416353436,0,2.0,0,0,1,71.66666666666667
1,1,1,213003,1074,18.387843204575606,0,1.0,0,0,0,0.0
0,1,1,8668,1033,18.375955798689223,0,2.0,0,0,0,0.0
0,1,1,38308,1601,18.372938015334345,0,1.0,0,0,0,0.0
0,1,1,15852,12426,18.36783357139691,0,1.0,0,0,0,0.0
1,1,1,30314,1148,18.362341930714475,0,1.0,0,0,0,0.0
0,1,1,34541,1537,18.351950234261007,0,3.0,0,0,0,0.0
1,1,1,59766,76933,18.345927184345932,1,1.0,0,0,0,30.0
0,1,1,47365,38548,18.31507870410662,0,1.0,0,0,0,0.0
0,1,1,142489,17196,18.285621235858088,0,1.0,0,0,0,0.0
0,1,1,3342,284,18.26604538091348,0,2.0,0,0,0,0.0
1,1,1,32694,1947,18.262522711255453,1,3.0,0,3,20,99.0
1,1,1,28798,5179,18.255690125760996,0,1.0,0,0,0,0.0
0,1,1,16390,824,18.249340656853345,0,1.0,0,0,0,0.0
0,1,1,58998,2161,18.24496608464253,0,1.0,0,3,7,44.8
1,1,1,40771,1821,18.23875347658615,0,1.0,0,0,0,0.0
1,1,1,83148,427,18.230007976294623,0,1.0,0,0,0,0.0
1,1,1,4620,102,18.202086271221994,0,2.0,0,0,0,0.0
0,1,1,19696,3135,18.156324141021976,0,1.0,0,0,0,42.0
1,1,1,24877,5355,18.156120798562476,0,1.0,0,0,0,0.0
1,1,1,9736,4119,18.15220998151682,0,1.0,0,0,0,0.0
1,1,1,45464,2,18.12886428982924,0,1.0,0,0,0,0.0
0,1,1,636940,86774,18.126889931829897,0,2.0,0,1,21,64.0
0,1,1,113866,28234,18.110408482036505,0,2.0,0,0,0,0.0
0,1,1,316960,27544,18.10424454688301,0,2.0,0,1,46,84.10416666666667
1,1,1,14065,2636,18.103525956115647,0,1.0,0,0,0,0.0
0,1,1,119403,251,18.097398018629907,0,2.0,0,0,0,0.0
0,1,1,3504,62,18.07976882629589,0,2.0,0,0,0,0.0
0,1,1,4772,207,18.05895269959424,0,1.0,0,0,0,0.0
0,1,1,23302,8268,18.057335624785,0,5.0,0,0,0,0.0
0,1,1,16244,180,18.038025094199657,0,1.0,0,0,0,0.0
1,1,1,64316,10970,18.037061174256444,0,3.0,0,0,0,0.0
0,1,1,49228,6306,18.034510409939767,0,1.0,0,0,0,81.0
0,1,1,14760,3317,18.03296973511025,0,1.0,0,0,0,0.0
0,1,1,26771,1822,18.027589287927952,1,3.0,0,0,0,51.5
1,1,1,6530,3250,18.014530722004057,0,1.0,0,0,0,0.0
0,1,1,118439,73848,18.01395352348452,0,2.0,0,0,0,10.0
0,1,1,110698,19106,18.003705722637815,0,2.0,0,1,2,82.0
0,1,1,31156,183,18.000096671252415,0,1.0,0,0,0,0.0
0,2,2,75393,470,17.94701991636611,0,13.0,0,2,28,160.30555555555554
1,1,1,51014,2892,17.93130420921474,0,1.0,0,0,0,0.0
0,1,1,44663,439,17.918093920726392,0,1.0,0,1,23,38.666666666666664
0,1,1,2206,37,17.90934452280006,0,1.0,0,0,0,0.0
1,1,1,24387,1374,17.903433521963493,0,1.0,0,0,0,0.0
0,1,1,111158,19372,17.90323455246011,0,1.0,0,0,24,53.666666666666664
0,1,1,82094,96967,17.900289271450145,0,9.0,0,0,0,0.0
1,1,1,61216,58709,17.882884208961237,0,1.0,0,0,0,0.0
0,1,1,14758,1218,17.882253109004335,0,1.0,0,0,0,0.0
1,6,3,88926,875,17.866236745275785,0,58.0,0,0,0,0.0
1,1,1,97344,1552,17.84996608464253,0,6.0,0,1,31,100.0
1,1,1,1354,104,17.839113928585036,0,1.0,0,0,0,0.0
0,1,1,1554,203,17.814650027654675,0,1.0,0,0,0,0.0
0,1,1,13088,5807,17.811150965622073,0,1.0,0,0,0,0.0
0,1,1,7199,5028,17.807000935201508,0,6.0,0,0,0,0.0
1,1,1,56586,16940,17.776648341848404,0,1.0,0,0,0,0.0
0,1,1,31095,16259,17.77398429261779,0,1.0,0,0,0,0.0
0,1,1,2620,63,17.76606838646523,0,1.0,0,0,0,0.0
0,1,1,1505,105,17.740373054754325,0,1.0,0,0,0,0.0
1,1,1,28187,2340,17.73286811141263,0,1.0,0,0,0,0.0
1,5,3,226604,6764,17.73041247473557,1,41.0,0,5,51,158.93333333333334
0,1,1,154449,3029,17.721554101475245,0,1.0,0,1,50,12.0
0,1,1,47256,4393,17.717657797573807,0,1.0,0,0,0,0.0
0,1,1,204095,12107,17.71423944510087,0,1.0,0,0,0,0.0
1,1,1,16533,520,17.709985921385503,0,1.0,0,0,0,0.0
1,1,1,387179,20763,17.706563481149235,1,4.0,0,0,0,0.0
0,1,1,80700,3466,17.700011366920016,0,1.0,0,0,0,0.0
1,1,1,41226,1,17.69638396813177,0,3.0,0,1,0,10.0
1,1,1,160101,11723,17.696131509136155,0,1.0,0,0,0,33.5
1,1,1,85060,154,17.69464384847755,0,1.0,0,0,0,0.0
1,1,1,32826,2035,17.693888531216416,0,2.0,0,0,0,0.0
0,1,1,118211,86,17.65773676428864,0,1.0,0,0,0,0.0
0,1,1,14349,3566,17.65603533578964,0,1.0,0,0,0,312.5
0,1,1,7603,1347,17.655366685448676,0,2.0,0,0,0,0.0
0,1,1,3183,41,17.65408791266494,0,1.0,0,1,1,364.125
1,1,1,171046,20564,17.650641516234288,1,5.0,0,0,0,0.0
1,1,1,110825,309,17.64435193781261,0,4.0,0,1,1393,47.7
1,1,1,347106,15768,17.58936828886592,0,2.0,0,1,0,153.46153846153845
1,1,1,9916,1000,17.58190669482835,0,1.0,0,0,0,0.0
0,1,1,182562,5729,17.578937425935912,0,1.0,0,0,0,0.0
1,1,1,22219,4277,17.56874130836043,0,1.0,0,1,0,125.5
0,1,1,41178,1261,17.562450779296118,0,1.0,0,0,0,0.0
1,1,1,56912,556,17.55347066040241,0,1.0,0,0,0,29.0
0,1,1,27537,3169,17.54555164881725,0,1.0,0,0,0,0.0
1,1,1,204693,23725,17.5415560344486,0,1.0,0,0,0,0.0
1,1,1,84281,3183,17.53829079881598,1,2.0,0,0,0,0.0
0,1,1,27564,2383,17.532944067759118,0,1.0,0,0,0,0.0
1,1,1,28443,4297,17.527538491923185,0,1.0,0,0,0,0.0
0,1,1,64988,18461,17.527245852432223,0,3.0,0,0,0,0.0
1,1,1,58207,5725,17.514165833672877,0,2.0,0,0,0,0.0
1,1,1,9533,2289,17.51332213833483,0,1.0,0,0,0,61.0
1,2,2,78044,2863,17.503368117750245,0,13.0,0,5,46,86.66666666666667
1,2,2,296677,179,17.48842734278637,1,16.0,0,0,0,123.0
0,1,1,30517,768,17.487035158336347,0,1.0,0,0,0,0.0
0,4,2,148605,485,17.48311363071701,0,33.0,0,0,0,0.0
0,1,1,35155,964,17.482074895198465,0,1.0,0,4,36,39.41818181818182
1,1,1,2343,187,17.470242087887392,0,1.0,0,0,0,0.0
1,1,1,81535,2437,17.469783846449513,0,5.0,0,0,0,0.0
0,1,1,25909,256,17.458373980046492,0,1.0,0,0,0,0.0
1,1,1,15119,12510,17.45254552667868,0,1.0,0,3,49,14.666666666666666
0,1,1,4991,1470,17.450925695005804,0,1.0,0,0,0,0.0
0,1,1,321,289,17.448399584021445,0,1.0,0,0,0,0.0
0,1,1,13651,7613,17.433926049912387,0,1.0,0,0,0,0.0
1,2,2,137417,5823,17.431948966737494,0,18.0,0,6,49,100.29411764705884
0,3,2,65208,8585,17.42865565545907,0,23.0,0,0,0,0.0
1,1,1,56589,12354,17.424068582931376,0,1.0,0,0,0,0.0
1,1,1,25665,546,17.421696127484825,0,4.0,0,0,0,0.0
1,1,1,52683,259,17.4177542878012,0,1.0,0,0,0,0.0
1,1,1,2243,38,17.41158420515867,0,1.0,0,0,0,64.0
1,1,1,3234,5672,17.40380658582133,0,1.0,0,0,0,0.0
1,1,1,65939,8602,17.403730375970135,0,1.0,0,0,0,0.0
1,1,1,114018,117323,17.39063698483773,1,1.0,0,2,17,70.5
0,1,1,279765,26254,17.38740727155155,1,1.0,0,1,15,25.0
1,2,2,207451,4893,17.381111830833625,0,10.0,0,1,21,182.8
1,1,1,5066,3,17.370549462339188,0,5.0,0,0,0,0.0
0,1,1,32897,4446,17.367898436912665,0,4.0,0,0,0,0.0
1,1,1,179814,39801,17.366338875982812,0,2.0,0,0,0,0.0
1,3,2,49019,3169,17.3536446596926,0,26.0,0,19,13,122.5
1,1,1,80656,1967,17.34510975843268,0,2.0,0,2,40,82.76923076923077
0,1,1,2115,1241,17.34371015897011,0,1.0,0,0,0,0.0
1,1,1,15505,1493,17.323705057187972,0,1.0,0,0,0,0.0
0,1,1,12230,442,17.31659168354739,0,2.0,0,0,0,0.0
0,1,1,7952,172,17.314629113516716,0,1.0,0,1,0,123.0
1,1,1,2378,1882,17.314179142669758,0,1.0,0,0,0,0.0
0,1,1,9690,13672,17.29746088779613,0,1.0,0,0,0,0.0
1,1,1,77261,3077,17.291745972846957,0,1.0,0,0,0,0.0
0,1,1,9782,3794,17.281197040101755,0,2.0,0,0,0,0.0
1,1,1,8477,3607,17.27995971533688,0,2.0,0,0,0,0.0
0,1,1,114259,4851,17.27885864934961,0,4.0,0,0,0,0.0
0,1,1,2792,1794,17.272794943617864,0,1.0,0,0,0,0.0
1,1,1,63848,4509,17.26898194769929,0,1.0,0,0,0,0.0
0,1,1,110723,19740,17.263965057948486,0,1.0,0,0,0,0.0
1,1,1,11037,12496,17.255636319387886,0,2.0,0,0,0,0.0
0,1,1,47311,1401,17.23974559892752,0,2.0,0,2,25,51.75
1,1,1,28357,3633,17.232120272540218,0,8.0,0,4,33,86.53333333333333
0,1,1,40578,3787,17.229647112350595,0,1.0,0,0,0,0.0
0,1,1,33077,1658,17.220291141047326,1,2.0,0,0,0,0.0
1,1,1,213216,12621,17.217883987144624,1,1.0,0,0,0,0.0
0,1,1,21897,456,17.194230445683928,0,3.0,0,1,0,16.0
0,1,1,54998,3039,17.17338706722676,0,3.0,0,0,0,0.0
0,1,1,72204,47961,17.165226433972013,0,1.0,0,0,0,0.0
0,1,1,402876,12115,17.163122028060283,0,5.0,0,0,0,0.0
0,1,1,61276,199,17.132606684688163,0,1.0,0,0,41,73.375
1,1,1,18664,244,17.132464024916825,0,1.0,0,0,0,0.0
1,1,1,46845,300133,17.120103610943644,0,1.0,0,0,0,0.0
0,1,1,58089,17739,17.114638144621743,0,2.0,0,0,0,0.0
0,1,1,16227,3266,17.11052984741283,0,2.0,0,0,0,124.5
1,1,1,149273,9197,17.106054982404086,0,2.0,0,0,38,136.72727272727272
0,1,1,44365,162,17.105251023928155,0,1.0,0,0,0,0.0
0,1,1,91977,4295,17.086525487131947,0,5.0,0,0,0,0.0
1,1,1,212,8,17.08639791089041,0,1.0,0,0,0,0.0
0,1,1,83468,899,17.085777679947626,0,1.0,0,0,0,117.66666666666669
0,1,1,2770,30,17.08551866151783,0,1.0,0,0,0,0.0
0,1,1,42488,579,17.08540242961173,0,5.0,0,3,35,165.6
1,3,2,49994,340,17.08461862475965,0,22.0,0,0,0,0.0
1,1,1,297827,86332,17.084175561915835,0,2.0,0,1,0,37.0
0,1,1,21658,7652,17.07921767538454,0,1.0,0,0,0,0.0
0,1,1,13323,2850,17.075931905871016,0,1.0,0,0,0,0.0
0,1,1,151774,4363,17.07514962204715,0,2.0,0,0,0,0.0
1,1,1,161568,6249,17.07479183184764,0,1.0,0,0,0,0.0
1,3,2,143288,50184,17.05905806248622,0,25.0,0,0,0,0.0
0,1,1,41235,8348,17.05086022741638,0,1.0,0,0,0,0.0
0,1,1,37228,2709,17.045695797928712,0,1.0,0,0,0,0.0
1,1,1,20263,9,17.04265744900484,0,2.0,0,0,0,0.0
0,2,2,124206,3049,17.036236048137855,0,10.0,0,0,0,0.0
1,1,1,21477,1674,17.026823545285925,0,2.0,0,0,0,0.0
0,1,1,10741,5580,17.026286939206884,0,1.0,0,0,0,0.0
1,1,1,8377,146,17.018372585770628,0,1.0,0,0,0,0.0
1,1,1,17047,1212,17.013167373713944,0,1.0,0,0,0,0.0
1,1,1,87477,5782,17.012582760181864,1,1.0,0,0,0,0.0
0,1,1,4316,20,17.012511715488984,0,2.0,0,0,0,0.0
1,1,1,6101,3740,17.01224185973316,0,1.0,0,0,0,0.0
1,1,1,299846,5533,17.007294366894666,1,2.0,0,0,0,0.0
0,1,1,59677,166267,17.007074768446117,0,1.0,0,0,13,21.0
0,1,1,22436,596,17.005059406061143,0,1.0,0,0,0,0.0
1,1,1,94608,29905,17.004830966636092,0,8.0,0,0,0,0.0
1,1,1,9035,6974,16.999598692952414,0,2.0,0,1,24,24.90909090909091
0,1,1,14291,1773,16.993982296268257,0,4.0,0,0,0,0.0
1,1,1,308468,6328,16.98482725912982,0,1.0,0,0,35,46.46666666666667
0,1,1,1985,53,16.982891180340555,0,1.0,0,0,0,0.0
0,1,1,279726,21254,16.9715245681774,0,1.0,0,0,0,0.0
1,1,1,14924,47,16.966941583413032,0,1.0,0,0,0,0.0
1,1,1,43380,11574,16.96508672119284,0,3.0,0,0,0,0.0
1,1,1,573221,343157,16.96248741072563,0,2.0,0,0,0,0.0
0,1,1,86014,2574,16.95877439072411,0,1.0,0,1,25,66.0
1,1,1,20747,4032,16.957030722004056,0,1.0,0,0,0,0.0
1,1,1,6376,10901,16.94431670065896,0,1.0,0,0,0,0.0
0,1,1,40360,3269,16.93932408398342,0,2.0,0,0,0,0.0
1,1,1,26620,6738,16.922357901510733,0,1.0,0,0,0,0.0
0,1,1,70303,28216,16.917037566631024,0,2.0,0,0,0,0.0
1,3,2,109680,110064,16.916648753793545,0,23.0,0,0,0,0.0
0,1,1,6609,1811,16.91632309531508,0,1.0,0,0,0,0.0
0,2,2,130852,30578,16.916050355943263,0,15.0,0,0,0,0.0
1,1,1,13552,956,16.911751391509974,0,1.0,0,0,0,59.4
1,1,1,453739,23167,16.903073545285928,1,3.0,0,2,44,204.66666666666663
0,2,2,7010,407,16.90096863236479,0,15.0,0,2,49,266.62068965517244
0,1,1,33294,1848,16.89044067713372,0,2.0,0,0,0,0.0
1,1,1,328325,2430,16.890176810426496,0,7.0,0,0,0,0.0
1,1,1,3100,83,16.883061979133874,0,1.0,0,0,0,0.0
1,1,1,20665,10172,16.88171504527325,0,1.0,0,0,0,0.0
1,1,1,138752,179524,16.874602875780006,0,1.0,0,0,0,0.0
0,1,1,5091,1,16.87170984842685,0,3.0,0,0,0,0.0
1,1,1,1634,2671,16.867707199302707,0,1.0,0,0,0,0.0
0,1,1,149,1,16.856563322708798,0,1.0,0,0,0,0.0
0,7,3,96169,2198,16.855694023395795,0,326.0,0,20,44,154.85
0,1,1,7889,1196,16.850763325243843,0,1.0,0,0,0,0.0
0,1,1,114769,29693,16.84905403809907,0,1.0,0,3,46,48.0
1,1,1,34700,233,16.83134134765366,1,1.0,0,0,0,0.0
1,1,1,19952,4903,16.829217928889243,0,1.0,0,0,0,0.0
0,1,1,72261,3732,16.823420910104545,0,1.0,0,2,44,48.875
0,2,2,40447,866,16.799267457370494,0,11.0,0,0,0,0.0
0,1,1,11920,8274,16.79838922201673,0,1.0,0,0,0,0.0
1,1,1,63861,816,16.79321978581119,0,1.0,0,0,0,0.0
1,1,1,32220,328,16.788145889190407,0,1.0,0,0,0,0.0
1,1,1,31796,71,16.7841519859785,0,1.0,0,0,0,0.0
0,1,1,7243,11822,16.782888645293532,0,2.0,0,0,0,0.0
0,1,1,170319,23844,16.774130596519228,0,3.0,0,0,0,0.0
0,1,1,17445,98,16.757308468093743,0,1.0,0,0,0,0.0
0,1,1,26425,16434,16.756110880190988,0,1.0,0,1,35,156.6
1,1,1,12465,166,16.74979227548087,0,4.0,0,0,11,249.83333333333337
1,1,1,215263,17066,16.738173584579155,0,2.0,0,0,0,67.0
1,1,1,8760,86,16.73042575204436,0,2.0,0,0,0,0.0
0,1,1,195060,27362,16.727027679947625,0,8.0,0,0,0,0.0
0,1,1,261,158,16.72048206177641,0,1.0,0,0,0,0.0
0,1,1,20369,2,16.72046029206008,0,5.0,0,0,0,0.0
0,1,1,27624,624,16.713135780690394,0,1.0,0,0,0,0.0
0,1,1,4091,49,16.703064228988108,0,1.0,0,0,0,0.0
1,1,1,46725,1722,16.70300988391751,0,2.0,0,0,0,0.0
0,1,1,40140,605,16.699704657918065,0,1.0,0,0,0,0.0
1,1,1,59453,16877,16.68688191474368,0,1.0,0,0,0,14.0
0,1,1,9912,681,16.686696919687023,0,1.0,0,0,0,0.0
0,1,1,3595,176,16.666690487005194,0,1.0,0,0,0,0.0
0,1,1,126267,812,16.659749179681445,0,2.0,0,0,0,0.0
0,1,1,12026,4095,16.656780037541356,0,1.0,0,0,0,0.0
0,1,1,8313,327,16.655537484241993,0,2.0,0,0,0,0.0
0,1,1,49133,210,16.65176679192065,0,1.0,0,0,0,0.0
0,1,1,28139,110,16.650838711204756,0,2.0,0,0,40,46.05
1,1,1,68903,6779,16.649316510530433,0,2.0,0,0,0,0.0
0,1,1,200405,888,16.643557295634494,0,2.0,0,0,0,0.0
0,3,2,22540,560,16.642371115443353,0,22.0,0,0,0,202.0
0,1,1,230676,18267,16.6408825358302,0,2.0,0,0,0,0.0
1,1,1,5113,1061,16.639371647803227,0,1.0,0,0,0,0.0
0,1,1,28346,5717,16.636099092222324,0,1.0,0,0,0,0.0
1,4,2,64863,144,16.62905996377149,0,35.0,0,0,0,0.0
1,1,1,19008,741,16.62814728346627,0,1.0,0,0,0,97.0
0,1,1,907144,14396,16.618574977587496,0,3.0,0,0,0,194.0
1,1,1,72515,3306,16.61370261720521,0,1.0,0,0,0,0.0
1,1,1,14231,5351,16.613649476281946,0,2.0,0,0,0,0.0
1,1,1,5430,238,16.605231725882675,0,1.0,0,1,0,111.0
1,1,1,128,122,16.603949530785457,0,1.0,0,0,0,0.0
1,1,1,159724,11020,16.565794601386518,0,2.0,0,0,0,0.0
0,1,1,37540,610,16.553156726516438,0,2.0,0,0,0,0.0
0,1,1,1009,89,16.546517818614696,0,1.0,0,0,0,0.0
0,1,1,125190,55038,16.546484355993964,1,1.0,0,0,0,0.0
1,1,1,20640,2013,16.546091803962124,0,1.0,0,0,0,0.0
1,1,1,93245,13802,16.54299391312125,0,1.0,0,0,0,0.0
1,1,1,20019,2034,16.539706812708037,0,1.0,0,0,0,0.0
1,1,1,24886,59,16.528390616292594,0,4.0,0,0,0,0.0
1,1,1,37315,1016,16.514977935987375,0,1.0,0,0,2,87.0
1,1,1,11539,1348,16.514490002811215,0,1.0,0,0,0,0.0
0,1,1,5065,1369,16.511591493418866,0,1.0,0,0,0,0.0
1,2,2,219626,14347,16.51019138694689,0,12.0,0,0,0,0.0
0,1,1,18694,358,16.50218634220331,0,1.0,0,0,0,0.0
0,1,1,75646,22407,16.495266772907797,0,1.0,0,0,0,0.0
0,1,1,1976,788,16.492621546401345,0,1.0,0,0,0,0.0
0,1,1,40501,1037,16.488604130628286,0,1.0,0,0,0,0.0
1,3,2,20767,2885,16.482846373384387,0,23.0,0,0,0,0.0
0,1,1,4444,54,16.474435594364436,0,2.0,0,0,0,0.0
1,1,1,297704,5117,16.470236986105252,1,2.0,0,0,0,0.0
1,1,1,12388,227,16.465040963594035,0,1.0,0,0,0,0.0
0,1,1,3461,7044,16.464428369480416,0,1.0,0,0,0,0.0
1,1,1,18741,335,16.459230318931578,0,1.0,0,1,0,58.0
1,1,1,282751,1493,16.454628733259664,1,2.0,0,0,16,40.25
1,1,1,12089,4776,16.45370448680239,1,1.0,0,0,0,0.0
0,1,1,86361,417,16.446223689783608,0,1.0,0,0,0,0.0
0,1,1,15024,3902,16.443191393284508,0,1.0,0,0,0,0.0
0,1,1,3578,1473,16.44241579564717,0,1.0,0,0,0,0.0
1,1,1,9917,3611,16.435276881407813,0,4.0,0,0,0,0.0
0,1,1,110420,70,16.423263927317514,0,1.0,0,0,0,0.0
0,1,1,60340,5229,16.418519079800593,0,4.0,0,2,6,48.5
0,1,1,18774,2748,16.410318139298145,0,1.0,0,0,0,0.0
1,1,1,15405,1522,16.40715215075656,0,1.0,0,0,0,0.0
1,1,1,33564,46689,16.40143992929485,1,1.0,0,0,0,0.0
0,1,1,16586,7146,16.39345462622998,0,1.0,0,0,0,0.0
1,1,1,43678,408,16.392283085935404,0,2.0,0,0,0,0.0
0,3,2,94312,482,16.391101785709786,0,22.0,0,18,48,120.50704225352112
1,1,1,32196,4167,16.385197280931223,0,2.0,0,0,0,0.0
1,1,1,2256,379,16.374624455367808,0,1.0,0,0,0,0.0
0,1,1,19465,2165,16.3739790640833,0,1.0,0,0,0,0.0
1,1,1,13614,4,16.372809773642963,0,1.0,0,1,0,48.0
1,1,1,1406,362,16.372237771969832,0,1.0,0,0,0,0.0
1,1,1,8519,541,16.368101082234237,1,2.0,0,0,0,0.0
0,1,1,83868,1366,16.36587008241169,0,3.0,0,1,33,141.75
0,1,1,6643,272,16.365850118916367,0,1.0,0,0,0,0.0
0,1,1,95826,1014,16.3632033713817,0,1.0,0,0,0,75.5
0,1,1,429271,14892,16.361011442971428,0,2.0,0,0,0,0.0
1,1,1,6217,223,16.350306699898443,1,1.0,0,0,0,0.0
1,1,1,16787,26386,16.335939320883565,1,1.0,0,0,0,0.0
0,1,1,40795,4280,16.334787902524752,0,2.0,0,0,0,0.0
1,1,1,28655,2378,16.330526203282734,0,1.0,0,0,0,0.0
0,2,2,26596,324,16.32356258754516,0,15.0,0,0,0,0.0
1,1,1,43717,239,16.31981883009846,0,3.0,0,0,0,0.0
0,1,1,58992,19016,16.319253704740383,0,1.0,0,0,0,0.0
1,1,1,79306,5233,16.309514497703095,0,1.0,0,0,0,0.0
0,1,1,22137,408,16.299856285418254,0,1.0,0,0,0,0.0
1,1,1,73855,3747,16.295968759117144,0,1.0,0,0,0,31.0
0,1,1,67347,16221,16.295903354903896,0,4.0,0,0,0,0.0
0,1,1,229663,20835,16.29083861614049,0,3.0,0,1,0,17.0
0,1,1,95777,6715,16.288730407658225,0,1.0,0,0,0,0.0
0,1,1,580051,9001,16.284929928534336,0,1.0,0,0,0,0.0
1,1,1,2716,1,16.28462543769853,0,2.0,0,0,0,0.0
1,1,1,26919,7784,16.281253413209978,0,1.0,0,0,0,0.0
0,1,1,32888,1659,16.27884324893893,1,1.0,0,2,23,94.33333333333331
0,1,1,15157,48,16.269771107838213,0,1.0,0,0,0,0.0
1,2,2,44859,14178,16.26367549220204,0,11.0,0,3,52,43.69090909090909
1,2,2,40635,3517,16.26205179458245,0,15.0,0,4,49,193.4
0,1,1,43467,9891,16.26027776867427,0,1.0,0,0,0,0.0
0,1,1,9452,845,16.24590788630045,0,1.0,0,0,0,0.0
0,1,1,20336,392,16.24584381298689,0,3.0,0,0,0,0.0
1,1,1,981,1061,16.242978766215273,0,1.0,0,0,0,0.0
1,1,1,32766,135,16.2412949562931,0,1.0,0,1,47,18.387755102040817
0,1,1,5006,40,16.232387149615786,0,1.0,0,0,0,0.0
1,1,1,150773,494,16.22305101505549,1,1.0,0,0,0,0.0
1,1,1,63637,8302,16.218638036882247,0,5.0,0,0,0,0.0
1,1,1,31133,859,16.218406999033995,0,1.0,0,0,0,62.666666666666664
1,1,1,69347,4927,16.21825194922032,0,8.0,0,1,10,271.25
1,1,1,96408,5551,16.213700208910538,1,2.0,0,0,8,143.88888888888889
0,1,1,30216,1539,16.21161548130134,0,1.0,0,0,0,0.0
0,1,1,16254,1234,16.210876831974396,0,1.0,0,0,0,0.0
0,1,1,120875,19410,16.20308694934707,0,1.0,0,0,0,0.0
1,1,1,22309,3254,16.197657227188227,0,1.0,0,0,0,0.0
1,1,1,85196,15524,16.196870000022663,0,1.0,0,0,0,0.0
1,1,1,109425,12838,16.194038098990898,1,1.0,0,0,0,0.0
1,1,1,2385,5,16.185668989806423,0,1.0,0,0,0,0.0
1,1,1,20141,4261,16.182833919965876,0,1.0,0,0,0,0.0
0,3,2,83133,331,16.18023353210368,0,24.0,0,0,0,0.0
1,1,1,23225,2052,16.168946615481378,0,7.0,0,0,0,0.0
0,1,1,7572,18437,16.161908374297006,0,1.0,0,1,21,129.14285714285714
1,1,1,174565,902,16.158098769003825,0,4.0,0,0,0,0.0
1,1,1,34645,13465,16.15434756485649,0,1.0,0,0,0,0.0
0,1,1,1349,274,16.152097995814483,0,1.0,0,0,0,0.0
0,1,1,27718,1758,16.149630476104495,0,1.0,0,0,0,0.0
0,1,1,38127,9956,16.14903416966801,0,3.0,0,0,0,0.0
0,1,1,50013,2072,16.145379899381293,0,1.0,0,0,0,0.0
0,1,1,47060,13971,16.138778795368314,0,1.0,0,0,0,0.0
1,1,1,125240,60759,16.128664749940274,0,2.0,0,0,0,0.0
0,1,1,49800,15186,16.12852811090562,0,7.0,0,0,0,0.0
1,1,1,200986,1497,16.123750561282073,0,1.0,0,0,0,0.0
1,1,1,11419,96,16.120739432425633,0,2.0,0,0,0,0.0
1,1,1,179866,19666,16.109293124721624,0,2.0,0,0,0,0.0
0,1,1,6860,305,16.109187318196415,0,1.0,0,0,0,0.0
0,1,1,4000,1343,16.108986035462618,0,1.0,0,0,0,0.0
1,2,2,75536,328,16.106833336905062,0,17.0,0,0,0,66.0
0,1,1,178127,8643,16.101025100537278,0,2.0,0,0,0,0.0
1,1,1,48661,3944,16.09724692982721,0,1.0,0,0,0,0.0
1,3,2,36167,2956,16.094266316599334,0,27.0,0,1,56,35.5
0,1,1,353436,54,16.092751752754175,0,1.0,0,0,0,0.0
0,2,2,44563,2492,16.087160864980707,0,11.0,0,0,0,0.0
0,7,3,218516,143,16.08633478821948,0,111.0,0,66,49,141.61702127659575
0,1,1,59354,1863,16.08156126298309,0,9.0,0,0,0,0.0
0,1,1,24210,12111,16.065319596950186,0,1.0,0,0,0,0.0
1,4,2,31630,1799,16.06036519610855,0,35.0,0,4,21,189.25
1,1,1,1325,72,16.05199250617015,0,1.0,0,0,0,0.0
0,1,1,9478,1496,16.038284587950766,0,1.0,0,0,0,0.0
1,1,1,4973,4106,16.03787463915872,0,1.0,0,0,0,0.0
1,1,1,75946,139,16.026225496004614,0,1.0,0,0,0,0.0
0,1,1,30473,3854,16.02602376963759,0,1.0,0,0,0,0.0
1,3,2,8597,4387,16.024388886123,0,26.0,0,0,0,0.0
1,1,1,7697,1251,16.018356551598192,0,1.0,0,0,0,0.0
1,1,1,368098,6318,16.016978056402106,0,1.0,0,0,0,0.0
0,1,1,32200,515,15.991515853953253,0,8.0,0,2,43,132.30434782608697
0,1,1,3265,1178,15.990600353408215,0,1.0,0,1,0,91.0
0,1,1,29476,103,15.986742392093037,0,2.0,0,0,0,0.0
1,1,1,13155,2132,15.98447640862154,0,1.0,0,0,0,0.0
1,2,2,174516,372,15.97485593684929,0,17.0,0,1,47,61.63636363636363
0,1,1,127066,744,15.9675548429765,0,1.0,0,0,0,0.0
0,1,1,100157,8180,15.961898360861255,0,1.0,0,0,0,0.0
0,1,1,12900,2720,15.9524073983039,0,1.0,0,0,0,0.0
0,1,1,4469,4300,15.952225540367936,0,1.0,0,0,0,0.0
1,1,1,96581,6367,15.951391858465636,0,1.0,0,0,0,0.0
1,1,1,22631,905,15.944237638879862,0,1.0,0,0,0,0.0
0,1,1,44384,2723,15.938662373333688,0,1.0,0,0,0,0.0
0,1,1,312,753,15.927265403982403,0,2.0,0,0,0,0.0
0,1,1,97882,87,15.921990573196794,0,2.0,0,1,30,53.0
1,1,1,20104,20189,15.919591880013536,0,1.0,0,0,0,0.0
1,1,1,23940,2379,15.906000352140694,0,1.0,0,0,0,0.0
1,1,1,37793,1574,15.903015999718455,0,1.0,0,0,0,0.0
1,1,1,191526,9137,15.9028387999314,0,1.0,0,0,0,0.0
0,1,1,8869,41,15.896222517324356,0,1.0,0,0,0,0.0
0,1,1,6102,270,15.89323832334256,0,1.0,0,0,0,0.0
1,3,2,1287923,35356,15.891140983874411,0,20.0,0,0,0,0.0
0,1,1,108992,7485,15.889304120488095,0,1.0,0,0,0,0.0
0,1,1,65674,5302,15.885075186728876,0,5.0,0,0,0,0.0
1,1,1,94202,569,15.879118428293506,0,1.0,0,0,0,0.0
1,1,1,55380,579,15.875495085580498,0,1.0,0,0,0,0.0
1,1,1,10502,188,15.873995256696173,0,1.0,0,0,0,0.0
1,1,1,161823,8469,15.86563495680011,0,1.0,0,0,0,0.0
0,1,1,121170,54666,15.857318608281846,0,4.0,0,0,13,78.5
0,1,1,39968,13930,15.841657182824903,0,1.0,0,0,0,0.0
1,1,1,89691,14784,15.841368821225794,0,7.0,0,4,24,54.0
1,1,1,9381,50,15.840701184903642,1,1.0,0,0,0,0.0
1,1,1,18956,257,15.840130640882547,0,2.0,0,0,0,0.0
0,1,1,4766,50,15.839047668793418,0,9.0,0,0,0,0.0
1,1,1,90322,17829,15.834633613225186,0,1.0,0,0,0,0.0
1,1,1,44699,2805,15.831221376553197,0,1.0,0,0,0,0.0
1,1,1,101030,1247,15.82935133573894,0,2.0,0,0,0,0.0
0,1,1,45059,5758,15.82823135196324,0,1.0,0,0,0,0.0
1,1,1,25341,2544,15.827863960273124,0,4.0,0,0,0,0.0
0,1,1,199851,3321,15.826218334496769,0,5.0,0,0,0,0.0
0,1,1,7419,6215,15.816806465406597,0,1.0,0,0,0,0.0
1,2,2,174790,3456,15.81375059297016,0,10.0,0,0,0,0.0
0,1,1,33472,4396,15.813342767279996,0,1.0,0,0,0,0.0
1,1,1,62873,16757,15.81067843285659,0,1.0,0,0,0,0.0
1,1,1,9172,462,15.80537951912424,0,1.0,0,0,0,0.0
1,1,1,22363,1825,15.805025468119094,0,2.0,0,0,0,0.0
1,1,1,269551,66253,15.802516056757014,0,1.0,0,0,0,0.0
0,1,1,13331,1903,15.798827214766495,0,1.0,0,0,0,0.0
1,1,1,43345,8028,15.794857045932364,0,1.0,0,0,0,0.0
0,1,1,1262,136,15.786483532103682,0,4.0,0,0,0,0.0
1,1,1,18994,16079,15.78418750832494,0,6.0,0,2,6,76.15555555555555
1,1,1,26650,135,15.782814653608488,0,2.0,0,0,24,109.5
0,5,3,118532,1426,15.780822455215706,0,45.0,0,0,0,0.0
0,1,1,215531,220339,15.779968778129996,0,1.0,0,0,0,0.0
1,1,1,27326,1005,15.77890510408634,0,2.0,0,0,0,0.0
1,1,1,88271,17977,15.776798036375236,0,5.0,0,6,0,100.4
1,1,1,126604,24743,15.775428413843738,1,1.0,0,0,0,0.0
0,1,1,19025,1241,15.77539837353649,1,1.0,0,0,0,0.0
0,1,1,145271,4406,15.774619385273756,1,1.0,0,1,0,180.0
1,1,1,162863,2720,15.774385875754655,0,3.0,0,0,0,0.0
0,1,1,19076,7911,15.77278616601754,0,2.0,0,0,0,0.0
1,2,2,82378,237,15.77244551907354,0,12.0,0,0,0,0.0
1,1,1,50587,5769,15.771814704309426,0,4.0,0,0,0,22.0
1,1,1,53325,21373,15.770962041242528,0,1.0,0,0,33,100.66666666666669
1,1,1,30176,930,15.76908287425898,0,2.0,0,0,0,0.0
0,1,1,5957,1352,15.767269967067053,0,2.0,0,0,0,0.0
0,1,1,1827,165,15.767017349630995,0,1.0,0,0,0,0.0
0,1,1,1583,2043,15.76440628288321,0,1.0,0,0,0,0.0
1,1,1,10064,82,15.761936386566632,0,1.0,0,0,0,0.0
0,1,1,2461,1,15.757673356424924,0,1.0,0,0,0,0.0
0,1,1,113262,4301,15.756705887415873,0,1.0,0,1,0,291.0
1,1,1,14597,8066,15.750431962909571,0,2.0,0,0,0,0.0
1,1,1,26779,11967,15.749545298524447,0,1.0,0,0,0,0.0
1,5,3,49248,9726,15.7483232474179,0,42.0,0,0,0,0.0
0,1,1,75393,410,15.74487317516906,0,2.0,0,0,0,0.0
0,1,1,254313,2277,15.744123815268434,0,1.0,0,0,0,0.0
1,1,1,87999,2033,15.74312104572956,0,2.0,0,0,35,82.5
0,1,1,3163,267,15.74295433469957,0,1.0,0,0,0,0.0
0,1,1,772,1211,15.740158241207036,0,1.0,0,0,0,0.0
0,1,1,86174,15606,15.736305223233552,0,1.0,0,0,50,24.0
1,1,1,4110,19,15.73395570996258,0,1.0,0,0,0,0.0
0,1,1,3351,48,15.732632827360607,0,1.0,0,0,0,0.0
1,1,1,14157,2516,15.729712199682965,0,1.0,0,0,0,0.0
1,1,1,45526,7211,15.72788417727315,0,1.0,0,0,0,0.0
0,1,1,8787,258,15.725909692521457,0,2.0,0,0,0,0.0
0,1,1,96347,9412,15.722960925821836,0,1.0,0,0,0,0.0
1,1,1,301499,15920,15.720517267241968,0,1.0,0,0,0,0.0
1,3,2,19123,522,15.718517622148552,0,27.0,0,17,22,181.11111111111111
0,1,1,8087,182,15.71689525542865,0,1.0,0,0,0,0.0
0,7,3,45619,1662,15.713675175321164,0,310.0,0,174,54,83.8671875
1,1,1,20119,174,15.711922031862851,0,1.0,0,0,0,0.0
0,1,1,80045,1740,15.709408627801707,0,1.0,0,0,0,0.0
1,1,1,119397,12441,15.701096303670594,0,1.0,0,0,0,0.0
1,1,1,75798,4125,15.687766519403096,0,9.0,0,0,0,0.0
1,1,1,22604,555,15.686478715514331,0,1.0,0,0,0,0.0
0,1,1,7233,1468,15.684170206628997,0,2.0,0,0,0,0.0
1,1,1,162440,1978,15.68270095674941,0,1.0,0,1,34,64.8
0,1,1,132540,12431,15.681647106012978,0,1.0,0,0,0,0.0
0,1,1,16433,2165,15.680807276621644,0,2.0,0,0,0,0.0
0,1,1,29512,4797,15.679223347552258,0,1.0,0,3,43,121.2
0,1,1,28348,2719,15.679218784467611,0,1.0,0,0,0,0.0
0,1,1,65292,1836,15.66831472332228,0,2.0,0,0,0,43.0
0,1,1,88244,54166,15.667717719747865,0,1.0,0,0,0,0.0
1,1,1,28062,3658,15.667511176791493,0,1.0,0,0,0,0.0
0,1,1,11351,377,15.666566554893755,0,1.0,0,0,0,0.0
0,1,1,14250,12410,15.655418210279462,0,1.0,0,0,0,0.0
1,1,1,12662,12443,15.652423242347806,0,1.0,0,0,0,0.0
0,1,1,59856,336,15.646647676398558,0,3.0,0,0,0,0.0
0,1,1,15207,2151,15.643663387352497,0,2.0,0,0,0,0.0
1,3,2,133234,905,15.64161446728253,0,23.0,0,2,47,59.9375
1,1,1,11495,15,15.638886471490707,0,1.0,0,0,0,0.0
0,1,1,2140,26,15.63354709207022,0,1.0,0,0,0,0.0
0,1,1,870,270,15.632719874537834,0,1.0,0,0,0,0.0
1,1,1,4189,115,15.631861919560269,0,2.0,0,0,0,0.0
0,1,1,28914,2000,15.63161171041889,0,1.0,0,0,0,0.0
1,1,1,17965,3456,15.631077259129816,0,3.0,0,2,44,109.6
0,1,1,17258,21438,15.630754927900574,0,1.0,0,0,0,0.0
1,1,1,180822,4318,15.629241378074225,0,3.0,0,0,0,0.0
1,1,1,14747,565,15.62729170509529,0,2.0,0,0,0,0.0
0,1,1,115152,7672,15.626796040025704,0,2.0,0,1,0,26.0
1,1,1,27382,5092,15.626517279917204,0,1.0,0,0,0,49.0
0,1,1,18464,29134,15.626294100714729,1,1.0,0,0,0,0.0
0,1,1,57407,493,15.621632814685372,0,2.0,0,0,0,0.0
0,1,1,31820,1,15.616383017489136,0,1.0,0,0,0,0.0
0,1,1,3045,11,15.616216781780464,0,1.0,0,7,47,102.86046511627907
0,1,1,12842,2877,15.60596254825193,0,1.0,0,0,0,0.0
1,1,1,67808,37374,15.605527724310948,0,1.0,0,0,0,0.0
0,1,1,64962,26,15.60546390450209,0,1.0,0,0,0,0.0
1,1,1,5270,865,15.605356513572488,0,1.0,0,1,0,32.0
0,1,1,38964,745,15.60411183717124,0,2.0,0,0,0,0.0
1,2,2,81449,3605,15.600461813088296,0,11.0,0,0,0,0.0
1,6,3,180389,32158,15.599779917126623,0,82.0,0,0,0,0.0
1,1,1,177286,8885,15.598956090219636,0,1.0,0,1,22,57.5
1,1,1,10725,2810,15.593887200316727,0,1.0,0,0,0,0.0
1,1,1,4469,1,15.593488785988642,0,1.0,0,0,0,0.0
1,1,1,50312,1,15.583977986688314,0,4.0,0,0,0,0.0
0,1,1,51608,3453,15.575422107914264,0,2.0,0,0,0,0.0
1,1,1,13789,63148,15.575194017058177,0,5.0,0,0,0,0.0
0,2,2,96657,156,15.56922087588141,0,19.0,0,0,0,0.0
1,1,1,173450,17748,15.569100271019188,0,8.0,0,8,47,208.21428571428572
0,1,1,23582,184,15.568012228836006,0,1.0,0,0,0,0.0
1,1,1,80078,30,15.567803182520697,0,1.0,0,0,0,0.0
0,1,1,54176,3306,15.567376027096964,0,2.0,0,0,0,0.0
1,1,1,23146,1572,15.562179117319287,0,1.0,0,0,0,0.0
0,1,1,151778,2888,15.56176593634228,0,1.0,0,0,0,62.0
0,1,1,55070,1067,15.560964829794251,0,3.0,0,0,0,0.0
1,1,1,159705,11944,15.559329122389382,0,1.0,0,0,0,0.0
0,1,1,20534,45,15.55554521613542,0,1.0,0,0,0,0.0
1,1,1,9103,141,15.55248611151403,0,1.0,0,0,0,0.0
1,1,1,318065,11662,15.549689415947826,0,1.0,0,6,42,64.83720930232558
1,1,1,225955,29360,15.539089116812278,0,2.0,0,2,45,49.96875
1,1,1,68881,2627,15.538366121400712,0,1.0,0,0,0,200.0
0,1,1,17129,933,15.536649292491036,0,2.0,0,0,24,29.3
1,1,1,12474,241,15.534587982378737,0,7.0,0,0,0,0.0
0,1,1,54751,2420,15.534523338679596,0,2.0,0,0,0,0.0
1,6,3,159367,920,15.53277472661784,0,68.0,0,4,23,99.8
1,1,1,26492,6473,15.530589611146448,0,1.0,0,0,0,0.0
1,1,1,1504,27,15.529621033054324,0,1.0,0,0,0,0.0
1,1,1,30378,3334,15.52791792508667,0,1.0,0,0,0,0.0
1,1,1,50793,2930,15.527882751309198,0,3.0,0,0,0,0.0
0,1,1,59687,2240,15.522587196514156,0,7.0,0,2,34,155.0
0,1,1,25854,17073,15.520241168932843,0,1.0,0,0,0,49.0
0,1,1,9823,100,15.515012064057949,0,2.0,0,0,0,0.0
0,1,1,7366,396,15.511654457649351,0,1.0,0,0,0,0.0
1,1,1,38600,111,15.510601399115115,0,3.0,0,1,33,26.0
1,1,1,10360,185,15.509688750497984,0,1.0,0,0,0,0.0
1,1,1,12322,3774,15.503667443427736,0,1.0,0,0,0,0.0
1,1,1,88920,268,15.502681056630262,0,8.0,0,0,0,0.0
1,1,1,128542,2978,15.502241669604633,0,2.0,0,0,0,96.0
0,1,1,20849,1272,15.500729450677971,0,1.0,0,0,0,0.0
1,1,1,1381,314,15.497922963492634,0,1.0,0,0,0,0.0
0,1,1,5937,1284,15.496257374220953,0,1.0,0,2,29,330.57142857142856
1,1,1,1622,305,15.493032002202805,0,1.0,0,0,0,0.0
1,1,1,26357,8969,15.49252074659401,0,1.0,0,0,0,0.0
1,1,1,1517,11,15.49026426954886,0,5.0,0,0,0,0.0
0,1,1,100766,225,15.488789569318172,0,5.0,0,0,0,25.0
1,1,1,21314,178,15.4882210533347,0,1.0,0,0,0,0.0
0,1,1,187121,1011,15.488003641364209,0,1.0,0,0,0,10.0
1,1,1,90297,7326,15.482739014142874,0,9.0,0,0,0,0.0
0,1,1,26499,1460,15.479865348211373,1,1.0,0,0,0,0.0
0,1,1,70447,8692,15.478191963670088,0,1.0,0,0,0,0.0
0,1,1,120192,7237,15.472834712168073,0,1.0,0,0,0,0.0
0,1,1,107110,17558,15.471387422133342,0,1.0,0,1,3,91.0
0,1,1,33183,888,15.46910952394083,0,2.0,0,0,0,0.0
1,1,1,40360,44948,15.46556898220128,0,8.0,0,0,0,0.0
1,1,1,48708,791,15.464778301034146,0,2.0,0,0,0,0.0
0,1,1,10335,2468,15.459707763350671,0,1.0,0,0,0,0.0
1,1,1,48610,28191,15.458423920472883,0,5.0,0,0,0,0.0
1,1,1,974,371,15.457840289271529,0,1.0,0,0,0,0.0
0,1,1,3876,104,15.455536850480238,0,1.0,0,0,0,0.0
1,1,1,163733,2856,15.453587272565567,0,3.0,0,6,45,126.0
1,1,1,10022,81,15.446948681544704,0,1.0,0,0,0,0.0
1,1,1,17461,217,15.444307320984963,0,1.0,0,0,0,0.0
0,1,1,27993,682,15.440500219050724,0,1.0,0,0,0,0.0
0,1,1,3132,4728,15.43739073036971,0,2.0,0,0,0,0.0
0,1,1,1610,269,15.4364574844955,0,1.0,0,0,0,0.0
0,1,1,85730,2091,15.435051452351102,0,1.0,0,0,0,0.0
1,1,1,9130,1243,15.431642035918928,0,1.0,0,0,0,0.0
1,1,1,3944,102,15.42496015897011,0,8.0,0,0,0,0.0
1,1,1,61908,480076,15.423443376958804,0,1.0,0,0,0,0.0
1,1,1,54479,32905,15.417259921943211,0,3.0,0,0,0,0.0
1,1,1,8566,1,15.41679350497868,0,1.0,0,0,0,0.0
0,1,1,173185,16879,15.41436394759789,0,3.0,0,0,0,0.0
1,1,1,1016,1,15.414139437495727,0,1.0,0,0,0,0.0
0,1,1,11138,248,15.41313799885654,0,1.0,0,2,0,239.0
1,1,1,31070,3973,15.412837564095977,0,1.0,0,0,0,0.0
0,1,1,92291,2806,15.411006658070168,0,1.0,0,0,0,0.0
0,1,1,81420,149,15.410540526298425,0,5.0,0,0,0,0.0
0,1,1,15974,1592,15.410033865462363,0,1.0,0,0,0,412.0
1,1,1,18679,1380,15.409359669706037,0,1.0,0,0,0,0.0
0,1,1,67880,1257,15.400748717035365,0,1.0,0,1,0,155.0
0,1,1,7515,498,15.397160167842776,0,3.0,0,0,0,0.0
1,1,1,57286,517,15.396624924351508,0,2.0,0,0,0,0.0
0,1,1,262216,1976,15.385691424972595,0,2.0,0,2,0,96.0
0,1,1,25541,34841,15.384258077696504,0,1.0,0,0,0,0.0
1,3,2,34552,298,15.38375030777737,0,27.0,0,74,57,43.92161520190024
1,1,1,15451,4558,15.383091797624507,0,7.0,0,4,37,88.2
1,1,1,13898,8095,15.380595156561816,0,1.0,0,0,0,0.0
0,1,1,28060,1774,15.379996948840065,0,1.0,0,0,0,0.0
1,1,1,70430,12762,15.378267254566731,0,1.0,0,0,0,0.0
0,1,1,31295,32200,15.377809298321646,0,1.0,0,0,0,0.0
0,2,2,102887,669,15.376996403804952,0,12.0,0,0,0,0.0
0,1,1,6930,271,15.376295431614418,0,1.0,0,0,0,0.0
0,1,1,134155,3737,15.376107014244276,0,1.0,0,0,27,28.75
1,1,1,12124,67,15.373096772654296,0,3.0,0,0,0,0.0
0,1,1,54979,20959,15.37193844629234,0,1.0,1,1,12,67.66666666666667
0,1,1,36787,21536,15.371335168476536,0,1.0,0,0,0,14.0
0,2,2,17049,95,15.36989364567379,0,11.0,0,0,0,0.0
0,1,1,20952,663,15.368711268053184,0,2.0,0,0,0,0.0
0,1,1,22311,353,15.367055470400636,0,1.0,0,0,0,69.0
0,1,1,13250,6317,15.367031862775216,0,1.0,0,0,0,0.0
0,1,1,16266,2424,15.365975667120289,1,1.0,0,0,0,0.0
0,1,1,211909,41238,15.364563012165537,0,1.0,0,1,0,205.33333333333337
1,1,1,11594,96,15.364246448168275,0,1.0,0,0,43,107.0625
1,1,1,10640,13996,15.35651385760372,0,1.0,0,0,0,0.0
0,1,1,36298,5334,15.353984704562931,0,1.0,0,0,0,0.0
0,1,1,25058,2041,15.350264903310618,0,1.0,0,1,14,68.0
1,1,1,9002,454,15.344662512761271,0,8.0,0,0,0,105.0
0,1,1,8706,418,15.34286155197845,0,4.0,0,0,0,0.0
0,1,1,8522,1611,15.34237624891358,0,1.0,0,0,0,0.0
1,1,1,54720,779,15.342029707985244,0,3.0,0,0,0,22.0
1,1,1,97662,189,15.340770898696832,0,1.0,0,0,0,51.5
0,1,1,4780,2277,15.338672862090752,0,2.0,0,0,0,0.0
0,1,1,60198,10396,15.33839660534119,0,7.0,0,0,0,0.0
0,1,1,31911,29290,15.334946026082946,1,1.0,0,0,0,0.0
0,1,1,3368,1,15.333393183027706,0,1.0,0,0,0,0.0
0,1,1,9089,719,15.330997119955736,0,1.0,0,0,0,0.0
0,1,1,265302,56792,15.330619904958398,1,3.0,0,0,0,0.0
1,2,2,464004,54980,15.3264488970237,0,10.0,0,0,1269,74.0
1,1,1,2728,183,15.326121495700406,0,1.0,0,0,0,0.0
1,1,1,5748,264,15.32483476920663,0,1.0,0,0,0,0.0
1,1,1,76227,4739,15.32053479075453,0,2.0,0,0,0,0.0
1,1,1,4099,39,15.31854534922539,0,1.0,0,0,0,0.0
1,1,1,25072,2896,15.316940822898928,0,1.0,0,0,0,0.0
1,1,1,47850,438,15.31346517836322,0,2.0,0,0,0,0.0
0,1,1,25351,102,15.308863561003218,0,1.0,0,0,0,0.0
0,1,1,36435,17850,15.304783814761423,0,1.0,0,0,0,0.0
1,1,1,4110,1497,15.30354477883981,0,1.0,0,0,0,0.0
1,1,1,32994,2217,15.301641972542752,0,1.0,0,0,0,0.0
1,7,3,122421,40217,15.29773486300337,0,133.0,0,1,38,106.3529411764706
1,1,1,6342,118,15.296112939916696,0,1.0,0,0,0,0.0
1,1,1,20413,816,15.296101975838312,0,3.0,0,1,12,117.5
0,1,1,8063,165,15.292765188503408,0,1.0,0,0,0,0.0
0,1,1,90255,3907,15.289406473011736,0,2.0,0,0,0,0.0
1,1,1,43774,33,15.2869406327704,0,1.0,0,0,0,0.0
1,1,1,2046,5126,15.285886465153087,0,1.0,0,0,0,0.0
0,1,1,170344,4252,15.28588022259979,0,1.0,0,0,0,0.0
1,1,1,10989,443,15.28459124625178,0,1.0,0,0,0,0.0
1,1,1,51608,8968,15.282698611830911,0,1.0,0,1,0,133.0
0,1,1,8519,115,15.278485902372651,0,3.0,0,1,1,61.333333333333336
0,1,1,2959,491,15.276962085605849,0,3.0,0,0,0,0.0
0,1,1,92287,130774,15.27659691208188,0,1.0,0,0,0,0.0
1,1,1,34775,2256,15.272176011886682,0,7.0,0,0,0,0.0
1,1,1,8009,4,15.266695303594544,0,4.0,0,0,0,0.0
0,1,1,8038,492,15.264850359745834,0,1.0,0,0,0,0.0
0,1,1,94155,27486,15.264630349352142,0,2.0,0,0,0,0.0
0,1,1,48938,1062,15.264558195576187,0,1.0,0,4,40,36.7027027027027
1,1,1,1866,1572,15.262908133467535,0,1.0,0,0,0,0.0
0,1,1,385448,290773,15.262064533193753,1,5.0,0,0,0,0.0
0,1,1,6136,197,15.261193681164446,0,2.0,0,0,0,0.0
1,1,1,19409,7583,15.25815118110107,0,1.0,0,0,0,0.0
0,1,1,102300,30773,15.255771912715645,0,3.0,0,2,28,202.5
1,1,1,1461,296,15.255681601665373,0,1.0,0,0,0,0.0
0,1,1,34050,435,15.253978081752578,0,2.0,0,1,0,684.0
0,1,1,9462,12173,15.250341461730777,0,1.0,0,0,0,0.0
1,1,1,77172,6,15.249255130704336,0,9.0,0,0,0,0.0
1,1,1,4309,3519,15.248766944023473,0,1.0,0,0,0,0.0
0,1,1,54949,4023,15.24800072606013,0,2.0,0,1,42,87.41176470588235
0,1,1,12602,1376,15.244177304760663,0,1.0,0,0,0,0.0
1,1,1,446,104,15.244011354244783,0,1.0,0,0,0,0.0
1,1,1,4404,358,15.242488614872968,0,1.0,0,0,0,0.0
1,1,1,49767,98,15.24112349204994,0,1.0,0,0,0,0.0
1,1,1,48651,8579,15.239033599282427,0,1.0,0,0,0,0.0
0,1,1,28742,257,15.238767641161404,0,1.0,0,0,0,0.0
1,1,1,160310,292,15.23578094382067,0,1.0,0,0,0,163.0
1,1,1,73362,7071,15.233590473062437,0,1.0,0,0,8,70.5
1,1,1,82472,122,15.229401307853422,0,4.0,0,0,0,0.0
0,1,1,443838,3317,15.21916085864309,0,1.0,0,1,11,109.0
1,1,1,15627,5362,15.216442115772908,0,1.0,0,0,0,0.0
0,1,1,12177,215,15.215064349402844,0,2.0,0,0,0,0.0
0,4,2,123515,165,15.207653931627092,0,30.0,0,0,0,0.0
0,1,1,5401,110,15.204973246150375,0,1.0,0,0,0,0.0
1,1,1,6214,64,15.204239318348517,0,1.0,0,0,0,0.0
0,1,1,24894,110307,15.196936449942807,0,1.0,0,0,0,0.0
0,1,1,108183,38367,15.194368478994448,1,1.0,0,0,0,0.0
1,1,1,34892,279,15.192420929117397,0,2.0,0,0,0,0.0
0,1,1,231488,84,15.188176024561916,0,1.0,0,0,0,0.0
1,1,1,18585,3388,15.184758686107788,0,1.0,0,0,0,0.0
0,1,1,22237,234,15.183573836816334,0,1.0,0,0,0,0.0
0,1,1,194546,5380,15.170544835878369,0,1.0,0,0,0,0.0
1,1,1,63564,3464,15.169364866552437,0,8.0,0,1,0,20.0
0,1,1,141208,3300,15.167341487081249,0,2.0,0,1,0,35.0
1,1,1,359,12,15.158455988817751,0,1.0,0,0,0,0.0
0,1,1,217995,861,15.156425542902982,0,1.0,0,0,0,39.0
0,1,1,13075,10135,15.152080313861484,0,2.0,0,0,0,0.0
0,1,1,588340,13534,15.149880273300733,1,1.0,0,0,8,114.11111111111111
1,1,1,20046,320,15.140271843001848,0,1.0,0,0,0,0.0
1,1,1,1202,1208,15.139870386617334,0,2.0,0,0,0,0.0
0,1,1,43234,20769,15.139500079623138,0,2.0,0,0,0,0.0
0,1,1,8749,2134,15.137214512913376,0,1.0,0,0,0,163.5
1,1,1,6854,51,15.131156732854055,0,1.0,0,0,0,0.0
0,1,1,6507,822,15.124337995053969,0,1.0,0,0,0,0.0
0,1,1,303040,8528,15.12374669533536,0,9.0,0,0,0,0.0
1,1,1,32916,3156,15.122612261791618,0,1.0,0,0,0,0.0
0,1,1,105600,4744,15.12058308340036,0,6.0,0,0,0,0.0
1,3,2,7216,714,15.11813017189885,0,26.0,0,13,40,117.02439024390245
0,1,1,11558,3914,15.113871768217962,0,1.0,0,0,0,0.0
1,1,1,36526,595,15.1127618295661,0,1.0,0,0,0,0.0
0,1,1,746,2117,15.11077121557771,0,1.0,0,0,0,0.0
1,1,1,3279,503,15.107264358275508,0,1.0,0,0,0,0.0
1,1,1,104807,4847,15.10677103812442,0,2.0,0,0,0,0.0
1,1,1,11202,13065,15.105646459575986,0,1.0,0,1,0,14.0
0,1,1,25138,4480,15.103119841582222,0,1.0,0,0,0,0.0
0,1,1,46834,387,15.10088586307942,0,1.0,0,0,0,0.0
0,1,1,80115,8808,15.090986948079548,0,1.0,0,0,0,0.0
1,1,1,28680,1,15.089623726541788,0,1.0,0,0,0,0.0
0,1,1,53055,1056,15.08466384366096,0,1.0,0,0,0,0.0
0,1,1,16799,6099,15.082229691507438,0,1.0,0,0,0,0.0
1,1,1,2329,95,15.07731173196679,0,1.0,0,0,0,0.0
1,1,1,18755,1242,15.077172526197025,0,1.0,0,0,0,0.0
0,1,1,1571,722,15.073943795241563,0,1.0,0,0,0,0.0
0,1,1,48119,2426,15.071800824926964,0,4.0,0,0,0,0.0
1,1,1,115695,18157,15.069493583565135,0,4.0,0,1,0,32.0
0,1,1,65128,116420,15.06595589375349,0,2.0,0,2,42,37.75
0,1,1,62288,8612,15.064113801832685,0,2.0,0,0,0,0.0
1,1,1,24741,622,15.063410769916445,0,1.0,0,0,0,0.0
1,1,1,9960,3303,15.060824324812886,0,1.0,0,0,0,0.0
1,2,2,14329,2383,15.06035198217593,0,12.0,0,0,0,0.0
1,2,2,21705,6268,15.05927274928116,0,11.0,0,0,4,306.29411764705884
1,1,1,31492,1928,15.055311643240143,0,1.0,0,0,0,0.0
1,1,1,39327,3835,15.054889938167516,0,1.0,0,0,0,0.0
0,1,1,1937,1,15.054531926151393,0,1.0,0,0,0,0.0
0,1,1,25379,24,15.054516525740716,0,5.0,0,0,50,125.25925925925924
1,1,1,96000,445,15.052742309704009,0,9.0,0,0,0,0.0
1,1,1,1550370,1429127,15.051381559837097,1,4.0,0,0,0,0.0
0,1,1,121331,3513,15.05085382642264,0,1.0,0,5,44,44.5
1,1,1,11111,6,15.05027022690937,0,6.0,0,0,0,0.0
1,1,1,14373,168,15.050081682786876,0,1.0,0,0,0,0.0
0,2,2,135548,148,15.04616132762679,0,16.0,0,1,1,118.5
1,1,1,9230,1119,15.045891471870965,0,1.0,0,0,0,0.0
0,1,1,49750,1300,15.033864511645852,0,1.0,0,0,0,0.0
1,1,1,121607,15674,15.031943611450654,0,2.0,0,3,13,87.05263157894737
1,1,1,10839,831,15.031472156080156,0,1.0,0,1,0,41.0
0,1,1,151294,9172,15.030541096684004,0,8.0,0,0,0,0.0
0,1,1,5005,3490,15.030284835117852,0,1.0,0,0,0,0.0
0,1,1,58036,1465,15.021174414807057,0,1.0,0,0,5,65.25
1,2,2,12388,407,15.02001482092159,0,11.0,0,0,0,0.0
0,1,1,11182,5361,15.019963264402715,0,2.0,0,0,0,0.0
1,1,1,91048,1832,15.019876248913578,0,1.0,0,0,0,0.0
1,1,1,9639,1,15.01793446626851,0,2.0,0,0,0,0.0
0,2,2,128607,1714,15.017189732828705,0,11.0,0,0,0,0.0
1,1,1,9197,3466,15.01587458212016,0,1.0,0,2,0,247.5
1,1,1,1591,122,15.013368688135824,0,1.0,0,0,0,0.0
1,1,1,12983,4,15.01251916218962,0,1.0,0,0,0,80.0
0,1,1,179811,9004,15.011842177881562,0,1.0,0,0,0,0.0
0,1,1,200002,5030,15.00648052173534,0,1.0,0,0,43,75.0
0,1,1,2466,1,14.994042915580245,0,1.0,0,0,0,0.0
1,1,1,15602,1564,14.99247232719583,0,1.0,0,0,0,0.0
1,2,2,15356,579,14.989688845562249,0,11.0,0,0,0,0.0
1,1,1,27612,8971,14.986678984229318,0,2.0,0,0,0,0.0
1,1,1,3770,47,14.986623339947116,0,1.0,0,1,0,49.0
1,1,1,1007,118,14.982808189238572,0,1.0,0,0,0,0.0
1,1,1,10105,181,14.98272630721966,0,1.0,0,0,0,0.0
0,1,1,5458,127,14.97580993842102,0,2.0,0,0,0,0.0
0,1,1,10927,3674,14.972000428192104,0,1.0,0,0,0,0.0
1,1,1,2068,20849,14.970161314951554,0,1.0,0,0,0,0.0
1,1,1,5564,839,14.969185670415849,0,2.0,0,0,0,0.0
1,1,1,61922,3602,14.967404007678503,1,2.0,0,0,0,0.0
1,1,1,43626,7003,14.964153253502014,0,2.0,0,1,0,365.0
1,1,1,38904,4552,14.961921112908303,0,1.0,0,0,0,0.0
0,1,1,375113,151419,14.960088210532966,1,1.0,0,1,40,24.333333333333332
1,1,1,5760,1664,14.959603129284709,0,1.0,0,0,0,0.0
1,1,1,26378,3860,14.958438116736229,0,1.0,0,0,0,0.0
0,1,1,14171,1609,14.956574476915709,0,1.0,0,0,0,0.0
1,1,1,8892,1,14.953430923540292,0,1.0,0,0,0,0.0
1,1,1,2572,694,14.953352558899129,0,1.0,0,0,0,0.0
1,1,1,103649,2380,14.952976041039722,0,6.0,0,0,0,0.0
1,1,1,6006,719,14.950043593705324,0,1.0,0,0,0,0.0
1,1,1,81838,608,14.949156010365654,0,1.0,0,0,0,0.0
0,1,1,12934,1110,14.947205671936876,0,4.0,0,0,0,0.0
1,1,1,64,1,14.943378004433644,0,1.0,0,0,0,0.0
1,1,1,7022,100,14.93839169368758,0,1.0,0,0,0,0.0
1,1,1,313932,6422,14.935302675511291,0,6.0,0,0,0,0.0
1,1,1,82,17,14.93437047534398,0,1.0,0,0,0,0.0
0,1,1,2439,442,14.933849111235174,0,1.0,0,0,0,0.0
0,1,1,8761,94,14.932477619106496,0,5.0,0,0,0,0.0
0,1,1,7121,337,14.931818475191877,0,1.0,0,0,0,0.0
0,1,1,47901,3762,14.92938555887378,0,1.0,0,0,0,0.0
1,1,1,164871,7522,14.925229887973584,0,2.0,0,0,0,0.0
0,1,1,5735,4010,14.921011252842902,0,1.0,0,4,27,74.5
0,1,1,26821,2797,14.92041954117915,1,2.0,0,0,0,0.0
1,1,1,6818,1195,14.917892067607015,0,1.0,0,0,0,0.0
1,1,1,35301,1323,14.916483183534716,0,5.0,0,0,0,0.0
1,1,1,6918,659,14.916012932311556,0,3.0,0,0,0,0.0
0,1,1,43987,5105,14.915771469082411,0,1.0,0,0,0,0.0
1,1,1,8647,5546,14.911763654799955,0,1.0,0,0,0,0.0
0,1,1,68543,1303,14.902704315686718,0,2.0,0,0,17,47.857142857142854
1,1,1,8979,9863,14.901489299335664,0,1.0,0,0,0,0.0
0,1,1,88366,5450,14.901454727631858,0,2.0,0,0,11,58.0
1,1,1,76873,4022,14.899316288713816,0,1.0,0,0,0,0.0
1,1,1,342463,11359,14.895485103832838,0,2.0,0,0,0,0.0
0,1,1,6160,1485,14.893777084211573,0,1.0,0,0,0,0.0
1,1,1,74120,12244,14.891063126242653,0,1.0,0,0,0,0.0
0,1,1,6952,3017,14.890450373688592,0,1.0,0,0,0,0.0
0,1,1,7016,271,14.888619245846172,0,1.0,0,0,0,0.0
0,1,1,74284,237,14.887748710697744,0,1.0,0,0,0,0.0
0,1,1,192663,3522,14.88706022361381,0,1.0,0,0,0,0.0
1,1,1,26535,89,14.88299172664319,0,1.0,0,0,0,0.0
1,1,1,11284,25700,14.882453884728722,0,1.0,0,0,0,0.0
1,1,1,32168,343,14.882407176487286,0,1.0,0,0,0,0.0
1,1,1,38118,12901,14.882274435087432,0,1.0,0,0,0,0.0
0,1,1,16170,10864,14.88188698483773,0,1.0,0,0,0,0.0
0,1,1,2212,1440,14.877914819654066,0,2.0,0,0,0,0.0
0,1,1,7412,357,14.876421898772884,0,4.0,0,4,9,28.333333333333332
0,1,1,1170,1,14.87491319722397,0,2.0,0,0,0,0.0
1,1,1,4290,106,14.874761981668922,0,1.0,0,0,23,68.5
1,1,1,59174,6468,14.873453200266026,0,1.0,0,0,0,0.0
1,1,1,55087,39,14.871640863459678,0,3.0,0,0,0,0.0
0,1,1,114858,4033,14.870201590511163,0,2.0,0,0,0,0.0
1,1,1,9983,2808,14.869776368060789,0,1.0,0,0,8,36.75
0,1,1,27202,28,14.867485921385503,0,1.0,0,0,6,351.75
1,1,1,464574,7266,14.866926943516464,1,1.0,0,2,4,47.0
1,1,1,253088,107175,14.866221788498338,0,4.0,0,0,0,0.0
1,1,1,37732,13556,14.866047155446395,0,2.0,0,0,0,0.0
0,1,1,1041,418,14.863413938725223,0,1.0,0,0,0,60.25
1,1,1,16777,276,14.8631110639819,0,1.0,0,0,0,0.0
1,1,1,27084,1584,14.861444333939057,1,1.0,0,0,0,0.0
0,6,3,296777,115826,14.859789581993407,0,60.0,0,0,0,44.0
1,1,1,239250,6966,14.85547071744097,0,2.0,0,0,0,0.0
0,1,1,9427,3,14.854350765353358,0,4.0,0,3,47,85.2046511627907
0,1,1,3036,44,14.850086943009456,0,1.0,0,0,0,0.0
1,1,1,181841,3880,14.844881699264684,1,2.0,0,0,0,0.0
1,1,1,45376,4217,14.844870513369685,0,1.0,0,0,0,0.0
1,1,1,5031,1179,14.843837323266508,0,1.0,0,0,0,0.0
0,1,1,9685,167,14.843097057847084,0,1.0,0,0,0,0.0
0,1,1,44508,10749,14.841913983088547,0,3.0,0,0,0,24.0
1,1,1,3074,382,14.840717345828429,0,1.0,0,0,0,0.0
1,1,1,19692,844,14.839903849238064,0,2.0,0,0,0,0.0
0,1,1,81129,19782,14.839541242449208,0,1.0,0,0,0,0.0
1,1,1,8617,1002,14.839353110271857,0,7.0,0,0,0,0.0
1,1,1,120418,180,14.83835110124709,0,2.0,0,0,0,0.0
1,1,1,27532,1898,14.837859619005094,0,1.0,0,0,0,0.0
0,1,1,98968,1701,14.837374918013891,0,7.0,0,0,0,0.0
0,1,1,11930,4051,14.8367755061448,0,1.0,0,0,0,0.0
1,1,1,19857,2233,14.835730084439728,0,4.0,0,0,0,0.0
1,1,1,2318,429,14.835496194663572,0,1.0,0,0,0,0.0
0,1,1,45627,2551,14.83367796387289,0,2.0,0,0,0,0.0
1,1,1,13309,2340,14.83355735901067,0,1.0,0,0,0,0.0
0,2,2,18380,3610,14.833357692369354,0,15.0,0,0,0,0.0
0,1,1,24494,424,14.831419395413944,0,6.0,0,11,1262,142.75555555555556
1,1,1,21046,254,14.8308825358302,0,1.0,0,1,52,59.65217391304348
0,1,1,199792,4285,14.830365924934569,0,6.0,0,0,0,0.0
1,1,1,324,74,14.829655985015185,0,1.0,0,0,0,0.0
0,1,1,38090,6688,14.829559653228229,0,1.0,0,0,0,0.0
0,1,1,3938,4,14.829256683420638,0,2.0,0,0,0,0.0
1,1,1,2958,147,14.828162271931806,0,6.0,0,0,0,0.0
0,1,1,22567,9902,14.828008901586786,1,1.0,0,0,0,0.0
1,1,1,3054,1371,14.827656339921766,0,1.0,0,0,0,0.0
0,1,1,159162,868,14.827206400762895,1,1.0,0,0,0,0.0
1,1,1,99096,1928,14.827075212079343,0,1.0,0,0,3,47.333333333333336
1,1,1,15322,8415,14.826797085732602,0,1.0,0,0,0,0.0
0,1,1,319891,7,14.826081378581234,0,1.0,0,0,0,0.0
1,4,2,242203,24397,14.82566902149451,1,35.0,0,8,35,273.9512195121951
1,1,1,44568,6155,14.82541285499262,0,1.0,0,0,0,0.0
0,1,1,2997,1,14.825256917912489,0,2.0,0,0,0,0.0
1,1,1,2867,5,14.825222726465736,0,1.0,0,0,0,0.0
0,7,3,45529,3977,14.825186855550331,0,107.0,0,16,15,124.57894736842104
1,1,1,17763,9,14.824231364638475,0,1.0,0,0,0,0.0
1,1,1,68556,20164,14.8241959373563,0,1.0,0,0,0,0.0
1,1,1,836,9,14.824145838489466,0,1.0,0,0,0,0.0
1,1,1,99479,1900,14.823492018173598,0,2.0,0,0,0,0.0
0,1,1,3390,1103,14.823220673077646,0,1.0,0,0,0,0.0
0,1,1,6350,237,14.82312278857439,0,1.0,0,0,0,0.0
1,1,1,25419,4088,14.822811579863968,0,1.0,0,0,0,0.0
0,1,1,18564,1231,14.82219534162025,0,1.0,0,0,0,0.0
0,1,1,41444,18366,14.82138526734337,0,1.0,0,0,0,0.0
1,1,1,4543,1676,14.819945899330596,0,1.0,0,0,0,0.0
0,1,1,3135,878,14.819615836207925,0,1.0,0,0,0,0.0
0,2,2,21375,20711,14.819454638905214,0,19.0,0,0,0,0.0
1,1,1,14479,3441,14.81934436435962,0,1.0,0,0,0,0.0
0,1,1,83940,4221,14.817881071840544,0,1.0,0,0,0,26.0
0,1,1,32476,29702,14.81772282153,0,1.0,0,0,0,0.0
0,1,1,6412,491,14.817488234615912,0,1.0,0,0,0,0.0
1,1,1,1672,788,14.817349947800691,0,3.0,0,1,0,202.0
0,1,1,46028,950,14.816664851342152,0,1.0,0,0,0,0.0
1,1,1,18633,3552,14.815210146294875,0,4.0,0,1,31,560.5
1,1,1,21961,426,14.814516525740714,0,1.0,0,0,0,0.0
0,1,1,28097,3111,14.812302859302202,0,6.0,0,0,0,0.0
1,1,1,129169,1592,14.81217487111552,0,1.0,0,0,0,0.0
0,1,1,17873,1350,14.81204659773605,0,1.0,0,0,0,0.0
1,1,1,20739,37,14.81181289808842,0,1.0,0,0,0,0.0
0,1,1,211722,7527,14.811082487664308,0,2.0,0,0,0,0.0
1,5,3,50422,1258,14.810956432450984,1,40.0,0,8,2516,53.77777777777778
0,1,1,20457,1,14.809418387732752,0,1.0,0,3,46,120.125
0,1,1,5078,1348,14.808656479349354,0,1.0,0,0,0,0.0
1,1,1,241869,10504,14.808609169034249,0,3.0,0,0,0,0.0
0,1,1,657,25,14.808576403551449,0,1.0,0,0,0,0.0
0,1,1,81407,3523,14.808373599789435,0,1.0,0,0,0,0.0
1,1,1,56,41,14.807909812936192,0,1.0,0,0,0,0.0
0,1,1,2276,4,14.804270340986486,0,1.0,0,0,0,0.0
0,4,2,20658,300,14.802545621742944,0,32.0,0,85,54,125.56349206349206
1,1,1,22000,2919,14.802454740307097,0,1.0,0,0,0,0.0
0,1,1,649,1,14.802371273883791,0,2.0,0,0,0,0.0
1,2,2,283181,5669,14.80042911098167,1,10.0,0,0,0,88.0
1,1,1,93906,1712,14.797568912487488,0,1.0,0,0,0,0.0
0,1,1,10694,1329,14.797308436405656,1,1.0,0,0,0,0.0
0,1,1,21358,1293,14.794910408672242,0,4.0,0,4,22,156.91666666666666
1,1,1,19428,1102,14.794619575402283,0,4.0,0,0,0,0.0
0,1,1,137508,15049,14.794132687933022,0,4.0,0,4,48,279.93333333333334
0,1,1,160755,11814,14.79124653689492,0,1.0,0,0,0,0.0
0,1,1,137666,4659,14.790956115570106,0,2.0,0,0,0,30.5
0,1,1,42456,2104,14.79047420313063,0,3.0,0,0,0,0.0
0,1,1,32604,3553,14.78881583874297,0,6.0,0,0,0,0.0
0,1,1,30129,479,14.788592342659618,0,6.0,0,0,0,0.0
0,1,1,11013,5450,14.788069425834513,0,1.0,0,0,0,0.0
0,1,1,1701,724,14.787172209316145,0,2.0,0,0,0,0.0
0,1,1,11236,4823,14.786286907518797,0,1.0,0,1,0,119.0
0,1,1,5958,467,14.784287325801555,0,1.0,0,0,0,0.0
1,1,1,6295,4,14.784022033130377,0,1.0,0,0,0,0.0
0,1,1,2833,1464,14.783863370874691,0,1.0,0,0,0,0.0
0,1,1,3254,72,14.78343082847603,0,2.0,0,0,0,0.0
0,1,1,31529,160,14.783053866983394,0,2.0,0,0,0,0.0
1,1,1,75704,13027,14.782967136687049,0,1.0,0,0,0,0.0
0,1,1,3443,2895,14.782813829718204,0,1.0,0,0,0,0.0
0,1,1,20206,1379,14.781687318196411,0,1.0,0,0,0,0.0
0,1,1,25424,12111,14.780910864980706,0,1.0,0,0,0,0.0
1,1,1,355765,2032,14.779915763959083,0,1.0,0,0,0,0.0
0,1,1,570124,13518,14.778728221180163,1,2.0,0,0,0,0.0
1,1,1,121436,2931,14.778701127865084,1,2.0,0,0,29,60.27272727272727
1,1,1,110613,4172,14.775326219760538,0,1.0,0,0,0,0.0
1,1,1,111427,13468,14.774414585162216,0,2.0,0,0,0,0.0
1,1,1,24219,2807,14.77346213630679,0,1.0,0,0,0,0.0
1,1,1,35089,1671,14.772978512710573,0,1.0,0,0,0,0.0
1,1,1,28478,2594,14.772875272920476,0,1.0,0,0,0,0.0
1,1,1,38556,923,14.770903735160948,0,1.0,0,0,0,0.0
1,1,1,59405,886,14.769522895046364,0,1.0,0,0,0,0.0
1,4,2,60029,1,14.769004034296495,0,38.0,0,62,52,64.71910112359551
1,1,1,16492,1577,14.768494109587394,0,3.0,0,0,0,0.0
1,1,1,4783,2075,14.768335890964938,0,1.0,0,0,0,0.0
0,1,1,4009,920,14.76695495578609,0,2.0,0,0,0,0.0
1,1,1,27134,3634,14.765426290741855,1,1.0,0,0,0,0.0
1,2,2,38705,6556,14.76491855251081,0,14.0,0,0,0,9.0
1,2,2,193204,243718,14.764858471896314,0,13.0,0,2,676,87.5625
1,1,1,16030,67,14.76446249755099,0,2.0,0,0,0,0.0
1,1,1,71338,8697,14.764083793213526,0,1.0,0,0,0,0.0
1,1,1,679,46,14.763950734932797,0,1.0,0,0,0,0.0
1,2,2,176203,45212,14.762727701495525,0,19.0,0,0,0,12.0
0,1,1,377323,9742,14.76193033414186,0,2.0,0,0,0,264.0
0,1,1,3327,94575,14.760515334268613,0,1.0,0,0,0,0.0
1,1,1,34228,3101,14.758587114125127,0,1.0,0,0,0,0.0
0,1,1,64133,7673,14.758380444416405,1,1.0,0,0,0,0.0
1,1,1,3286,288,14.757467764111183,0,1.0,0,0,0,0.0
1,1,1,2689,1,14.75710170332076,0,9.0,0,0,0,0.0
0,1,1,10192,337,14.756647898215173,0,2.0,0,0,0,0.0
0,1,1,382134,4020,14.756390876134914,0,2.0,0,1,0,271.0
0,1,1,2807,43,14.756254870862016,0,1.0,0,0,0,0.0
0,1,1,52110,2905,14.755147213752476,0,4.0,0,0,35,54.5
0,1,1,15744,5515,14.75164691588445,0,1.0,0,0,0,0.0
1,1,1,28847,1412,14.751628631857782,0,1.0,0,0,0,0.0
1,1,1,93,1,14.75040765814622,0,1.0,0,0,0,0.0
1,1,1,4218,62,14.750359999262148,0,1.0,0,0,0,0.0
1,1,1,22395,1956,14.748899526982887,0,1.0,0,0,0,0.0
0,1,1,11963,830,14.748455957129666,0,1.0,0,0,0,0.0
0,1,1,256311,397094,14.74844486629893,1,1.0,0,0,0,0.0
1,1,1,47290,16813,14.746477321238473,0,1.0,0,1,2,57.5
0,1,1,110364,2097,14.744033884475218,1,2.0,0,1,34,64.68
0,1,1,5519,272,14.742992994166704,0,8.0,0,0,1,58.125
1,1,1,44932,2436,14.740080130070574,0,1.0,0,0,0,0.0
1,1,1,209955,742,14.739899666410471,0,7.0,0,5,22,124.15555555555557
0,1,1,146562,38828,14.73770862526666,0,1.0,0,0,0,0.0
0,2,2,93174,4648,14.737601519529848,0,11.0,0,0,0,0.0
0,1,1,173384,7941,14.73690365277192,0,1.0,0,0,10,20.5
0,1,1,10560,29700,14.735438712472275,0,1.0,0,0,0,0.0
1,1,1,54754,2125,14.734021272616268,0,2.0,0,0,0,0.0
0,1,1,7301,450,14.73282156161163,1,6.0,0,0,0,0.0
1,1,1,11270,78,14.7324276786801,0,1.0,0,0,0,0.0
0,1,1,624,7,14.73235666567531,0,1.0,0,0,0,0.0
0,1,1,50832,1,14.731987943085503,0,5.0,0,0,0,0.0
1,1,1,81422,20999,14.729969253451312,0,1.0,0,0,0,0.0
1,1,1,4324,62,14.729523433743855,0,1.0,0,0,0,0.0
0,1,1,13365,3211,14.728334306560548,0,3.0,0,0,0,0.0
0,1,1,21144,483,14.72822222579395,0,1.0,0,0,0,0.0
0,1,1,9744,16347,14.72585110124709,0,1.0,0,0,0,0.0
0,1,1,82034,9072,14.723712725705225,0,1.0,0,3,44,301.7142857142857
0,1,1,64617,19,14.7218813443581,0,1.0,0,0,8,18.75
1,1,1,5040,152,14.72148689104099,0,1.0,0,0,0,0.0
1,1,1,68838,70,14.719944124797676,0,5.0,0,0,0,0.0
1,1,1,20136,25224,14.718523135875833,0,3.0,0,0,0,0.0
1,1,1,6238,153,14.716238107863562,0,2.0,0,0,0,0.0
0,1,1,51858,1606,14.716175999211446,0,3.0,0,0,0,0.0
1,3,2,62545,20507,14.712785944200926,0,20.0,0,0,0,0.0
1,1,1,3574,261,14.71237986135559,0,1.0,0,0,0,0.0
1,1,1,67687,2659,14.710655047047783,0,2.0,0,0,0,0.0
0,1,1,62800,45942,14.710269181202472,0,2.0,0,0,0,0.0
1,1,1,36209,3043,14.707137827740866,1,1.0,0,0,0,0.0
0,1,1,9633,9145,14.706050546071792,0,2.0,0,0,0,0.0
0,1,1,7517,1133,14.702034936519734,0,1.0,0,0,0,0.0
1,1,1,101865,3603,14.701931158032142,0,1.0,0,0,0,0.0
0,1,1,85567,697,14.70166735470109,0,1.0,0,0,0,0.0
0,1,1,353116,30121,14.7001773174359,0,5.0,0,6,35,110.0
1,1,1,317565,3238,14.696768883334448,0,2.0,0,0,0,0.0
0,1,1,4949,1,14.69607839990098,0,1.0,0,0,0,0.0
1,1,1,24112,1222,14.69528762366958,0,2.0,0,0,0,0.0
0,1,1,93012,2833,14.69528676809121,0,2.0,0,0,0,0.0
1,1,1,5013,3015,14.69521458262717,0,1.0,0,0,0,0.0
0,1,1,20026,360,14.694462117293938,0,1.0,0,0,0,0.0
1,2,2,51965,13,14.6941330048139,0,11.0,0,0,0,0.0
1,1,1,154859,4905,14.69271097018516,0,1.0,0,0,0,0.0
0,5,3,130152,2298,14.69072206735351,1,45.0,0,4,29,245.83333333333337
0,1,1,4621,1617,14.690079876565871,0,2.0,0,0,0,0.0
0,1,1,30516,939,14.688509668438511,0,2.0,0,0,0,0.0
1,1,1,163698,63459,14.688407284226784,0,1.0,0,0,0,0.0
1,1,1,12551,20213,14.688364125051182,0,2.0,0,0,0,0.0
1,1,1,122381,983,14.688095536818867,0,1.0,0,0,0,0.0
1,1,1,47395,564,14.687231149159478,0,1.0,0,0,0,0.0
0,1,1,71584,492,14.686018984736329,0,1.0,0,0,0,199.0
1,2,2,126448,35288,14.683376546781604,1,17.0,0,11,50,95.05
0,1,1,78237,15659,14.681035620982431,0,1.0,0,0,0,0.0
1,1,1,17675,740,14.68017560627916,0,4.0,0,0,0,0.0
1,1,1,32569,4305,14.679499002228152,0,1.0,0,0,0,0.0
1,1,1,9284,3864,14.67924651154445,0,1.0,0,1,6,156.0
0,1,1,309299,7176,14.677385153266254,0,1.0,0,0,0,0.0
0,1,1,25344,455,14.67218691258889,0,1.0,0,0,0,0.0
0,1,1,49714,612,14.671988481782998,0,2.0,0,0,0,0.0
1,1,1,48650,798,14.66994593101868,0,1.0,0,0,0,0.0
0,1,1,26299,167,14.668803924021953,0,1.0,0,0,1,220.86363636363637
0,1,1,24609,2439,14.66803133675296,0,1.0,0,0,0,0.0
1,1,1,11107,505,14.66790113040013,1,4.0,0,0,0,0.0
1,1,1,7777,300,14.666186076023372,0,1.0,0,0,0,0.0
1,1,1,31268,96,14.664197014751284,1,4.0,0,6,34,74.44444444444444
1,1,1,6415,3647,14.664155313227722,0,1.0,0,0,0,0.0
0,1,1,1677,3358,14.663518762919711,0,1.0,0,0,0,0.0
0,1,1,4560,297,14.66163867698162,0,1.0,0,0,0,0.0
0,1,1,17188,327,14.660993570889902,0,3.0,0,0,0,0.0
0,1,1,2084,37,14.657473151086114,0,1.0,0,0,0,0.0
0,1,1,39398,2352,14.655118821225797,0,1.0,0,0,0,0.0
0,1,1,26434,375,14.65361953103896,0,1.0,0,0,0,0.0
1,1,1,14539,574,14.65236620378974,0,2.0,0,0,0,0.0
1,1,1,177114,15064,14.651480268230635,0,2.0,0,0,0,0.0
1,1,1,40834,3059,14.65028794055046,1,2.0,0,1,35,185.25
1,1,1,4984,1300,14.649618149438334,0,2.0,0,0,0,0.0
1,1,1,1920,2288,14.648998298752604,0,1.0,0,0,0,0.0
1,1,1,13673,5665,14.648245611602755,0,2.0,0,0,0,0.0
1,1,1,72725,8561,14.64777022690937,0,2.0,0,2,19,419.5
0,1,1,95852,25279,14.646711369455064,0,2.0,0,0,0,0.0
1,2,2,24396,461,14.646699518110225,0,11.0,0,0,0,0.0
0,1,1,14956,142,14.644305166194997,0,1.0,0,0,0,0.0
1,1,1,9383,810,14.64402108248774,0,1.0,0,0,0,0.0
0,1,1,36340,2108,14.64365882426785,0,1.0,0,0,0,0.0
0,1,1,9441,1733,14.641953498134052,0,2.0,0,5,52,152.28571428571428
0,1,1,26440,809,14.641905363928664,0,2.0,0,0,0,0.0
0,1,1,8644,124,14.641162595150302,0,1.0,0,0,0,0.0
0,1,1,5803,427,14.638862039975002,0,1.0,0,0,0,208.0
0,1,1,5540,1104,14.638737315661366,0,1.0,0,0,0,0.0
0,1,1,40442,5891,14.637788162367071,0,1.0,0,0,0,0.0
1,7,3,255769,1249,14.634056446393744,0,105.0,0,0,0,0.0
0,1,1,20543,1092,14.63397643397201,0,1.0,0,0,0,0.0
1,1,1,3714,529,14.633800628460818,0,1.0,0,0,0,0.0
0,1,1,12150,92,14.633017267241968,0,1.0,0,0,0,0.0
0,1,1,67669,5710,14.632630545818284,0,1.0,0,0,0,50.0
1,1,1,6334,1574,14.63243870613466,0,2.0,0,0,0,0.0
1,1,1,37218,11667,14.631023706261413,0,1.0,0,0,0,0.0
0,1,1,33739,7578,14.630554564121326,0,1.0,0,0,0,0.0
0,1,1,23114,6574,14.630368681798208,0,1.0,0,0,3,69.0
1,1,1,16101,4220,14.628688927951275,0,1.0,0,0,0,0.0
1,1,1,944,21,14.627465767761652,0,2.0,0,0,0,0.0
0,1,1,55662,358,14.626262729507792,0,1.0,0,0,0,0.0
1,1,1,21836,5138,14.62590877356691,0,1.0,0,0,0,0.0
0,1,1,2784,66,14.625883328032396,0,1.0,0,0,0,0.0
1,1,1,14836,3273,14.625830123732957,0,2.0,0,0,0,0.0
0,1,1,3944,607,14.625692755872285,0,1.0,0,0,0,0.0
0,1,1,90383,253,14.623837798587823,0,2.0,0,1,24,49.125
0,1,1,36030,20845,14.622118593071562,0,1.0,0,0,0,0.0
0,1,1,58955,208,14.618755029302454,0,1.0,0,0,2,64.0
1,1,1,9782,732,14.618088660503814,0,2.0,0,0,0,0.0
1,1,1,35971,1784,14.616901086036806,0,1.0,0,0,0,0.0
1,1,1,34471,1198,14.616836030392523,0,3.0,0,2,5,58.0
1,3,2,68068,11880,14.614600530861509,0,28.0,0,0,0,0.0
0,1,1,11637,2729,14.61377119022724,0,2.0,0,0,0,0.0
1,1,1,54440,128,14.61338025428788,0,1.0,0,0,0,0.0
0,1,1,18442,17350,14.612124043422666,0,2.0,0,0,0,0.0
1,1,1,3686,1997,14.611811440436382,0,1.0,0,0,0,0.0
0,1,1,13503,624,14.611042085352343,0,2.0,0,0,0,0.0
0,1,1,47194,369,14.610194365627144,0,3.0,0,0,0,0.0
0,1,1,18496,2745,14.608834471338604,0,4.0,0,0,0,0.0
1,1,1,11560,660,14.608640381800743,0,1.0,0,0,0,0.0
0,1,1,22701,977,14.608173647955333,0,1.0,0,0,0,0.0
0,1,1,320640,39779,14.607717561307425,0,8.0,0,1,0,130.0
1,1,1,20313,3999,14.606632339364056,0,2.0,0,1,0,57.0
0,1,1,217078,10998,14.606424370443731,0,1.0,0,0,0,0.0
0,1,1,10079,1,14.605977314900851,0,1.0,0,0,0,0.0
1,1,1,1324,1,14.605618225489744,0,1.0,0,0,0,0.0
0,1,1,16054,2778,14.60559826199442,0,2.0,0,0,0,0.0
0,1,1,1705,1,14.604974260169188,0,1.0,0,0,0,0.0
0,1,1,23116,26460,14.60484547978031,0,2.0,0,0,10,60.0
0,1,1,19284,1212,14.604191659464444,0,1.0,0,0,0,0.0
0,1,1,5356,1249,14.604037655357669,0,1.0,0,0,0,0.0
1,1,1,8369,605,14.603778541863614,0,1.0,0,0,0,0.0
0,1,1,318,300,14.603652328209847,0,1.0,0,0,0,0.0
1,1,1,19250,220,14.603432349504244,0,1.0,0,0,0,0.0
1,1,1,40007,7721,14.602706058531547,0,1.0,0,0,0,0.0
1,1,1,57119,1859,14.60111940428661,0,1.0,0,0,0,0.0
0,1,1,7454,3391,14.600614422919206,0,1.0,0,0,0,0.0
0,1,1,18932,1623,14.600463207364156,0,2.0,0,0,0,0.0
0,1,1,4753,873,14.599642676018302,0,1.0,0,0,0,0.0
1,1,1,62418,289026,14.595728088090196,0,7.0,0,0,0,0.0
0,1,1,60575,664,14.595393049937735,0,5.0,0,0,0,0.0
1,1,1,2612,27,14.59205455144609,0,1.0,0,0,0,0.0
1,1,1,16063,6307,14.589626388341165,1,1.0,0,0,0,0.0
0,1,1,15459,7915,14.587381350695717,0,1.0,0,0,0,0.0
1,1,1,9018,64,14.58694874492088,0,3.0,0,0,0,0.0
0,1,1,51379,3022,14.584035373815343,0,2.0,0,0,0,0.0
0,1,1,470412,18648,14.582878726922043,1,1.0,0,0,0,0.0
0,1,1,14500,416,14.58167505490643,0,1.0,0,0,0,0.0
0,1,1,67209,1632,14.575558683572742,0,6.0,0,2,48,40.07407407407408
1,1,1,32432,588,14.575105955862142,0,1.0,0,0,0,0.0
1,1,1,18856,941,14.574795444289652,0,2.0,0,0,0,0.0
1,1,1,48500,406,14.57253525973823,0,7.0,0,0,0,0.0
1,1,1,2460,563,14.57217182905909,0,1.0,0,0,0,0.0
1,1,1,23518,1707,14.572086651479044,0,2.0,0,0,0,0.0
0,1,1,46353,4062,14.57126494767394,0,1.0,0,0,0,0.0
1,1,1,89725,167,14.570501233069535,0,1.0,0,0,0,0.0
1,1,1,39612,17,14.57029630620564,0,1.0,0,0,0,0.0
1,1,1,35412,2800,14.56948208078926,0,1.0,0,0,0,0.0
1,1,1,3205,459,14.568081784188758,0,1.0,0,0,0,0.0
0,1,1,53591,416,14.565068342101908,0,1.0,0,0,0,0.0
0,1,1,69564,74613,14.564721230787992,0,7.0,0,0,0,0.0
1,1,1,65916,6234,14.56281341777306,0,2.0,0,0,0,0.0
1,1,1,5046,615,14.561838914008517,0,1.0,0,0,0,0.0
0,1,1,8815,78,14.5603892473672,0,4.0,0,2,0,109.5
1,1,1,1899,1704,14.558804177526657,0,1.0,0,1,0,120.6
0,1,1,10343,704,14.557068937837958,0,1.0,0,0,0,0.0
0,1,1,2511,657,14.556627110829568,0,1.0,0,0,0,0.0
0,1,1,18368,165,14.55568743227353,0,1.0,0,0,0,0.0
1,1,1,18160,11890,14.547975375589878,0,7.0,0,0,0,227.0
0,1,1,46073,4470,14.544823678375897,0,2.0,0,0,0,0.0
1,1,1,24544,26919,14.544109143683777,0,1.0,0,0,0,0.0
1,1,1,856,1,14.543672355081348,0,1.0,0,0,0,0.0
0,1,1,15974,15,14.542904996346843,0,5.0,0,0,0,0.0
1,1,1,11656,14574,14.54279617945329,0,1.0,0,0,0,0.0
0,1,1,6778,35,14.540529910789006,0,1.0,0,0,0,0.0
0,1,1,263,289,14.540511056376758,0,1.0,0,0,0,0.0
1,1,1,852,1121,14.539882808347755,0,9.0,0,8,50,67.3
1,1,1,22343,5,14.539805140844525,0,1.0,0,0,0,0.0
1,1,1,31061,2669,14.53955195302289,0,1.0,0,0,0,0.0
1,1,1,2320,1016,14.538622414654952,0,1.0,0,0,0,0.0
1,1,1,36477,417,14.538138379113594,0,3.0,0,2,15,201.5
0,1,1,133668,17826,14.537312714297512,0,2.0,0,1,44,140.66666666666666
1,1,1,33120,836,14.535215786774506,0,1.0,0,0,0,0.0
0,1,1,160897,16428,14.532283085935406,0,1.0,0,0,0,0.0
0,1,1,97028,3624,14.531610157702586,0,1.0,0,0,1,84.5
1,1,1,643018,10648,14.529387301718607,1,1.0,0,0,0,0.0
1,1,1,960,28,14.529295976649529,0,1.0,0,0,0,0.0
0,1,1,168389,6588,14.528639304405758,1,1.0,0,0,0,66.0
1,1,1,18281,46,14.527745700329405,0,2.0,0,0,0,0.0
0,1,1,3954,1,14.526978373282986,0,1.0,0,0,0,0.0
0,1,1,14470,1,14.52434667759003,0,2.0,0,0,0,0.0
0,1,1,8033,5236,14.523521931728494,0,1.0,0,0,0,0.0
1,2,2,18361,1069,14.52320917030177,0,10.0,0,0,0,0.0
1,1,1,11300,954,14.522322189035767,0,1.0,0,0,0,0.0
0,1,1,118561,1473,14.52155647808183,0,1.0,0,2,6,17.333333333333332
0,3,2,5668,97,14.521355955862145,0,29.0,0,0,0,0.0
0,1,1,587,15,14.521340808956168,0,1.0,0,0,0,0.0
0,1,1,7085,2463,14.520512102083655,0,1.0,0,0,0,0.0
1,1,1,115511,7,14.520080225134835,0,1.0,0,1,5,155.92857142857142
0,1,1,102485,7262,14.520055223233552,0,5.0,0,9,32,130.57142857142858
0,1,1,97928,3081,14.51923012880305,0,4.0,0,0,0,0.0
0,1,1,53741,3178,14.51826731794291,0,2.0,0,0,0,150.25
0,1,1,41025,521,14.518180841151263,0,1.0,0,1,42,249.57142857142856
1,1,1,37273,667,14.518086569090018,0,1.0,0,0,0,0.0
1,1,1,9566,473,14.517783630970516,0,1.0,0,0,0,0.0
0,1,1,54693,3148,14.514659439016755,0,1.0,0,0,0,0.0
0,2,2,50432,5746,14.514603731358378,0,14.0,0,0,0,0.0
0,1,1,82330,8756,14.513072214386238,0,1.0,0,0,0,0.0
1,1,1,138973,3233,14.511975648107434,1,1.0,0,0,0,0.0
1,1,1,125673,5239,14.511786723727887,1,1.0,0,0,0,0.0
0,1,1,675242,17070,14.51172331586417,0,2.0,0,0,0,0.0
0,1,1,45363,1179,14.511530937483052,0,1.0,0,0,0,0.0
1,1,1,324352,1940,14.509735870684562,0,1.0,0,0,0,0.0
1,1,1,91398,1437,14.507930378505185,0,5.0,0,2,30,33.2
0,1,1,136712,9611,14.507590238570586,0,2.0,0,0,0,0.0
1,1,1,9780,44,14.507205355055998,0,1.0,0,0,17,111.0
1,1,1,8528,1209,14.506440309551904,0,1.0,0,0,0,52.333333333333336
0,1,1,120318,1020,14.501680188376657,0,8.0,0,0,0,0.0
1,1,1,16317,1,14.500587678173092,0,1.0,0,0,0,0.0
1,1,1,45504,4182,14.500194650819934,0,2.0,0,0,0,0.0
1,1,1,143670,9173,14.499688592057543,0,3.0,0,0,0,0.0
0,2,2,84725,3725,14.499594763629526,0,10.0,0,0,0,0.0
1,1,1,9607,37,14.499143715387582,0,1.0,0,0,0,0.0
1,1,1,37124,37697,14.496196881661316,0,4.0,0,0,0,0.0
1,1,1,19812,752,14.495957034524652,0,1.0,0,0,0,0.0
1,1,1,62919,298,14.494932431893274,0,3.0,0,0,0,0.0
1,1,1,25172,5864,14.49397789162405,0,1.0,0,0,0,0.0
0,1,1,475,23,14.493777401092451,0,1.0,0,0,0,0.0
1,1,1,95203,1331,14.493703155902704,0,3.0,0,0,0,0.0
1,1,1,15251,1216,14.4934883740435,0,8.0,0,0,0,0.0
0,1,1,4834,30,14.493159515068166,0,2.0,0,0,0,0.0
0,1,1,14532,33746,14.49281414659908,0,1.0,0,0,0,0.0
1,1,1,770,202,14.492697407683574,0,1.0,0,0,0,0.0
0,1,1,3614,177,14.49167372400674,0,1.0,0,0,0,0.0
0,1,1,30355,401,14.49097243493533,0,1.0,0,0,0,0.0
0,1,1,376225,51964,14.490710120944405,0,3.0,0,0,0,0.0
1,1,1,8326,108,14.489555343648286,0,1.0,0,0,0,0.0
1,1,1,204755,3105,14.489123466699468,1,9.0,0,4,12,75.14285714285714
1,1,1,197741,508,14.488896960247772,0,2.0,0,0,0,0.0
1,1,1,13291,4282,14.488407854612364,0,1.0,0,1,0,117.0
0,1,1,2484,124,14.488177767406746,0,1.0,0,0,0,0.0
0,1,1,6466,1780,14.487412531774126,0,1.0,0,0,0,0.0
0,1,1,301522,7930826,14.485881616875654,1,1.0,0,0,0,0.0
0,1,1,6364,16,14.48515168177286,0,1.0,0,0,0,0.0
0,1,1,4088,383,14.484267520746672,0,1.0,0,0,0,0.0
1,1,1,62588,3117,14.482931646028694,0,1.0,0,0,0,0.0
0,1,1,28934,8332,14.482827518972138,0,1.0,0,0,0,0.0
1,1,1,22546,49,14.4790157272009,0,7.0,0,4,19,164.94594594594594
1,1,1,13351,19449,14.478968290133444,0,1.0,0,0,0,0.0
0,1,1,152163,17971,14.472384424440234,0,4.0,0,0,0,0.0
0,1,1,8501,8517,14.472253330820948,0,1.0,0,0,0,0.0
1,1,1,8926,47,14.47205470988653,0,1.0,0,0,0,0.0
1,1,1,5939,906,14.46933235457434,1,1.0,0,0,0,0.0
0,1,1,130779,3239,14.469138296724566,0,1.0,0,0,0,0.0
1,1,1,18309,5521,14.466488253628766,0,1.0,0,0,0,0.0
1,1,1,42075,7374,14.465406517375058,0,2.0,0,0,0,130.0
0,1,1,437186,4168,14.46510773039506,0,1.0,0,0,0,0.0
0,1,1,49756,1993,14.464737835346009,0,3.0,0,0,0,0.0
0,1,1,108687,1987,14.464226959994267,0,3.0,0,0,0,0.0
0,1,1,3230,118,14.463929313785432,0,1.0,0,0,0,0.0
0,1,1,50064,1727,14.463516576441654,0,1.0,0,0,0,0.0
0,1,1,91310,23493,14.461347970464011,0,2.0,0,0,0,0.0
1,1,1,277079,282,14.46109608185398,0,1.0,0,0,0,0.0
1,1,1,56040,1004,14.46016064950171,0,1.0,0,0,0,0.0
1,1,1,8402,1143,14.458444644482316,0,1.0,0,0,0,0.0
0,1,1,41628,256,14.455077816840165,0,1.0,0,0,0,0.0
0,1,1,16569,6338,14.455020239584606,0,1.0,0,0,0,0.0
1,1,1,110872,56,14.453647701749029,0,4.0,0,4,1843,152.16666666666666
1,1,1,34672,1726,14.453405636446217,0,1.0,0,0,35,82.66666666666667
0,1,1,1967,1136,14.452787750421932,0,1.0,0,0,0,0.0
0,1,1,4747,1,14.450631883055593,0,1.0,0,0,0,0.0
1,1,1,34589,11834,14.450383828704185,0,2.0,0,0,0,0.0
1,1,1,1952,556,14.446806180213803,0,1.0,0,0,0,0.0
1,1,1,116736,15423,14.444576511290943,0,6.0,0,0,0,0.0
0,1,1,2232,903,14.441696919687022,0,2.0,0,0,0,0.0
0,1,1,28176,22060,14.440407309577251,0,1.0,0,0,0,22.0
1,1,1,36619,9879,14.439271418381471,0,2.0,0,0,34,34.708333333333336
0,1,1,83895,7282,14.437342722916672,0,1.0,0,0,0,0.0
0,1,1,122526,1448,14.435867737493192,0,2.0,0,0,0,31.0
1,1,1,43162,6082,14.435411397340582,0,4.0,0,0,0,0.0
1,1,1,31667,2012,14.435393240066263,0,1.0,0,0,0,0.0
1,1,1,35970,1131,14.433593103173726,0,2.0,0,4,35,33.904761904761905
1,1,1,848,376,14.433515879303725,0,2.0,0,0,0,0.0
0,1,1,107732,2862,14.433116767837705,0,2.0,0,0,0,0.0
0,1,1,2617,1,14.432790063652345,0,1.0,0,0,0,0.0
0,1,1,5366,1120,14.429826181734832,0,1.0,0,0,0,0.0
0,1,1,81948,7292,14.428768908684916,0,2.0,0,0,0,0.0
0,1,1,5157,841,14.428501366159503,0,1.0,0,0,0,0.0
1,1,1,94951,3539,14.428150388898874,0,1.0,0,0,0,0.0
0,1,1,8125,1919,14.427263059063907,0,1.0,0,0,0,0.0
1,1,1,1923,1656,14.425510517679264,0,1.0,0,0,0,0.0
0,1,1,5981,262,14.424832202471515,0,1.0,0,0,0,0.0
0,1,1,3435,407,14.42459140469222,0,1.0,0,0,0,0.0
0,1,1,67355,16110,14.424549164471165,0,1.0,0,0,0,0.0
1,1,1,18281,134,14.423365455950869,0,2.0,0,0,0,0.0
0,1,1,11584,1053,14.423355379138943,1,2.0,0,0,0,0.0
0,1,1,124980,9493,14.423005732778003,1,2.0,0,0,0,0.0
0,1,1,582,49,14.422581967979667,0,1.0,0,0,0,0.0
1,1,1,95160,14390,14.421890090270336,0,1.0,0,1,37,37.75
1,1,1,90016,5420,14.420421030519275,0,1.0,0,0,0,0.0
0,1,1,45322,315,14.420313956470554,0,2.0,0,0,0,0.0
0,1,1,90375,24,14.420046667449842,0,1.0,0,0,0,0.0
0,1,1,2587,1415,14.419731687856972,0,1.0,0,0,0,0.0
1,1,1,204853,95097,14.419214950208987,0,2.0,0,0,0,0.0
1,1,1,1652,1498,14.4175158349404,0,3.0,0,0,0,66.0
1,1,1,5256,788,14.417056484419447,0,1.0,0,1,0,105.0
1,1,1,62328,40177,14.41685799023738,0,2.0,0,0,0,0.0
1,1,1,12326,1354,14.416588261233906,0,3.0,0,0,0,0.0
0,1,1,62969,907,14.415166923743095,0,1.0,0,0,0,0.0
0,1,1,636,16,14.414478373282986,0,1.0,0,0,0,0.0
0,1,1,42786,207,14.414371362610437,0,2.0,0,6,1,41.5
0,1,1,28498,2258,14.413965755086418,0,1.0,0,0,0,0.0
1,1,1,15129,3939,14.41354344794012,0,2.0,0,0,0,0.0
1,1,1,99894,4134,14.411003711078,0,2.0,0,0,0,10.0
1,3,2,38335,2535,14.409490097875477,0,24.0,0,0,0,0.0
0,1,1,34631,3462,14.407791331175854,0,2.0,0,0,0,0.0
1,1,1,7233,3928,14.407175790070069,0,2.0,0,0,0,0.0
0,1,1,27657,2092,14.405822613656143,0,2.0,0,0,0,0.0
0,1,1,4175,3963,14.40573046469678,0,1.0,0,0,0,0.0
1,1,1,9031,5826,14.405152283846526,0,1.0,0,0,0,0.0
0,1,1,2813,8083,14.404968334496768,0,1.0,0,0,0,0.0
0,1,1,37159,6511,14.404335586759297,0,1.0,0,0,0,0.0
1,1,1,438530,50485,14.403882700608255,1,1.0,0,0,8,102.9375
0,7,3,147537,1555,14.40238882908444,0,271.0,0,136,53,68.28571428571429
0,1,1,15037,2438,14.40158895837184,0,1.0,0,0,0,0.0
0,1,1,43394,2406,14.398480610461986,0,1.0,0,0,0,0.0
0,1,1,1617,137,14.396489172583312,0,1.0,0,0,0,0.0
1,1,1,1967,1053,14.395508743146346,0,1.0,0,3,15,244.0
1,1,1,12940,226,14.394589598471214,0,2.0,0,0,0,0.0
1,1,1,64514,8553,14.394568589268992,0,1.0,0,0,0,0.0
0,1,1,121590,2189,14.394199771614923,0,1.0,0,0,0,0.0
0,1,1,33367,3245,14.392475591068877,0,1.0,0,1,27,50.45454545454545
0,1,1,8093,771,14.39223244837108,0,1.0,0,0,0,0.0
0,1,1,24194,247,14.389770220571751,0,2.0,0,0,0,56.0
1,1,1,8622,211,14.389119505688493,0,1.0,0,0,0,0.0
1,1,1,49036,3756,14.388246498869217,0,2.0,0,1,0,184.0
1,2,2,3710,98,14.384292364207518,0,11.0,0,0,0,0.0
0,1,1,21304,16288,14.384094028465888,0,1.0,0,0,0,0.0
0,1,1,23984,16234,14.384078311174331,1,1.0,0,0,0,0.0
1,1,1,4878,302,14.38341359015626,0,1.0,0,0,0,0.0
0,1,1,17757,1,14.380634132909826,0,1.0,0,0,0,0.0
1,1,1,207689,9346,14.378720806167616,0,1.0,0,0,0,0.0
1,1,1,89,25,14.377870361266863,0,1.0,0,0,0,0.0
1,1,1,239,3,14.37753728777585,0,1.0,0,0,0,0.0
0,1,1,94928,1136,14.377202027806778,0,1.0,0,2,43,123.0
1,1,1,23968,3041,14.376451495446902,0,1.0,0,0,0,0.0
1,1,1,3140,275,14.37528299720876,0,1.0,0,0,0,47.0
1,1,1,7091,28731,14.375218987271376,0,5.0,0,0,0,0.0
1,1,1,64033,5424,14.37504612875235,0,1.0,0,0,0,0.0
0,1,1,3065,1597,14.374967352166044,0,1.0,0,0,0,0.0
0,1,1,19414,8236,14.373743780031282,0,1.0,0,0,0,0.0
0,1,1,62921,3221,14.373522026792758,0,1.0,0,0,0,0.0
1,1,1,34474,224,14.37259857253768,0,1.0,0,0,0,0.0
0,1,1,48584,1857,14.372370545057771,0,6.0,0,0,0,0.0
1,1,1,182367,9359,14.371523490782415,0,1.0,0,0,0,0.0
1,1,1,784,4093,14.370995598927522,0,1.0,0,0,0,0.0
0,1,1,46506,820,14.370511816890865,0,2.0,0,0,0,0.0
1,1,1,63452,4866,14.370475724158844,0,9.0,0,0,0,0.0
0,1,1,66400,3391,14.369359764770298,0,1.0,0,0,0,0.0
1,1,1,19490,10380,14.367407937001392,0,1.0,0,0,0,0.0
1,1,1,80452,3668,14.367241574540367,0,1.0,0,0,0,0.0
0,1,1,23776,1033,14.366996023547898,0,1.0,0,1,0,219.0
1,1,1,1745,21,14.364387872104189,0,4.0,0,0,0,0.0
1,1,1,14995,1203,14.364379062815775,0,1.0,0,0,0,0.0
0,1,1,10508,77,14.362625760917028,0,1.0,0,0,0,0.0
1,1,1,49334,458,14.36211051260917,0,1.0,0,0,0,0.0
0,1,1,14283,1542,14.36201687430968,0,3.0,0,0,0,0.0
1,1,1,38569,8691,14.361787674370522,0,1.0,0,0,0,0.0
1,2,2,36268,2788,14.361613231447103,0,11.0,0,0,0,0.0
0,1,1,3171,12,14.359739768319365,0,6.0,0,0,0,0.0
1,1,1,197293,1850,14.3588188807994,0,1.0,0,0,0,0.0
0,1,1,27001,3,14.358436659084187,0,2.0,0,0,1,172.33333333333334
1,1,1,35232,9156,14.357787845486197,0,5.0,0,0,0,0.0
0,1,1,27438,2134,14.357742246327833,0,1.0,0,0,0,0.0
1,1,1,1023,4,14.357654090067532,0,3.0,0,0,0,0.0
1,1,1,44246,8922,14.35761745863802,0,8.0,0,1,0,55.0
0,1,1,125,28,14.357405845587596,0,1.0,0,0,0,0.0
0,1,1,170915,1822,14.357269491745733,0,1.0,0,2,12,45.125
1,1,1,11258,1769,14.356935277483558,0,1.0,0,0,0,0.0
1,1,1,3638,714,14.356722523661976,0,3.0,0,1,0,180.0
0,1,1,26566,4,14.35434046672482,0,1.0,0,0,0,0.0
1,1,1,2118,44,14.35420160952402,0,2.0,0,0,0,0.0
0,1,1,16637,721,14.353171049532133,0,2.0,0,0,0,0.0
0,1,1,21378,605,14.352146573653105,0,1.0,0,0,0,0.0
0,1,1,12686,769,14.349300856615052,0,1.0,0,0,0,0.0
1,1,1,1484,31,14.349282857781173,0,1.0,0,0,0,0.0
0,1,1,19773,4988,14.348631065502929,0,2.0,0,0,0,0.0
1,1,1,25480,9862,14.345331068037972,0,3.0,0,0,0,0.0
0,1,1,20967,354,14.345244337741626,0,8.0,0,7,41,40.53846153846154
0,1,1,19966,14950,14.343728538061042,0,5.0,0,0,0,0.0
1,1,1,15842,723,14.343435264808324,0,1.0,0,1,0,23.0
1,1,1,39063,526,14.343261107077698,0,2.0,0,0,0,0.0
1,1,1,408589,43349,14.34186204631262,1,2.0,0,0,0,0.0
1,1,1,73561,3662,14.340861178059017,0,3.0,0,0,42,23.31578947368421
1,1,1,28855,872,14.33929695898025,0,1.0,0,0,0,0.0
1,1,1,105660,8435,14.33751076484635,1,4.0,0,3,31,132.25
1,1,1,2263,208,14.337203897403958,0,1.0,0,0,0,0.0
0,1,1,5617,1514,14.337141788751843,0,1.0,0,0,0,0.0
0,1,1,20145,1526,14.33697251098674,0,1.0,0,0,0,9.0
0,1,1,22349,465,14.335166543486045,0,1.0,0,0,0,0.0
1,1,1,223906,29856,14.334229495041294,1,1.0,0,0,0,0.0
1,1,1,3371,52,14.33216748779106,0,1.0,0,0,0,0.0
1,1,1,46329,9354,14.329779156612515,0,1.0,0,0,0,0.0
1,1,1,4802,285,14.32886340256278,0,1.0,0,0,0,0.0
0,3,2,32723,529,14.328469202750371,1,22.0,0,1,0,52.0
0,1,1,180326,24096,14.327583584072146,0,2.0,0,0,0,0.0
0,1,1,5349,2711,14.327030880444491,0,1.0,0,0,0,0.0
0,1,1,128925,1396,14.326180086974777,0,1.0,0,0,0,0.0
1,3,2,145183,6160,14.324588806269018,0,22.0,0,0,0,0.0
1,2,2,108671,353,14.323962206020584,0,18.0,0,0,0,0.0
1,1,1,8379,326,14.323788333482748,0,1.0,0,0,0,0.0
0,1,1,4913,1204,14.323049208834483,0,1.0,0,0,0,0.0
1,1,1,10710,526,14.321796705475547,0,1.0,0,0,0,0.0
1,1,1,83011,4595,14.319769079800592,0,1.0,0,0,0,0.0
0,1,1,27967,335,14.318247671328464,0,1.0,0,0,0,0.0
0,1,1,32368,9241,14.318148550989784,0,1.0,0,0,0,0.0
0,1,1,6624,25228,14.318108053613557,0,1.0,0,0,0,0.0
1,1,1,122930,8789,14.3170402284304,0,1.0,0,0,0,0.0
1,1,1,8146,715,14.31629929756113,0,1.0,0,1,0,108.0
0,1,1,46803,28836,14.316208637941894,0,2.0,0,3,39,113.2
0,1,1,985425,109212,14.315541413564883,1,1.0,0,0,0,0.0
0,1,1,3334,27,14.312497962858872,0,1.0,0,0,0,0.0
0,1,1,53002,18167,14.31248623826638,0,2.0,0,0,0,0.0
1,1,1,19623,6956,14.312437185106443,0,1.0,0,0,0,0.0
1,1,1,214,449,14.310729102109006,0,1.0,0,0,0,0.0
0,1,1,12649,6180,14.310481364638475,0,1.0,0,0,0,0.0
0,1,1,110100,23189,14.31047939997703,0,1.0,0,0,0,0.0
0,1,1,77322,2244,14.309970299158213,0,7.0,0,0,0,0.0
0,1,1,19268,7252,14.309962789081398,0,1.0,0,0,0,0.0
0,1,1,12786,830,14.30982795626775,0,1.0,0,0,0,0.0
1,1,1,54751,21987,14.309778586226937,0,1.0,0,0,0,0.0
0,1,1,2271,97,14.309694074096736,0,1.0,0,0,0,0.0
0,1,1,32897,126,14.308854815090982,0,1.0,0,0,0,0.0
1,1,1,18480,2624,14.308740040836918,0,1.0,0,0,0,0.0
1,1,1,6816,244,14.30847040689771,0,1.0,0,0,0,0.0
0,1,1,57311,16271,14.308252044284584,0,5.0,0,0,0,0.0
0,1,1,144795,17483,14.307832684130451,0,2.0,0,0,0,0.0
1,1,1,2258,24,14.307225888936902,0,2.0,0,0,0,0.0
1,1,1,248269,3030,14.30705585065769,0,7.0,0,0,0,0.0
0,1,1,5493,1372,14.306590320959614,0,1.0,0,0,0,0.0
0,1,1,20965,643,14.306527578545744,0,1.0,0,0,0,371.0
0,1,1,76327,12638,14.306332633429513,0,1.0,0,1,0,79.25
0,1,1,45076,28477,14.305426290741854,0,1.0,0,0,0,0.0
0,1,1,14905,3196,14.30509394607686,0,1.0,0,0,0,0.0
0,1,1,50798,1268,14.304849472479376,0,2.0,0,0,0,0.0
0,1,1,43137,9697,14.302278554538848,0,4.0,0,0,0,0.0
1,1,1,48029,7480,14.302186247139046,0,3.0,0,0,0,66.0
0,1,1,5084,522,14.301773224602478,0,2.0,0,0,0,0.0
0,1,1,164522,15148,14.301415022457828,0,1.0,0,0,0,0.0
0,3,2,28543,231,14.301316250688112,0,25.0,0,0,0,0.0
1,1,1,308661,1342,14.299717143024663,1,2.0,0,2,27,39.05
0,2,2,5056,827,14.299505403221891,0,12.0,0,0,0,0.0
1,1,1,83613,8038,14.29917039675752,0,1.0,0,0,0,0.0
1,1,1,192938,23226,14.299088768243312,0,8.0,0,0,0,0.0
1,1,1,66616,13340,14.297886617255912,0,1.0,0,0,0,0.0
0,1,1,27946,274,14.296903019010164,0,1.0,0,0,0,120.0
0,1,1,3686,5258,14.296058151212868,0,3.0,0,0,0,0.0
1,1,1,3389,522,14.295730686513396,0,1.0,0,0,0,0.0
0,1,1,40838,1058,14.29288227598788,0,1.0,0,0,0,0.0
1,1,1,13006,9881,14.292261981668922,0,3.0,0,0,0,0.0
1,1,1,124208,3187,14.28892006086379,0,2.0,0,0,13,160.4
1,1,1,52221,1901,14.2887785735517,0,1.0,0,0,0,0.0
1,1,1,2705,383,14.288150990972545,0,3.0,0,0,0,0.0
1,1,1,22208,2679,14.287393677361877,0,1.0,0,0,0,0.0
1,1,1,7915,308,14.285567809742032,0,2.0,0,0,0,0.0
1,1,1,5934,1433,14.28261105764428,0,2.0,0,0,0,0.0
1,1,1,18420,606,14.282415700582908,0,1.0,0,0,0,0.0
0,1,1,18990,38,14.28125192386985,0,2.0,0,0,0,0.0
1,1,1,30415,4831,14.280888112933656,0,1.0,0,0,0,0.0
0,1,1,4651,464,14.279464810781402,0,1.0,0,0,0,0.0
1,1,1,5895,1,14.279125843306057,0,1.0,0,0,0,0.0
0,1,1,10095,3873,14.2776898025425,0,1.0,0,0,0,0.0
1,1,1,111030,57017,14.275805787281517,0,1.0,0,0,0,0.0
1,1,1,3116,2,14.275166670238397,0,2.0,0,0,0,0.0
0,1,1,64265,5145,14.274901060686338,0,1.0,0,0,0,0.0
1,1,1,49866,947,14.274410655839327,0,1.0,0,0,0,0.0
1,1,1,19248,1225,14.272667684257204,0,1.0,0,0,0,0.0
1,1,1,1503,2610,14.271114967954317,0,1.0,0,1,0,149.66666666666666
1,1,1,45003,1424,14.26987130557188,0,9.0,0,0,0,0.0
1,1,1,16316,20021,14.26773603546262,0,1.0,0,0,0,0.0
0,1,1,767,24,14.267069730040154,0,1.0,0,0,0,0.0
0,3,2,60510,149,14.26402703984825,0,21.0,0,0,0,0.0
0,1,1,90578,1959,14.264009421271426,0,3.0,0,2,17,50.5
0,1,1,22388,14,14.26327283167019,0,2.0,0,0,0,0.0
1,1,1,192183,17677,14.26011612773833,0,1.0,0,0,0,0.0
1,1,1,35376,4312,14.259946311275735,0,1.0,0,0,0,0.0
1,1,1,5272,223,14.258850695639566,0,1.0,0,0,0,0.0
1,1,1,32155,174,14.258251473899,0,7.0,0,0,0,0.0
0,1,1,98288,51699,14.258188826549391,0,1.0,0,0,0,0.0
1,1,1,30513,664,14.257667525816766,0,2.0,0,1,0,40.0
1,1,1,1092,7,14.257438769510836,0,1.0,0,0,0,0.0
0,1,1,35194,4077,14.257429991910511,0,3.0,0,0,0,0.0
1,1,1,2573,117,14.255820110297208,0,1.0,0,0,0,0.0
1,1,1,69541,131,14.255311991809108,0,1.0,0,0,0,0.0
0,1,1,4334,225,14.2536875653635,0,6.0,0,0,0,0.0
0,1,1,7250,3188,14.253448890686084,0,1.0,0,0,0,0.0
0,1,1,28424,6015,14.25302129162912,1,4.0,0,0,0,231.16666666666663
1,1,1,944,354,14.251760074046034,0,1.0,0,0,0,0.0
1,1,1,41123,8202,14.250722162417777,0,1.0,0,0,0,27.0
1,1,1,226794,13825,14.24954555202915,1,6.0,0,0,0,0.0
0,1,1,76915,310,14.247706914109918,0,1.0,0,0,0,0.0
1,1,1,141262,31836,14.247195563436865,1,2.0,0,0,0,0.0
1,1,1,29903,1183,14.24576557509808,0,1.0,0,0,0,0.0
1,1,1,560891,3074,14.245699125177934,0,2.0,0,0,0,15.5
0,1,1,1968,486,14.24411491091576,0,1.0,0,0,0,0.0
0,1,1,5062,1265,14.242338381648642,0,1.0,0,0,0,0.0
0,1,1,2598,509,14.239504611019695,0,1.0,0,0,0,0.0
0,1,1,33616,559,14.238447876667273,0,2.0,0,0,0,0.0
1,1,1,35432,1226,14.238053391662076,0,2.0,0,0,0,0.0
0,1,1,256292,162174,14.235079084363676,1,1.0,0,0,0,0.0
0,1,1,19994,80,14.234595334015108,0,1.0,0,0,0,0.0
0,1,1,3375,836,14.233009345220015,0,2.0,0,0,0,0.0
0,1,1,27672,685,14.231334281210078,0,4.0,0,0,0,0.0
0,1,1,4713,870,14.231198624506144,0,1.0,0,0,0,0.0
1,1,1,123056,1918,14.230991637916544,0,1.0,0,0,0,0.0
0,1,1,6266,6901,14.230506556668288,0,1.0,0,0,0,0.0
1,1,1,21297,67,14.23039533148006,0,1.0,0,0,0,0.0
1,1,1,974,2304,14.230272508451693,0,1.0,0,0,0,0.0
1,3,2,86201,1544,14.23027054379025,0,24.0,0,4,41,64.08333333333333
1,1,1,25573,3097,14.229648443250284,0,1.0,0,0,0,15.0
1,1,1,1264,7,14.229308335003775,0,1.0,0,0,0,0.0
1,2,2,44485,3052,14.228749895832228,0,19.0,0,0,0,0.0
0,1,1,80934,10055,14.226116837551498,0,3.0,0,0,0,0.0
1,1,1,16520,7483,14.225975065046615,0,1.0,0,0,0,0.0
0,1,1,16039,285,14.225746784062006,0,1.0,0,0,0,0.0
0,1,1,1206,91,14.22564481179542,0,3.0,0,1,0,166.0
0,1,1,1264,996,14.22452485970781,0,1.0,0,0,0,0.0
1,1,1,26058,1847,14.22269151369924,0,2.0,0,0,0,0.0
0,1,1,21457,3418,14.222470140717771,0,1.0,0,0,0,0.0
0,1,1,11397,2541,14.222043872560498,0,1.0,0,0,0,0.0
1,1,1,7624,388,14.219859327474683,0,1.0,0,0,0,0.0
1,1,1,9806,1153,14.21646109693751,0,1.0,0,0,0,0.0
1,1,1,17233,974,14.215071827791569,0,1.0,0,0,0,0.0
0,1,1,1265,1424,14.214182279790451,0,1.0,0,0,0,0.0
1,1,1,43340,7122,14.214088831619488,0,1.0,0,0,0,0.0
1,1,1,160597,4846,14.213940753185131,0,2.0,0,0,0,0.0
1,1,1,34957,433,14.210472682102417,0,2.0,0,0,0,0.0
0,1,1,19416,854,14.209963866476384,0,2.0,0,0,0,0.0
0,1,1,93717,11489,14.209190043371963,0,1.0,0,0,0,0.0
1,1,1,156668,10157,14.208947978069157,0,1.0,0,0,0,0.0
0,3,2,58025,9522,14.2088617864703,0,26.0,0,0,0,105.25
1,1,1,39753,828,14.206283770398102,0,1.0,0,0,0,0.0
0,1,1,72100,3845,14.20571642687388,0,1.0,0,0,0,0.0
0,4,2,130040,6721,14.205649945265646,0,37.0,0,2,38,100.25
1,1,1,36845,2394,14.204369366260906,0,1.0,0,0,0,0.0
1,1,1,62422,4130,14.203979349276093,0,2.0,0,1,1,23.875
0,1,1,50575,32174,14.203742449131592,0,1.0,0,0,0,0.0
1,1,1,21204,754,14.201466388848177,0,1.0,0,0,0,0.0
1,1,1,5296,4711,14.199740338704943,0,1.0,0,0,0,0.0
1,1,1,17949,2037,14.197985293961365,0,2.0,0,0,50,119.16666666666669
0,1,1,3258,1,14.195774004129438,0,4.0,0,0,0,0.0
0,1,1,19811,3981,14.195678527920856,0,2.0,0,0,0,0.0
0,1,1,6728,637,14.194884582880674,0,1.0,0,0,0,0.0
1,1,1,111169,28,14.19461675516247,0,1.0,0,0,0,0.0
1,1,1,4495,112,14.19444554442401,0,1.0,0,0,0,0.0
1,1,1,75998,3560,14.19248769591842,0,1.0,0,0,0,0.0
0,1,1,10613,476,14.19190305069825,0,5.0,0,5,34,78.5
0,1,1,5973,528,14.190324857172762,0,1.0,0,0,0,0.0
1,1,1,20495,6681,14.189212573602402,0,2.0,0,0,0,0.0
1,1,1,50100,2990,14.188144051281313,0,1.0,0,0,0,0.0
0,1,1,1352,222,14.18746915838705,0,2.0,0,0,0,0.0
0,1,1,36224,3223,14.187237296648512,0,1.0,0,0,0,0.0
1,1,1,29478,1035,14.186870411967805,0,1.0,0,0,0,0.0
0,1,1,1572,6,14.186670460133696,0,1.0,0,0,0,0.0
0,1,1,124904,1397,14.176839421017922,0,1.0,0,0,0,0.0
0,1,1,283,20,14.17666390069952,0,1.0,0,0,0,0.0
0,1,1,36766,944,14.17640485058164,0,2.0,0,0,0,0.0
0,1,1,9260,1807,14.17555015947712,0,1.0,0,0,0,0.0
0,1,1,10205,1168,14.17542489646599,0,1.0,0,0,0,0.0
1,1,1,2022,317,14.173852723677186,0,1.0,0,0,0,0.0
1,1,1,2692,2012,14.173352749027655,0,1.0,0,0,0,0.0
0,1,1,705913,7938,14.173232777927192,0,1.0,0,0,0,0.0
1,1,1,229554,1187,14.17318324944594,0,1.0,0,0,0,0.0
1,1,1,12362,2030,14.17294679293467,0,1.0,0,0,0,0.0
1,1,1,4492,263,14.172007811516565,0,2.0,0,0,0,0.0
0,1,1,16892,18,14.171644666030216,0,1.0,0,0,0,0.0
1,1,1,24547,3553,14.17163547648475,0,1.0,0,0,0,0.0
1,1,1,23855,1902,14.171152803531166,0,1.0,0,1,0,13.0
0,1,1,5170,262,14.170607926861203,0,1.0,0,0,0,0.0
0,1,1,10342,42,14.164881921081298,0,1.0,0,1,0,4.0
0,1,1,21284,6668,14.16432684084706,0,1.0,0,0,0,0.0
1,1,1,4171,10,14.164311947445787,0,2.0,0,0,0,0.0
1,1,1,19663,62,14.164245529213728,0,4.0,0,0,0,0.0
0,1,1,106860,582,14.163930105987628,0,1.0,0,0,0,0.0
0,1,1,2974,293,14.163551972035744,0,1.0,0,0,0,0.0
0,1,1,104102,4893,14.162458321061017,0,1.0,0,0,0,0.0
1,1,1,12634,373,14.161996308740688,0,5.0,0,0,0,0.0
1,3,2,106055,17926,14.16154516543448,0,23.0,0,12,37,90.34782608695652
1,1,1,1439,9,14.160759427609044,0,1.0,0,0,0,0.0
0,1,1,88920,1636,14.15920214822151,0,1.0,0,0,0,0.0
1,1,1,3701,1546,14.158704138233425,0,1.0,0,0,0,0.0
1,1,1,20708,841,14.158471674421222,0,1.0,0,0,0,0.0
1,1,1,2380,1493,14.15787372020417,0,1.0,0,0,0,0.0
1,1,1,31282,1325,14.157110734425784,0,1.0,0,0,1,37.27272727272727
1,1,1,17651,8157,14.1566330048139,0,1.0,0,0,0,0.0
1,1,1,88,488,14.156562245313811,0,1.0,0,0,0,0.0
0,1,1,3179,1093,14.156204708619006,0,1.0,0,0,0,0.0
1,1,1,5683,1,14.15540664412741,0,1.0,0,1,40,149.24137931034485
0,1,1,81040,597,14.154014111108422,0,1.0,0,0,0,0.0
1,1,1,14653,4303,14.153879214918598,0,1.0,0,0,0,0.0
0,1,1,15100,16,14.15148125056136,0,1.0,0,0,0,0.0
1,1,1,39299,1159,14.151480838616218,0,6.0,0,0,0,0.0
1,1,1,1220890,63277,14.148170574210813,1,1.0,0,1,0,111.0
1,1,1,4448,7377,14.147837564095976,0,2.0,0,0,0,0.0
1,1,1,5140,303,14.14771166732309,0,2.0,0,0,0,0.0
1,1,1,34247,7811,14.146051940347654,0,2.0,0,0,0,0.0
1,1,1,126379,2353,14.145955988817754,0,2.0,0,0,0,0.0
0,1,1,1398,2355,14.14511758539037,0,1.0,0,0,0,0.0
1,1,1,4470,2107,14.144352666638628,0,1.0,0,0,0,0.0
0,1,1,20350,2942,14.144126128498844,0,1.0,0,0,0,0.0
1,1,1,120,375,14.142621990034575,0,1.0,0,1,0,206.0
0,1,1,31732,77,14.142025525157653,0,1.0,0,0,0,0.0
1,1,1,72366,785,14.140434688085126,0,1.0,0,0,0,0.0
0,1,1,6369,3183,14.140156086417065,0,1.0,0,0,0,0.0
0,1,1,13332,27598,14.139540735439803,0,1.0,0,0,0,0.0
1,1,1,90152,7259,14.13586808606216,0,2.0,0,0,0,0.0
1,1,1,26170,677,14.135019827639464,0,2.0,0,0,0,0.0
0,1,1,7316,1896,14.13263384137942,0,1.0,0,0,0,0.0
1,1,1,11881,282,14.131860873853372,0,1.0,0,0,0,0.0
0,1,1,750,2025,14.130454303011485,0,1.0,0,0,0,0.0
0,1,1,144068,297,14.12954064037554,0,8.0,0,0,0,0.0
0,1,1,23956,7906,14.129247050241943,0,1.0,0,0,0,0.0
0,1,1,92,209,14.129183579002053,0,1.0,0,0,0,0.0
1,1,1,3901,1899,14.128717859175447,0,1.0,0,0,0,0.0
0,1,1,140536,567,14.127214005903973,0,1.0,0,0,0,65.0
0,1,1,56750,194,14.126303860645775,0,4.0,0,0,0,0.0
0,1,1,13047,297,14.126157651808604,0,2.0,0,0,0,0.0
1,1,1,81043,5533,14.124368637434886,0,1.0,0,0,0,0.0
1,1,1,43146,1551,14.123806807637942,0,4.0,0,0,0,0.0
1,1,1,281847,1350,14.12364928615342,0,1.0,0,0,0,0.0
0,1,1,255508,7985,14.123215793112124,0,1.0,0,1,0,212.0
0,1,1,170318,9,14.123049842596242,0,1.0,0,0,0,0.0
0,1,1,35535,977,14.121522064818464,0,1.0,0,0,0,0.0
0,3,2,27511,11860,14.120848439447713,0,24.0,0,0,0,0.0
1,1,1,111547,9535,14.120708694980452,0,5.0,0,0,0,0.0
0,1,1,107,91,14.118622858288182,0,1.0,0,0,0,0.0
1,1,1,60047,15247,14.118269948054198,0,1.0,0,0,0,0.0
1,1,1,3729,904,14.118262786546351,0,1.0,0,0,0,0.0
0,1,1,153342,142779,14.117876857324864,0,2.0,0,0,0,0.0
0,1,1,74246,31489,14.117805210558316,0,4.0,0,1,1,219.33333333333337
0,1,1,3163,414,14.116881946431768,0,1.0,0,0,0,0.0
0,1,1,3767,1055,14.116556287953305,0,3.0,0,0,0,0.0
1,2,2,20834,27765,14.115986250941615,0,11.0,0,0,0,0.0
1,1,1,14938,195,14.114123086442415,0,1.0,0,1,1,56.857142857142854
1,1,1,69759,2467,14.112654628765023,0,2.0,0,0,0,0.0
1,1,1,1387,1,14.112360499933937,0,1.0,0,0,0,0.0
1,1,1,13311,1297,14.112294588711285,0,1.0,0,0,0,0.0
0,1,1,2499,449,14.111493513851345,0,1.0,0,0,0,0.0
1,1,1,12210,2693,14.10935162093173,0,2.0,0,0,0,0.0
0,1,1,141572,6183,14.108842932058051,0,1.0,0,0,0,0.0
0,1,1,1169,579,14.107970559000533,0,1.0,0,0,0,0.0
0,1,1,8509,103,14.10752581668806,0,3.0,0,0,0,0.0
1,1,1,10454,207,14.10494361778827,0,2.0,0,0,29,268.35714285714283
1,1,1,26453,76134,14.102742151263568,0,2.0,0,0,34,47.04545454545455
1,1,1,1235,6570,14.102444124797676,0,1.0,0,0,0,0.0
0,1,1,132233,15865,14.098848382409155,0,6.0,0,0,0,0.0
0,1,1,51925,1832,14.09852792077709,0,1.0,0,0,0,0.0
0,1,1,5309,1,14.096545672443884,0,1.0,0,0,0,0.0
1,1,1,3112,67,14.09623798111121,0,1.0,0,0,0,0.0
1,1,1,388856,51891,14.096023642885235,0,4.0,0,0,0,0.0
1,1,1,38023,4647,14.095763610436634,0,3.0,0,0,0,0.0
1,1,1,3039,16,14.095190975001747,0,2.0,0,0,0,0.0
0,1,1,121335,4377,14.094211622959769,0,1.0,0,0,0,0.0
1,1,1,33853,20107,14.093931405199228,0,1.0,0,0,0,0.0
0,1,1,3123,64,14.09362219283834,0,1.0,0,0,0,0.0
0,1,1,16870,95,14.09343485286318,0,2.0,0,0,0,0.0
0,1,1,82537,2556,14.092218410548178,0,1.0,0,0,0,0.0
1,1,1,40351,1747,14.091124157499785,0,7.0,0,0,0,0.0
0,1,1,36702,62,14.09035343982797,0,9.0,0,11,52,96.57142857142856
0,1,1,15354,195,14.089565357084036,0,8.0,0,2,25,86.61111111111111
0,1,1,5453,128,14.089549576416305,0,1.0,0,0,0,0.0
0,1,1,33729,122,14.089221129386113,0,1.0,0,0,0,58.5
0,1,1,116408,67,14.08862000636028,1,1.0,0,0,0,0.0
1,1,1,7560,321,14.088286362483686,0,1.0,0,0,0,0.0
0,2,2,402088,4824,14.088212434174816,0,12.0,0,6,39,66.8
0,1,1,104802,1955,14.08747061603909,0,8.0,0,0,0,0.0
0,1,1,21694,113,14.087407620120514,0,1.0,0,0,0,0.0
1,1,1,15664,1,14.086214183357262,0,2.0,0,0,0,0.0
1,1,1,17635,3781,14.085486117851648,0,1.0,0,0,4,93.0
0,1,1,225059,53539,14.08384394607686,0,2.0,0,0,0,0.0
0,1,1,57174,18816,14.083553239559254,0,1.0,0,0,0,0.0
1,1,1,179388,2809,14.081710513876692,0,2.0,0,0,0,0.0
0,1,1,30744,396,14.081304621159884,0,1.0,0,0,0,0.0
1,1,1,57846,2065,14.080438585719929,0,2.0,0,0,0,0.0
0,1,1,7717,1914,14.08014800595467,0,2.0,0,0,0,0.0
1,1,1,219311,19068,14.079662734577887,0,1.0,0,0,0,0.0
0,1,1,83546,1821,14.079125399672826,0,1.0,0,0,0,0.0
0,1,1,13449,311,14.0784228430779,0,1.0,0,0,0,0.0
1,1,1,37677,3383,14.078383581537098,0,3.0,0,0,0,0.0
0,4,2,4062,1074,14.078120285215451,0,32.0,2,26,48,137.3125
1,1,1,9962,1108,14.077873276570942,0,1.0,0,0,0,0.0
1,1,1,1118,402,14.077861805483153,0,1.0,0,0,0,0.0
0,1,1,121466,1061,14.076737417063248,0,1.0,0,1,32,50.0
0,1,1,1639,1853,14.076095860037364,0,1.0,0,0,0,0.0
0,1,1,2668,331,14.075189390597355,0,1.0,0,0,0,0.0
0,1,1,2119,1,14.072747506550408,0,1.0,0,0,0,0.0
0,1,1,10783,6303,14.072607857147412,0,2.0,0,0,0,0.0
0,1,1,2704,3501,14.071836347273404,0,1.0,0,3,42,127.66666666666669
1,1,1,16287,1109,14.071180815800794,0,1.0,0,0,0,93.0
0,1,1,1783,1,14.07027675465546,0,5.0,0,0,0,0.0
1,1,1,15262,1501,14.069280132605622,0,1.0,0,0,14,77.5
0,1,1,1075,271,14.068787477904376,0,1.0,0,0,0,0.0
0,1,1,611,798,14.068371603439903,0,1.0,0,0,0,0.0
0,1,1,15141,91,14.068229640806498,0,1.0,0,0,0,24.0
1,1,1,55124,12744,14.067041147384945,0,1.0,0,1,0,128.5
1,5,3,709762,9823,14.066292896567392,0,42.0,0,0,0,0.0
0,1,1,59270,20868,14.066209968841584,0,1.0,0,0,0,0.0
0,1,1,14261,3233,14.06537273787345,0,1.0,0,0,0,0.0
0,1,1,13947,9316,14.064329059013206,0,1.0,0,1,0,184.0
0,1,1,52170,35950,14.06406268894704,0,1.0,0,0,0,0.0
1,1,1,7682,1116,14.063562207288106,0,1.0,0,0,0,0.0
1,1,1,80805,12545,14.05966862856222,0,1.0,0,0,0,0.0
1,1,1,12995,6101,14.057897296141505,0,6.0,0,0,0,0.0
1,1,1,31617,2344,14.057271614847616,1,1.0,0,0,0,0.0
0,1,1,15007,393,14.05510136108941,0,1.0,0,0,0,0.0
1,1,1,94707,18518,14.053190854587012,0,8.0,0,0,0,0.0
0,1,1,79708,23853,14.05286909374335,0,3.0,0,0,0,126.0
1,1,1,22890,5128,14.050705367731233,0,3.0,0,1,0,290.0
1,1,1,32984,365,14.050493247671406,0,1.0,0,0,0,0.0
0,1,1,17101,5368,14.050089066111338,0,1.0,0,0,0,0.0
1,1,1,30483,15736,14.049306845663647,0,6.0,0,0,0,0.0
0,1,1,188128,14156,14.048424110601411,0,1.0,0,0,0,33.0
0,1,1,130589,51624,14.04768324310832,0,1.0,0,0,0,0.0
0,1,1,10509,13196,14.047595498793164,0,2.0,0,0,0,0.0
0,1,1,7044,5597,14.04717502955596,0,1.0,0,0,0,0.0
0,1,1,2311,111,14.0467047783328,0,1.0,0,0,0,0.0
1,1,1,8076,339,14.044386953149642,0,1.0,0,0,0,0.0
1,1,1,26357,18,14.044281621945748,0,1.0,0,0,0,0.0
1,1,1,50120,5987,14.043701064488909,0,2.0,0,0,0,0.0
0,1,1,9323,179,14.04366551045438,0,1.0,0,0,0,0.0
0,2,2,28261,1188,14.042913837323344,0,19.0,0,0,0,0.0
0,1,1,445305,3226,14.042675194334016,1,4.0,0,0,0,0.0
0,1,1,30744,4320,14.04134353413172,0,1.0,0,0,0,0.0
0,1,1,90238,50025,14.041212377136258,1,2.0,0,0,0,0.0
0,1,1,249411,39725,14.04097503335853,0,4.0,0,0,0,0.0
1,1,1,89273,4580,14.040075662050192,0,1.0,0,0,0,0.0
0,1,1,25639,6848,14.037222213118715,0,2.0,0,0,5,30.0
0,1,1,219,82,14.03493785055629,0,1.0,0,0,0,0.0
1,1,1,12098,3790,14.034338058430146,0,1.0,0,0,0,0.0
1,1,1,47491,762,14.033637054551525,0,1.0,0,0,0,0.0
1,1,1,77504,2651,14.033626343977842,0,1.0,0,0,47,65.69767441860465
1,1,1,8312,213,14.033495282046644,0,1.0,0,0,0,0.0
0,1,1,108952,9029,14.033348376071537,0,1.0,0,0,0,0.0
0,1,1,39045,130,14.033313487486854,0,1.0,0,0,0,0.0
0,1,1,4891,5575,14.031584712168073,0,1.0,0,0,0,0.0
1,1,1,6614,2151,14.031533219025372,0,1.0,0,0,0,0.0
1,1,1,22553,2818,14.030681855170076,0,1.0,0,0,0,0.0
0,1,1,9139,211,14.030667785659086,0,3.0,0,0,0,0.0
1,1,1,6512,1,14.029137979843687,0,1.0,0,0,0,0.0
1,1,1,9515,451,14.0287569939639,0,1.0,0,0,0,0.0
1,1,1,34413,7656,14.027059082842648,0,1.0,0,0,0,0.0
0,1,1,12507,11346,14.025875786267497,0,1.0,0,0,0,0.0
0,1,1,521,13,14.025443782566327,0,1.0,0,0,0,0.0
1,1,1,10754,971,14.024934333178544,0,6.0,0,0,0,0.0
0,1,1,947,46,14.02423041399584,0,1.0,0,1,0,224.0
1,1,1,17641,4427,14.023599757672166,0,1.0,0,0,0,0.0
0,1,1,7119,6288,14.02339327809197,0,4.0,0,0,0,0.0
0,1,1,146940,13014,14.02207426143671,0,2.0,0,2,18,88.66666666666667
1,1,1,18899,123,14.021633385070954,0,1.0,0,0,0,0.0
1,1,1,57060,12340,14.020804773262704,0,2.0,0,0,0,0.0
1,1,1,3986,7637,14.0204813012623,0,1.0,0,0,0,0.0
1,1,1,2914,216,14.020237778307449,0,1.0,0,3,29,54.285714285714285
0,1,1,41643,1101,14.019585764212588,0,2.0,0,0,0,0.0
0,1,1,234965,34008,14.0191595277434,0,1.0,0,0,0,0.0
1,1,1,12068,82,14.017831131414148,0,1.0,0,1,15,52.0
0,1,1,150356,121,14.017608395844904,0,1.0,0,1,41,42.888888888888886
0,1,1,4228,1919,14.01729389157335,0,1.0,0,0,0,0.0
0,1,1,99424,13554,14.01637569754085,0,4.0,0,0,0,0.0
1,1,1,148259,2604,14.016190195474788,0,1.0,0,0,0,0.0
0,1,1,40499,15231,14.013951939080131,0,1.0,0,0,0,0.0
0,1,1,22787,734,14.012249655002762,0,2.0,0,0,0,0.0
1,1,1,50046,35576,14.012036711052652,1,1.0,0,0,0,36.0
1,1,1,16637,969,14.012019726237584,0,1.0,0,0,0,0.0
1,1,1,14451,79,14.011017748900905,0,3.0,0,0,0,0.0
1,1,1,19729,20907,14.007897898215171,0,1.0,0,0,0,0.0
0,1,1,8498,4256,14.007443554412095,0,1.0,0,0,0,0.0
1,1,1,1927,16,14.007356443858695,0,1.0,0,1,0,218.0
1,1,1,46405,3966,14.00733752607027,0,1.0,0,0,0,0.0
1,1,1,4931,157,14.007018807283035,0,1.0,0,0,0,0.0
0,1,1,4400,524,14.006783396478664,0,1.0,0,0,0,0.0
0,1,1,29524,753,14.00615651103744,0,2.0,0,0,0,0.0
0,1,1,21246,1775,14.005899615709533,0,1.0,0,3,21,164.5
0,3,2,132297,940,14.005692977688897,0,27.0,0,5,16,353.3333333333333
0,1,1,19347,272,14.005288859505004,0,1.0,0,0,0,0.0
1,1,1,154711,33964,14.003941989020555,0,1.0,0,0,0,0.0
0,1,1,5801,2769,14.003529695310007,0,1.0,0,0,0,0.0
0,2,2,170747,315,14.003095885387836,0,16.0,0,1,16,130.75
1,1,1,117099,2426,14.002525689935707,0,1.0,0,0,0,0.0
1,1,1,55139,198,14.000843971427331,0,1.0,0,0,0,0.0
1,1,1,108386,1174,14.000710659641898,0,1.0,0,0,0,0.0
0,1,1,9852,42,13.998685442261616,0,2.0,0,0,0,0.0
0,2,2,38790,12037,13.998550260879,0,10.0,0,0,0,0.0
1,1,1,409306,279977,13.997768452376452,1,1.0,0,0,0,0.0
0,3,2,8377,4553,13.99776604408178,0,24.0,1,27,53,59.077922077922075
0,1,1,28836,5312,13.997705107888912,0,1.0,0,0,21,17.25
1,1,1,3018,1422,13.997607667018883,0,1.0,0,0,0,0.0
0,2,2,2394,5199,13.997553828957688,0,13.0,0,0,0,0.0
1,1,1,44638,3506,13.997310115874312,0,1.0,0,0,0,0.0
0,1,1,7308,12,13.997220755466676,0,1.0,0,0,0,0.0
1,1,1,129837,53361,13.996402410598876,0,5.0,0,0,0,42.75
0,1,1,13278,165,13.99624435041686,0,3.0,0,0,0,0.0
0,1,1,43196,21017,13.995752741422514,0,3.0,0,0,0,0.0
1,1,1,2968,152,13.995246650972035,0,1.0,0,0,0,0.0
1,1,1,18471,3752,13.995164642200772,0,1.0,0,0,0,0.0
0,1,1,17041,822,13.994830206121986,0,2.0,0,0,0,0.0
1,1,1,47691,8302,13.994586176157728,0,2.0,0,0,0,0.0
1,1,1,56830,37582,13.993429592640604,0,8.0,0,0,0,0.0
0,1,1,48844,6550,13.992347064184704,0,1.0,0,0,0,0.0
0,1,1,51971,8250,13.992269745250436,0,1.0,0,1,0,92.0
0,1,1,92,2148,13.992021976091818,0,1.0,0,0,0,0.0
1,1,1,360231,21014,13.991658482036502,0,2.0,0,0,1,37.57142857142857
1,1,1,6143,2514,13.990927913171952,0,1.0,0,0,0,0.0
1,1,1,26119,761,13.989634056858415,0,2.0,0,1,32,56.53333333333333
1,1,1,46258,5678,13.98927493575922,0,3.0,0,0,0,42.0
1,1,1,59783,2997,13.988258540342583,0,2.0,0,0,0,288.5
0,1,1,41365,809,13.987499325446649,0,1.0,0,0,0,0.0
1,1,1,356308,298,13.987130032471264,1,3.0,0,0,0,0.0
1,1,1,42213,1065,13.98657764572449,0,1.0,0,0,0,0.0
0,1,1,8589,4507,13.98650587220559,0,1.0,0,0,0,0.0
0,1,1,144374,9320,13.98631770834015,0,1.0,0,0,0,0.0
0,1,1,209877,9270,13.986146434225516,0,1.0,0,0,0,0.0
0,1,1,8720,933,13.98599810228646,0,7.0,0,0,0,0.0
0,1,1,10056,114,13.985935233120236,0,1.0,0,0,0,0.0
0,1,1,36472,1096,13.984946469716174,0,1.0,0,0,0,0.0
1,1,1,156706,10422,13.984617800869367,0,1.0,0,0,0,0.0
1,1,1,8673,611,13.984228797903365,0,2.0,0,0,0,0.0
1,1,1,4767,914,13.982221547668871,0,1.0,0,0,0,0.0
1,1,1,180714,68862,13.981968803480466,0,9.0,0,0,0,0.0
1,1,1,16711,1290,13.98133627755961,0,1.0,0,0,0,0.0
1,1,1,53480,6589,13.9800941045173,0,1.0,0,0,0,0.0
1,1,1,89482,808,13.97907720209126,0,1.0,0,0,0,40.0
1,1,1,24535,469,13.976636648944,0,4.0,0,0,0,33.5
1,1,1,6,3,13.976093927064008,0,1.0,0,0,0,0.0
0,1,1,40045,61,13.97603099452161,0,5.0,0,0,0,0.0
1,1,1,9206,3013,13.974867122744287,0,1.0,0,0,0,0.0
0,1,1,29319,40986,13.974654463986967,0,1.0,0,0,0,0.0
0,1,1,82210,90122,13.974199613174486,0,1.0,0,0,0,19.0
0,1,1,24086,227,13.973567625951125,0,1.0,0,0,0,0.0
0,1,1,206621,12112,13.973527033510631,0,3.0,0,0,36,91.1818181818182
1,1,1,80873,38871,13.973009915605596,0,2.0,0,0,0,0.0
1,1,1,43827,15156,13.972852679313863,0,1.0,0,0,0,0.0
1,1,1,1727,4006,13.971791508629146,0,1.0,0,0,0,0.0
1,1,1,7347,638,13.971302498058,0,1.0,0,0,0,0.0
1,1,1,112786,62634,13.97091343171582,0,2.0,0,1,0,19.0
1,1,1,22116,6755,13.970618764187236,0,1.0,0,0,0,0.0
0,1,1,10772,2956,13.970314938801277,0,1.0,0,0,0,0.0
1,1,1,896,287,13.970294911929775,0,1.0,0,0,0,0.0
1,1,1,19686,2236,13.970025626559536,0,1.0,0,0,0,0.0
1,1,1,85761,2655,13.967764206172683,0,2.0,0,1,0,229.0
1,1,1,107948,131,13.965625640502292,0,2.0,0,0,0,0.0
1,1,1,3576,3136,13.96550753899901,0,1.0,0,0,0,0.0
1,1,1,137137,2126,13.96545027862433,0,2.0,0,0,0,0.0
1,1,1,70550,395,13.965213156663218,0,4.0,0,1,0,160.0
0,1,1,10787,2107,13.965015074426292,0,1.0,0,0,0,0.0
1,1,1,10286,3390,13.964672336068496,0,1.0,0,0,0,0.0
1,1,1,38824,1686,13.964446114809592,0,9.0,0,0,0,0.0
0,1,1,13940,5570,13.964210196995817,0,2.0,0,0,0,0.0
1,1,1,382,469,13.962671772020531,0,1.0,0,0,0,0.0
1,1,1,224298,1277,13.962599554868405,0,1.0,0,0,0,0.0
0,1,1,19573,1,13.962288884855475,0,1.0,0,1,0,60.0
0,1,1,1418,26,13.961997417823762,0,2.0,0,0,0,0.0
1,1,1,57308,3346,13.96080588234578,0,2.0,0,0,0,0.0
1,1,1,1214,1244,13.960400496638377,0,3.0,0,0,0,0.0
0,1,1,9095,3691,13.959606393157754,0,4.0,0,0,0,0.0
1,1,1,2454,20,13.959270974748245,0,1.0,0,0,0,0.0
0,1,1,1833,229,13.959174516208938,0,5.0,0,0,0,0.0
0,1,1,3645,82,13.957941089078863,0,1.0,0,0,0,0.0
0,1,1,246968,3173,13.957878917050571,0,3.0,0,1,0,33.0
1,1,1,3824,130,13.956904793543082,0,1.0,0,0,28,53.0
0,1,1,27163,10103,13.956482423020608,0,2.0,0,1,6,83.0
1,1,1,4853,289,13.95619304740269,0,1.0,0,0,0,0.0
0,1,1,30382,1792,13.955226687476712,0,2.0,0,0,0,0.0
0,1,1,84822,991,13.952593122186578,0,2.0,0,0,0,0.0
1,1,1,143,63,13.952139887466574,0,1.0,0,0,0,0.0
1,1,1,12472,3799,13.951729368288944,0,1.0,0,0,0,0.0
0,1,1,13221,5803,13.951447851316804,0,1.0,0,0,0,0.0
0,1,1,7030,3271,13.950760314875502,0,2.0,0,0,0,0.0
1,1,1,3465,920,13.949987790982684,0,2.0,0,0,0,0.0
0,1,1,16272,173,13.949110284454935,0,1.0,0,0,0,0.0
0,1,1,19475,4017,13.948925637967246,0,2.0,0,0,0,0.0
1,1,1,120217,7834,13.94875626513788,0,3.0,0,0,0,0.0
1,1,1,6856,2123,13.94863768831328,0,1.0,0,0,0,0.0
1,1,1,9136,328,13.948400122718938,0,1.0,0,0,0,0.0
0,1,1,19230,194,13.948095505130782,0,1.0,0,0,0,0.0
0,2,2,13719,3393,13.946105176335182,0,11.0,0,0,0,0.0
0,1,1,995,112,13.944305007754554,0,1.0,0,0,0,0.0
1,1,1,81284,619,13.944065921131996,0,1.0,0,0,0,30.5
1,1,1,20065,4261,13.941338939358989,0,1.0,0,0,0,0.0
0,1,1,35582,627,13.94109506783517,0,1.0,0,0,0,0.0
1,1,1,67180,1817,13.940842006765887,0,1.0,0,0,0,0.0
0,1,1,118377,20594,13.940266234210306,0,1.0,0,0,0,0.0
0,1,1,3689,2806,13.940091411029837,0,1.0,0,0,0,0.0
1,1,1,13046,36,13.93992856594656,0,2.0,0,0,0,0.0
1,1,1,15937,123,13.939306877351736,0,2.0,0,0,0,0.0
0,1,1,24725,8327,13.937048213828527,0,1.0,0,0,0,0.0
1,1,1,356200,9812,13.935541857198112,0,2.0,0,7,41,153.22222222222223
0,1,1,66506,43917,13.934949480084518,0,2.0,0,0,0,0.0
1,1,1,47591,1385,13.93489709967536,0,1.0,0,0,0,0.0
0,1,1,35001,8959,13.93433900907278,0,2.0,0,0,0,0.0
1,1,1,7574,133,13.93394934065693,0,2.0,0,0,0,0.0
1,1,1,173030,8477,13.93316712020924,0,1.0,0,0,0,0.0
1,1,1,778,601,13.932288124341367,0,1.0,0,0,0,0.0
1,1,1,484767,14343,13.931304652847972,0,2.0,0,0,0,0.0
0,1,1,3487,2408,13.930685087355032,0,1.0,0,0,0,61.8
1,1,1,57947,11973,13.929761759852306,0,6.0,0,0,0,0.0
1,3,2,283867,1299,13.92964761936,0,27.0,0,0,0,0.0
1,1,1,9054,944,13.929413602831492,0,3.0,0,0,0,0.0
0,1,1,258127,139,13.927749914845082,1,5.0,0,0,0,0.0
0,1,1,114479,42913,13.927147144038685,0,3.0,0,0,0,0.0
1,1,1,12211,173,13.92587676859822,0,1.0,0,0,0,0.0
0,1,1,13143,69,13.924924383118968,0,2.0,0,1,0,185.25
1,1,1,3728,1926,13.924764516715946,0,1.0,0,0,0,0.0
0,1,1,155439,2592,13.924745123606204,0,1.0,0,0,0,0.0
1,1,1,288653,4029,13.92448296805572,0,7.0,0,0,0,0.0
1,1,1,48701,1005,13.92367694985408,0,1.0,0,0,0,0.0
1,1,1,294,1195,13.922804196539508,0,1.0,0,0,0,0.0
1,1,1,24939,4240,13.922124075110755,0,1.0,0,0,0,0.0
1,1,1,160829,162848,13.921882548505437,0,1.0,0,0,0,0.0
1,1,1,76242,7574,13.921745275709023,0,2.0,0,0,45,52.8
0,7,3,159559,3530,13.921448516766649,0,428.0,1,197,54,55.07849829351536
1,1,1,48079,7918,13.921107394501329,0,3.0,0,0,0,0.0
1,1,1,20184,6196,13.920747132630972,0,1.0,0,0,0,0.0
0,1,1,42896,1939,13.919798422969908,0,1.0,0,0,0,0.0
1,1,1,35371,2383,13.919615234134254,0,3.0,0,0,0,0.0
0,1,1,7021,2049,13.919292681088397,0,1.0,0,0,0,0.0
1,1,1,70869,23581,13.918946678857552,0,1.0,0,0,0,0.0
0,1,1,1609,456,13.918011088064844,0,2.0,0,0,0,0.0
1,1,1,58845,874,13.917953827690164,0,1.0,0,2,26,112.5
1,1,1,818,1271,13.917944162823382,0,1.0,0,0,0,0.0
0,1,1,142190,21015,13.917015955355131,0,8.0,0,0,0,0.0
0,1,1,7800,2911,13.916363877884097,0,1.0,0,0,0,0.0
0,1,1,10670,2498,13.915912069128044,0,1.0,0,0,0,0.0
1,1,1,1069,6,13.915904685803582,0,1.0,0,0,0,0.0
1,1,1,3180,548,13.91584441506056,0,1.0,0,0,0,0.0
1,1,1,3359,427,13.915668672925545,0,5.0,0,0,0,0.0
1,1,1,52055,899,13.91561188787218,0,2.0,0,0,0,0.0
0,1,1,10472,1944,13.91364434281172,0,1.0,0,0,0,0.0
1,1,1,233483,2979,13.9110981098916,0,1.0,0,0,0,20.0
1,1,1,9284,2657,13.910910896668794,0,1.0,0,0,0,0.0
1,1,1,13233,393,13.910529974165184,0,5.0,0,0,0,0.0
1,1,1,9862,7127,13.909500618320632,0,1.0,0,0,0,0.0
0,1,1,11084,1561,13.908858807790043,0,1.0,0,0,0,0.0
1,1,1,15592,1848,13.905798150452352,0,2.0,0,0,0,0.0
1,1,1,11906,1118,13.905003983595558,0,4.0,0,0,0,0.0
0,1,1,7383,1708,13.904426087938091,0,1.0,0,3,24,82.66666666666667
0,1,1,90800,54925,13.903334781881863,0,6.0,0,0,0,0.0
0,1,1,1855,160,13.902719779473571,0,1.0,0,0,0,0.0
0,3,2,211973,257,13.902370766874387,1,25.0,0,0,0,0.0
0,7,3,96406,4582,13.90209704517185,1,188.0,0,98,54,101.1739961759082
0,1,1,17146,1300,13.901963860138768,0,1.0,0,0,0,0.0
0,1,1,50371,256,13.90050928184384,0,1.0,0,0,0,0.0
0,1,1,266846,587,13.899959240015564,0,2.0,0,0,0,0.0
1,1,1,9528,7153,13.89976214010936,0,1.0,0,0,0,0.0
0,1,1,5018,48,13.899438382916165,0,1.0,0,0,0,0.0
0,1,1,230,1,13.899242962478615,0,1.0,0,1,0,31.0
1,1,1,1753,78,13.89919216647385,0,1.0,0,0,0,0.0
1,1,1,10992,2696,13.89781386140629,0,1.0,0,0,0,0.0
0,1,1,44912,63398,13.897796179453293,0,1.0,0,0,32,74.75
1,1,1,11755,269,13.89777764192192,0,2.0,0,0,0,0.0
0,1,1,67452,283,13.8975977486474,0,3.0,0,6,45,101.65384615384616
1,1,1,54924,5697,13.895204886072298,0,1.0,0,0,0,0.0
0,1,1,11781,2877,13.895081999667756,0,1.0,0,0,0,0.0
0,2,2,17405,837,13.894151669097624,0,16.0,0,0,0,0.0
0,1,1,33646,6079,13.893663007095444,0,1.0,0,0,0,0.0
1,1,1,11607,3414,13.893578875222296,0,1.0,0,0,0,0.0
1,1,1,9472,3365,13.89331602253388,0,1.0,0,0,0,0.0
1,1,1,32224,610,13.89207790556681,0,2.0,0,0,0,0.0
0,1,1,103402,11448,13.892062410091867,0,1.0,0,0,0,0.0
1,1,1,12254,133,13.891539873523817,0,1.0,0,0,0,0.0
1,1,1,11888,946,13.891263553398076,0,4.0,0,0,0,0.0
0,1,1,290579,16680,13.89110245115963,0,1.0,0,0,0,39.0
0,1,1,56368,252,13.88956950822354,0,1.0,0,0,0,0.0
1,1,1,6960,536,13.88889093951109,0,4.0,0,0,0,0.0
1,1,1,18394,641,13.888650807181634,0,4.0,0,0,0,0.0
1,1,1,75930,13449,13.88773964790463,0,1.0,0,0,0,0.0
1,1,1,7618,407,13.885883644913276,0,2.0,0,0,0,0.0
1,1,1,114497,432,13.884246353104013,0,3.0,0,0,0,0.0
0,1,1,200377,41166,13.883802973379318,0,5.0,0,0,0,0.0
1,1,1,16780,7243,13.883264212510303,0,1.0,0,0,0,0.0
1,1,1,7581,736,13.882787877174282,0,3.0,0,0,0,0.0
1,2,2,50751,1748,13.882758914262022,0,11.0,0,1,39,69.53846153846153
1,1,1,267,1,13.88242929477258,0,1.0,0,0,0,0.0
1,1,1,20901,13185,13.881732505409635,0,2.0,0,0,0,0.0
1,1,1,14120,884,13.880398278472226,0,1.0,0,0,0,0.0
1,1,1,35954,2987,13.879772692242602,0,1.0,0,0,0,0.0
0,1,1,459462,78083,13.877352641288155,0,1.0,0,0,0,0.0
0,1,1,25360,5124,13.877203200266026,0,1.0,0,0,0,0.0
1,1,1,75460,44575,13.875298049050471,0,8.0,1,5,29,41.375
1,1,1,21127,8538,13.874531862775216,0,1.0,0,0,0,0.0
1,1,1,3565,16,13.873978240193017,0,2.0,0,1,0,35.0
0,1,1,9758,583,13.87396714936228,0,2.0,0,0,0,0.0
1,1,1,86372,3215,13.872857242398508,0,1.0,0,0,0,0.0
0,1,1,7566,492,13.872653297865336,0,1.0,0,1,0,36.0
0,1,1,23079,7029,13.872262393614063,0,1.0,0,0,0,0.0
0,1,1,41763,3515,13.872074768446115,0,2.0,0,0,0,0.0
1,1,1,11832,875,13.871605372801326,0,1.0,0,0,0,0.0
1,2,2,15009,2008,13.871300438332293,0,10.0,0,7,41,270.9
1,1,1,465445,331,13.870555071130733,0,1.0,0,0,1,34.03846153846154
0,1,1,10824,493,13.870535868149515,0,1.0,0,0,0,0.0
1,1,1,2728,2086,13.870247094605269,0,1.0,0,0,0,0.0
0,1,1,13722,137,13.869911866324282,0,1.0,0,0,0,0.0
1,1,1,1006053,840406,13.869584750193775,1,1.0,0,0,0,0.0
0,1,1,7555,2807,13.869191817904884,0,1.0,0,0,0,7.0
0,1,1,8458,785,13.868292763477424,0,1.0,0,0,0,0.0
0,1,1,41632,3591,13.86775400260841,0,2.0,0,0,0,0.0
1,1,1,22651,3853,13.86766077625406,0,1.0,0,0,0,0.0
1,1,1,63007,24,13.86760338912703,0,1.0,0,0,0,0.0
0,1,1,34868,493,13.86669780695348,0,2.0,0,0,0,0.0
0,1,1,916,292,13.866110816814814,0,1.0,0,0,22,26.0
1,1,1,1372,1,13.864750795773922,0,1.0,0,0,0,0.0
1,1,1,38289,1033,13.864660991733055,0,1.0,0,0,0,0.0
1,1,1,200171,3296,13.864269897353257,0,1.0,0,0,0,0.0
1,1,1,24682,3157,13.86355751745111,0,1.0,0,0,0,0.0
0,1,1,9469,16002,13.863490623897734,0,1.0,0,0,0,0.0
0,1,1,14124,135,13.863207902778258,0,1.0,0,0,21,92.5
0,1,1,30148,1246,13.86291649912272,0,4.0,0,1,35,29.666666666666668
1,1,1,6859,739,13.862520049456078,0,2.0,0,0,0,15.0
1,1,1,102638,909,13.86249596650934,0,3.0,0,1,0,105.0
0,1,1,54534,73,13.861806718911296,0,1.0,0,0,0,0.0
0,1,1,25143,554,13.861803518414428,0,1.0,0,0,0,0.0
0,1,1,13658,24041,13.861611805483154,0,1.0,0,0,0,0.0
1,1,1,6693,59,13.861232404007756,0,2.0,0,0,0,0.0
1,1,1,5611,2276,13.86091732935062,1,1.0,0,0,0,0.0
0,1,1,85872,3179,13.860293992975231,0,1.0,0,0,11,62.0
1,1,1,3244,90,13.859531862775215,0,1.0,0,0,0,0.0
0,1,1,68045,4890,13.859180632009885,0,1.0,0,0,0,0.0
0,1,1,5500,4508,13.8591038834612,0,1.0,0,0,0,0.0
0,1,1,786,1021,13.85882379245301,0,1.0,0,0,0,0.0
0,1,1,109349,11723,13.85857142852166,0,1.0,0,4,35,48.4
0,1,1,782,16,13.8579183687199,0,1.0,0,0,0,0.0
0,1,1,202741,8445,13.857762526704033,1,3.0,0,0,7,116.25
1,1,1,11272,4360,13.857485636192711,1,6.0,0,0,0,0.0
1,1,1,30427,226,13.856359821808857,0,3.0,0,0,0,0.0
1,1,1,9567,8693,13.856151916264707,0,1.0,0,0,0,0.0
1,1,1,3919,118,13.85609389537592,0,1.0,0,0,29,90.4
0,1,1,2746,1765,13.85598808885071,0,1.0,0,0,0,0.0
1,1,1,21898,1158,13.85559607551636,0,3.0,0,0,0,0.0
0,1,1,22771,2562,13.855119835244604,0,4.0,0,0,0,0.0
0,1,1,7188,28957,13.854029891776154,0,1.0,0,0,0,0.0
1,1,1,12159,78,13.853133974469388,0,1.0,0,0,0,0.0
0,1,1,37568,623,13.852946983063196,0,6.0,0,0,33,245.88888888888889
1,1,1,105567,57619,13.852779004509696,0,2.0,0,0,0,0.0
1,2,2,35717,2787,13.85263875303303,0,19.0,0,32,40,69.99378881987577
0,1,1,69559,4874,13.85230881666271,0,3.0,0,4,42,49.95238095238095
0,1,1,7490,15,13.851603915149289,0,1.0,0,0,0,0.0
1,1,1,46900,78,13.851340999084696,0,3.0,0,0,0,0.0
0,1,1,3014,32,13.85070365657449,0,1.0,0,0,0,0.0
0,1,1,71642,6182,13.850146548302632,0,2.0,0,1,20,45.4
0,1,1,13207,1836,13.85011891629006,0,1.0,0,0,0,0.0
1,1,1,85771,17019,13.849824153697211,1,1.0,0,0,0,0.0
1,1,1,19884,8510,13.849647872864702,0,4.0,0,0,0,0.0
1,1,1,1161,43,13.84741173957193,0,1.0,0,0,0,0.0
1,1,1,17682,2269,13.846965793112124,0,1.0,0,0,0,0.0
0,1,1,21352,25,13.846558442743277,0,4.0,0,0,0,0.0
0,1,1,5743,89,13.846436760486068,0,1.0,0,0,0,0.0
1,1,1,17784,3287,13.8461815763149,0,1.0,0,0,0,0.0
0,1,1,1626,1083,13.844989280322812,0,1.0,0,0,0,0.0
0,1,1,3991,1194,13.844132054171268,0,1.0,0,0,0,264.0
1,1,1,546205,40543,13.843865652417014,0,3.0,0,0,0,0.0
0,1,1,50578,744,13.843646560977868,0,1.0,0,0,0,0.0
0,1,1,1536,17,13.8423278295154,0,1.0,0,0,0,0.0
0,1,1,19813,1971,13.841937812530585,0,1.0,0,0,0,0.0
0,1,1,12515,4472,13.84157330445646,0,1.0,0,0,0,0.0
0,1,1,147538,2411,13.840939447635916,0,5.0,0,7,51,145.5974025974026
0,1,1,37067,4926,13.840038396858922,0,4.0,0,0,0,0.0
1,1,1,85781,16696,13.839355106621388,0,2.0,0,0,0,0.0
0,1,1,59380,231,13.839335333254594,0,4.0,0,0,0,0.0
1,1,1,62945,4892,13.8389299158591,0,1.0,0,0,0,0.0
1,1,1,36842,8254,13.837591284277485,0,2.0,0,0,0,0.0
1,1,1,117035,6004,13.83728955030532,0,7.0,0,0,50,38.8
0,1,1,112671,1047,13.836840973734224,0,2.0,0,0,0,0.0
0,1,1,154364,14916,13.836660478386037,0,1.0,0,1,16,706.0
0,1,1,27504,347,13.8366519859785,0,6.0,0,0,0,0.0
1,1,1,7573,431,13.836036983570208,0,1.0,0,0,0,0.0
1,1,1,53932,1296,13.833657461680076,0,1.0,0,0,0,5.0
1,1,1,177108,1839,13.833480420333458,0,1.0,0,0,0,0.0
1,1,1,53987,20582,13.83255306844358,0,3.0,0,0,0,29.0
1,1,1,10785,370,13.831848008489718,0,1.0,0,0,0,0.0
1,1,1,62954,94,13.831301610791542,0,2.0,0,0,0,0.0
0,1,1,52336,16282,13.831227682482671,1,3.0,0,0,0,0.0
0,1,1,1893,44,13.830279036197783,0,1.0,0,0,0,0.0
0,1,1,66046,2707,13.829867756506044,0,7.0,0,6,44,194.0
1,1,1,21977,473,13.828078963948942,0,6.0,0,0,0,0.0
0,1,1,23956,5715,13.827710684992368,0,1.0,0,0,0,0.0
0,1,1,94647,6525,13.827470330846298,0,2.0,0,0,0,0.0
1,1,1,10492,2163,13.827412880343092,0,2.0,0,0,0,0.0
1,1,1,64101,38960,13.82689031208695,0,7.0,0,1,5,218.5
1,1,1,823,279,13.82636920148285,0,1.0,0,0,0,0.0
0,1,1,156843,31752,13.825913336651556,0,1.0,0,0,0,0.0
1,1,1,4348,28,13.825751442210914,0,1.0,0,1,0,259.0
1,1,1,140885,15373,13.8257109131466,0,1.0,0,1,0,25.0
1,1,1,24892,5544,13.825426924503612,0,1.0,0,0,0,0.0
1,1,1,4999,7282,13.825424674649376,0,2.0,0,0,0,0.0
0,1,1,44974,18,13.824831537021671,0,1.0,0,0,9,71.66666666666667
0,1,1,8909,2046,13.823097754985016,0,5.0,0,0,0,0.0
1,1,1,33402,1659,13.822687489312088,0,1.0,0,0,0,0.0
1,1,1,32159,4693,13.822359485915126,0,1.0,0,0,0,30.0
1,1,1,25330,3145,13.822249718378938,1,1.0,0,0,0,0.0
0,1,1,21623,1045,13.821821136991252,0,1.0,0,0,0,0.0
0,1,1,29667,698,13.820303784594364,0,3.0,0,1,0,115.0
1,1,1,2365,36,13.819876027096964,0,1.0,0,0,0,0.0
0,1,1,13782,110,13.819624328615458,0,1.0,0,0,0,0.0
1,1,1,38760,3512,13.819438984989834,0,1.0,0,0,0,0.0
1,1,1,22030,459,13.818422589573196,0,2.0,0,0,0,0.0
0,1,1,42009,940,13.818139203003875,0,3.0,0,0,0,0.0
0,1,1,62581,440,13.8178174738483,0,1.0,0,0,0,0.0
0,1,1,21682,699,13.817651333203893,1,1.0,0,0,4,161.7391304347826
0,5,3,155196,43377,13.817574774783733,0,42.0,0,1,2,175.83333333333334
0,1,1,12517,186,13.816801902321949,0,1.0,0,0,0,0.0
1,1,1,27,1,13.815473157423732,0,1.0,0,0,0,0.0
1,1,1,29933,16426,13.815456140920576,0,1.0,0,0,0,0.0
1,1,1,95979,1888,13.81544780695348,0,1.0,0,0,0,0.0
0,1,1,22401,17262,13.815291426240115,0,1.0,0,0,0,0.0
1,1,1,9875,1590,13.81476781227708,0,3.0,0,0,0,0.0
1,1,1,19561,893,13.812494160288336,0,1.0,0,0,0,0.0
1,1,1,1128,11,13.81247768248267,0,1.0,0,0,0,0.0
1,1,1,39698,585,13.80895789644064,0,2.0,0,0,0,0.0
1,1,1,2438,1322,13.808544208454228,0,1.0,0,0,0,0.0
1,1,1,12548,98,13.808276697616902,0,3.0,0,0,0,0.0
1,2,2,57688,207,13.8075311719749,0,10.0,0,0,0,0.0
0,1,1,3990,226,13.806566142948611,0,1.0,0,0,0,0.0
0,1,1,6460,556,13.806224196793012,0,2.0,0,0,0,69.5
0,1,1,15024,2630,13.80600184148082,0,1.0,0,0,0,0.0
0,1,1,13547,15893,13.805497018553856,0,2.0,0,0,0,0.0
1,1,1,1793,1482,13.804833723499732,0,1.0,0,0,0,0.0
1,1,1,22031,954,13.804708967498009,0,2.0,0,0,0,0.0
0,1,1,8291,1940,13.804641123301998,0,1.0,0,0,0,0.0
0,1,1,49420,4132,13.804281526881486,0,1.0,0,0,0,237.0
0,1,1,12973,117,13.804231903335968,0,5.0,0,0,0,0.0
0,1,1,4863,159,13.804089211876542,0,2.0,0,0,0,0.0
1,1,1,176146,18752,13.803508717795877,0,1.0,0,0,0,0.0
1,1,1,114086,121,13.80349258855918,0,4.0,0,1,26,110.0
1,1,1,41272,5466,13.803319381471187,0,1.0,0,0,0,0.0
0,1,1,171441,7071,13.801769929041344,0,3.0,0,0,0,0.0
1,1,1,65270,1592,13.8010767838085,0,3.0,0,0,0,0.0
1,1,1,48,1,13.799465159350367,0,1.0,0,0,0,0.0
0,1,1,20352,34978,13.798294791515044,0,1.0,0,0,0,0.0
1,1,1,117157,1131,13.797850080890662,0,1.0,0,0,0,23.5
0,1,1,1202,93,13.797657290564402,0,1.0,0,0,0,0.0
1,1,1,985,31,13.797509085377696,0,1.0,0,0,0,0.0
0,1,1,19242,138,13.79744738867072,0,3.0,0,0,19,45.0
1,1,1,308910,624,13.797046534359874,0,6.0,0,0,0,0.0
0,1,1,35579,9191,13.796566649958018,0,1.0,0,0,0,0.0
1,1,1,9598,119,13.795804900015057,0,1.0,0,0,0,0.0
0,1,1,24695,511,13.794804665523207,0,2.0,0,0,0,0.0
1,1,1,86,2,13.792978956343802,0,1.0,0,0,0,0.0
0,1,1,50455,655,13.79277935307866,0,1.0,0,0,0,0.0
1,1,1,16174,6805,13.792753337158564,1,1.0,0,0,0,0.0
1,1,1,87,11,13.792422671962226,0,1.0,0,0,0,0.0
1,1,1,53736,4218,13.791912018427103,1,2.0,0,0,0,0.0
1,1,1,35801,9044,13.7903489401195,0,1.0,0,0,0,0.0
0,1,1,18326,2019,13.790341525106951,0,4.0,0,0,0,0.0
0,1,1,81787,8667,13.789999547263262,0,1.0,0,0,0,0.0
1,1,1,13808,5323,13.789325098002228,0,2.0,0,0,0,0.0
1,1,1,78101,72,13.789325002937966,0,8.0,0,0,19,65.11111111111111
1,1,1,36607,4410,13.789100271019189,0,1.0,0,0,0,0.0
1,1,1,465471,21806,13.78860159558126,0,2.0,0,6,52,53.5
1,1,1,1771,23631,13.788326131033893,0,1.0,0,0,0,0.0
1,1,1,4603,1,13.788240161251652,0,3.0,0,0,0,0.0
1,1,1,178829,47663,13.788148392549344,0,1.0,0,0,0,0.0
0,1,1,52400,11136,13.788070376477146,0,1.0,0,0,0,0.0
0,1,1,93182,3497,13.788014161809365,0,1.0,0,0,0,282.0
0,1,1,4849,13,13.787901257152482,0,1.0,0,0,0,0.0
1,1,1,28106,18319,13.78786678051294,0,2.0,0,0,0,40.0
0,1,1,32575,22,13.787722187768244,0,1.0,0,0,0,0.0
0,1,1,13994,12413,13.787698801959438,0,1.0,0,0,0,0.0
1,7,3,268785,212,13.78645108350176,0,244.0,0,28,181,69.06481481481481
1,1,1,17464,1853,13.785518312948868,0,6.0,0,0,0,0.0
0,1,1,29,1,13.7853122770019,0,1.0,0,0,0,0.0
0,1,1,62143,518,13.784664952744034,0,1.0,0,0,0,0.0
1,1,1,209456,11931,13.784349402765583,0,6.0,0,0,0,14.0
1,1,1,29840,3895,13.784098464798184,0,1.0,0,0,0,33.0
1,1,1,341047,93633,13.781682248102364,0,2.0,0,0,0,0.0
1,1,1,136344,9573,13.781186139399548,0,1.0,0,0,0,0.0
0,1,1,78825,2020,13.780162297282276,0,1.0,0,0,0,0.0
1,1,1,41126,6,13.779773230940096,0,5.0,0,0,47,100.77777777777776
0,1,1,48611,1654,13.778357502240828,0,3.0,0,0,0,54.72727272727273
0,1,1,565,2228,13.7779095277434,0,1.0,0,0,0,0.0
0,1,1,83298,210685,13.775564609245162,0,1.0,0,0,0,0.0
0,1,1,17962,10636,13.77464445055122,0,1.0,0,0,0,0.0
1,1,1,18118,58,13.77443350295064,0,1.0,0,0,0,44.0
1,1,1,101155,12465,13.774317207668364,0,1.0,0,0,0,0.0
0,1,1,211135,65891,13.771931950234338,0,1.0,0,0,0,0.0
1,1,1,18430,4317,13.771617604403223,0,1.0,0,0,0,0.0
1,1,1,27471,3843,13.771294607724135,1,1.0,0,0,0,0.0
1,1,1,125017,6908,13.771244191976422,0,1.0,0,0,0,0.0
0,1,1,22344,13513,13.771231643493648,0,3.0,0,0,0,0.0
0,1,1,19235,5326,13.77091327327538,0,2.0,0,5,42,51.8
0,1,1,1230272,116566,13.76825340687236,0,4.0,0,0,0,0.0
0,1,1,8347,1493,13.767981839959791,0,3.0,0,0,16,46.666666666666664
1,1,1,4175,659,13.767545273173978,0,1.0,0,2,24,163.77777777777777
0,1,1,3413,228,13.767414179554692,0,1.0,0,0,0,0.0
1,1,1,68025,6249,13.766853522216998,0,3.0,0,0,0,1.0
1,1,1,473882,47838,13.766196913349404,1,7.0,0,2,22,19.8
0,2,2,152807,7076,13.764950240598624,0,11.0,0,0,0,0.0
1,1,1,36207,533,13.764931703067251,0,5.0,0,2,26,159.5
1,1,1,3200,823,13.76478720538682,0,1.0,0,0,0,0.0
1,1,1,9141,189,13.764678230052828,0,2.0,0,0,0,0.0
0,1,1,738,828,13.763635121578169,0,2.0,0,0,0,0.0
0,1,1,87381,124,13.763557992772428,0,1.0,0,0,0,0.0
1,1,1,27428,620,13.762926100613328,0,2.0,0,0,0,0.0
1,1,1,108,1,13.762878410041168,0,1.0,0,0,0,0.0
0,1,1,90861,26888,13.762545368238245,0,5.0,0,0,0,0.0
1,1,1,91577,3219,13.76183406573108,0,1.0,0,0,0,126.83333333333331
1,1,1,9596,57,13.760671366413009,0,1.0,0,0,0,0.0
0,1,1,11461,1,13.759942888962252,0,1.0,0,0,0,0.0
0,1,1,749,593,13.759622807587242,0,1.0,0,0,0,0.0
0,1,1,60738,5672,13.75954035518275,0,1.0,0,0,0,0.0
0,1,1,39975,2703,13.759416803328364,0,1.0,0,0,6,114.0
0,1,1,180,588,13.757854010213553,0,1.0,0,0,0,0.0
1,1,1,5753,1237,13.757417918749054,0,1.0,0,0,0,0.0
0,1,1,18032,600,13.75741186632428,0,3.0,0,0,0,0.0
0,1,1,33350,14189,13.75716780467194,0,1.0,0,0,0,0.0
1,1,1,216037,113922,13.75485333842609,0,4.0,0,0,0,0.0
1,1,1,1375,33,13.753687311858796,0,2.0,0,0,0,0.0
1,1,1,36904,2242,13.752592900369963,1,1.0,0,0,13,34.666666666666664
1,1,1,26097,1065,13.751720875881407,0,2.0,0,1,12,82.45454545454545
1,1,1,3496,152,13.751466262095825,0,1.0,0,0,0,0.0
0,1,1,73519,540,13.751193300907394,0,1.0,0,0,0,0.0
0,1,1,79790,2004,13.750889570585697,0,6.0,0,0,0,0.0
0,1,1,64895,3914,13.7507197541231,0,1.0,0,0,0,0.0
1,1,1,1841,1,13.750051452351103,0,1.0,0,0,7,110.5
0,1,1,1804,2100,13.74880699776647,0,1.0,0,0,0,0.0
1,1,1,4371,806,13.748449999769155,0,1.0,0,0,0,0.0
1,1,1,2436,295,13.74705936803544,0,1.0,0,0,0,0.0
1,1,1,3761,456,13.74678333310249,0,1.0,0,0,0,0.0
0,1,1,42258,14716,13.7461222879026,0,1.0,0,0,0,0.0
0,1,1,24436,8460,13.745827113364614,0,4.0,0,0,0,0.0
1,2,2,35998,147,13.745672000174764,0,19.0,0,4,54,50.06194690265487
0,1,1,408,1,13.745335060737036,0,1.0,0,0,0,0.0
0,1,1,19783,8,13.7442060775444,0,1.0,0,0,0,12.0
0,1,1,47103,1089,13.74392034605658,0,1.0,0,0,0,0.0
0,1,1,14890,15844,13.743757469285216,0,1.0,0,0,0,0.0
0,2,2,26530,1099,13.743214493900522,0,10.0,0,2,36,92.3076923076923
0,1,1,4888,153,13.742899292491035,0,1.0,0,0,0,0.0
0,1,1,39592,290,13.742545748495296,0,1.0,0,0,0,0.0
1,1,1,1979,653,13.742459937153496,0,1.0,0,0,0,0.0
0,1,1,199173,7068,13.741604422158693,0,3.0,0,0,0,0.0
0,1,1,12904,569,13.74115914114873,0,1.0,0,0,0,0.0
1,1,1,33622,322,13.74081630772667,0,1.0,0,0,0,0.0
0,1,1,51043,718,13.740561250307854,0,1.0,0,0,0,0.0
1,1,1,91615,7107,13.740502088647906,0,1.0,0,0,0,0.0
1,1,1,5242,196,13.739860753438638,0,3.0,0,1,14,160.33333333333334
1,1,1,118,1,13.739178889165055,0,1.0,0,0,0,0.0
1,1,1,32650,431,13.73853679344168,0,1.0,0,0,0,0.0
0,1,1,12433,3320,13.738509414933809,0,1.0,0,0,0,0.0
1,1,1,171,2,13.738165852685729,0,1.0,0,0,0,0.0
0,1,1,41917,3940,13.7381503255227,0,1.0,0,0,0,0.0
1,1,1,9089,871,13.736923584579156,0,1.0,0,0,0,0.0
0,1,1,9701,282,13.735769567797144,0,1.0,0,0,0,0.0
0,1,1,26574,364,13.735123004053388,0,1.0,0,0,0,0.0
0,1,1,599,229,13.735109251423276,0,1.0,0,0,0,0.0
1,1,1,1822,6859,13.734728550736277,0,1.0,0,0,0,0.0
0,1,1,63424,467,13.734345726947396,0,2.0,0,0,0,0.0
0,2,2,188253,5986,13.733013306230992,0,18.0,0,0,0,22.0
1,1,1,217,1,13.732679947547188,0,4.0,0,0,0,0.0
1,1,1,67461,13850,13.731870760536768,0,3.0,0,2,0,148.0
1,1,1,19693,166,13.731710228683903,0,5.0,0,0,0,0.0
1,1,1,19003,540,13.731694448016173,0,1.0,0,0,0,0.0
1,1,1,17600,588,13.73087645171734,0,1.0,0,1,32,70.15151515151516
1,1,1,85600,3079,13.730560331353308,0,1.0,0,0,0,0.0
1,1,1,8786,80,13.730255903893678,0,1.0,0,0,0,0.0
1,1,1,10523,5227,13.730116064362155,0,1.0,0,0,0,0.0
0,1,1,5082,95,13.729752982251982,0,1.0,0,0,0,0.0
1,1,1,5766,2291,13.729133480135218,0,1.0,0,0,0,0.0
1,1,1,21809,2690,13.729122832937712,0,1.0,0,0,0,0.0
0,1,1,59022,1655,13.728478423983926,0,1.0,0,0,0,0.0
0,1,1,228384,108955,13.728266367300275,1,1.0,0,0,0,0.0
0,1,1,3023,1130,13.727944384639995,0,1.0,0,0,0,0.0
1,1,1,28496,172568,13.727109086645218,0,1.0,0,0,0,0.0
1,1,1,874,2294,13.726542757139809,0,1.0,0,0,0,0.0
1,1,1,45695,28882,13.726216623340024,0,1.0,0,0,0,0.0
0,1,1,33363,1030,13.725345993127334,0,1.0,0,0,0,0.0
1,1,1,6311,9635,13.72522732123847,0,1.0,0,0,0,0.0
0,1,1,11190,192,13.724710742030926,0,1.0,0,0,0,0.0
0,2,2,61467,266,13.72400314703004,0,11.0,0,0,0,0.0
0,1,1,358,7,13.723923229672572,0,1.0,0,0,0,0.0
0,1,1,9946,7710,13.72296463332811,0,1.0,0,0,0,0.0
1,1,1,12623,2051,13.722086809919483,0,1.0,0,0,0,0.0
1,1,1,33338,4514,13.721430359492327,0,1.0,0,0,0,0.0
1,1,1,1515,351,13.721064583894693,0,1.0,0,0,0,0.0
0,1,1,18677,2331,13.71892570134342,0,1.0,0,0,0,0.0
1,1,1,2290,532,13.71682088348655,0,1.0,0,0,0,0.0
0,1,1,37513,62,13.716104320756813,0,1.0,0,0,0,0.0
1,1,1,19992,12518,13.716001429535678,0,1.0,0,0,0,0.0
0,1,1,42331,784,13.71471010826917,0,2.0,0,3,46,66.6923076923077
0,1,1,46845,3084,13.713557866020077,0,1.0,0,0,0,0.0
0,1,1,126837,19368,13.713456844396124,0,1.0,0,0,0,0.0
1,1,1,5500,697,13.713275905414706,0,1.0,0,0,0,0.0
0,1,1,91,1,13.713121584427052,0,1.0,0,0,0,0.0
1,1,1,7865,11734,13.713070851798465,0,1.0,0,0,0,0.0
1,1,1,591,19,13.711413089484472,0,1.0,0,0,0,0.0
0,1,1,23271,3583,13.711327373206936,0,2.0,0,0,0,30.0
1,1,1,126802,16740,13.711113225109488,0,1.0,0,0,0,0.0
1,1,1,10336,9301,13.71069136159642,0,1.0,0,0,0,0.0
1,1,1,34943,3633,13.70866462318792,0,2.0,0,1,0,314.6666666666667
0,2,2,11071,55,13.708579033662735,0,12.0,0,0,0,0.0
1,1,1,265,37,13.708343305977488,0,1.0,0,0,0,0.0
1,2,2,73175,249,13.707910605138387,0,10.0,0,0,0,0.0
0,1,1,1097,182,13.707642745732096,0,1.0,0,0,0,0.0
1,1,1,9594,539,13.707136655281618,0,1.0,0,0,0,0.0
1,1,1,23803,7837,13.706187945620552,0,1.0,0,0,0,0.0
0,1,1,88220,13150,13.706126407354018,0,2.0,0,0,0,0.0
1,1,1,94446,10541,13.705931874182928,0,1.0,0,0,0,0.0
1,1,1,37940,3319,13.705455412094556,0,1.0,0,0,0,0.0
1,1,1,106058,8570,13.705021348667678,0,4.0,1,0,0,50.333333333333336
0,1,1,17794,516,13.704799215172102,0,1.0,0,0,0,0.0
1,1,1,3668,668,13.704735712244124,0,1.0,0,0,0,0.0
1,1,1,769,35,13.704663304963468,0,1.0,0,0,0,0.0
0,1,1,93716,26647,13.703896611678807,1,1.0,0,0,0,0.0
0,1,1,2013,2008,13.703238925416228,0,1.0,0,0,0,0.0
0,1,1,61337,6490,13.703194878974166,0,1.0,0,0,0,0.0
1,1,1,157399,8581,13.703010105734124,0,1.0,0,0,0,65.5
1,1,1,6836,780,13.70207049055426,0,1.0,0,0,0,0.0
0,1,1,90523,181,13.70185320533612,0,6.0,0,0,1,133.6
0,1,1,118336,690,13.701705095213676,0,1.0,0,0,0,0.0
0,1,1,9174,2309,13.699457237328414,0,4.0,0,0,0,0.0
1,1,1,101948,8607,13.699147327829593,0,1.0,0,0,0,0.0
1,1,1,8438,100,13.698890020556542,0,1.0,0,0,0,0.0
0,1,1,10943,220,13.698291115696858,0,1.0,0,0,0,0.0
1,1,1,68143,16730,13.69787197735934,0,1.0,0,0,0,0.0
1,1,1,46525,910,13.697865829870306,0,7.0,0,0,83,38.526315789473685
1,1,1,148747,6593,13.69781459023231,0,2.0,0,0,0,0.0
0,1,1,466284,43657,13.697086081093463,0,1.0,0,0,0,139.0
0,1,1,105572,2264,13.696639754376603,0,1.0,0,0,0,0.0
0,1,1,8677,14105,13.69653299720876,0,1.0,0,0,0,0.0
0,1,1,15929,294,13.696518040431313,0,1.0,0,0,0,0.0
0,1,1,1462,102,13.696173020531193,0,1.0,0,0,0,0.0
0,1,1,9800,3712,13.69560973308221,0,1.0,0,0,0,0.0
1,1,1,5171,469,13.695251372497122,0,1.0,0,0,0,0.0
1,1,1,21031,39476,13.69442234874373,0,3.0,0,0,0,0.0
1,1,1,17365,21,13.693955614898318,0,1.0,0,0,0,0.0
1,1,1,5887,1276,13.693474558037211,0,1.0,0,0,0,0.0
0,3,2,3411,89,13.692336607115724,0,28.0,0,0,0,0.0
0,1,1,956,1060,13.692190651783251,0,2.0,0,0,0,0.0
0,1,1,1590,794,13.691984203891144,0,2.0,0,0,0,0.0
0,1,1,69269,17588,13.691852951831418,0,3.0,0,0,0,0.0
1,1,1,7442,33,13.691581163102237,0,1.0,0,0,0,0.0
0,1,1,479,124,13.691484831315282,0,2.0,0,0,0,0.0
1,1,1,15950,4992,13.691295241485893,0,2.0,0,0,0,0.0
0,1,1,57404,8323,13.69105301774264,0,1.0,0,0,0,0.0
1,1,1,17357,2445,13.690782338096533,0,5.0,0,26,52,79.06
0,1,1,274568,11880,13.689357768420766,0,1.0,0,0,0,0.0
0,1,1,50777,6758,13.688799487689655,0,1.0,0,0,0,0.0
1,1,1,62828,11407,13.688616203789742,0,2.0,0,0,0,0.0
0,1,1,19729,1006,13.688240858389584,0,2.0,0,0,0,0.0
1,1,1,39983,3071,13.68793433951616,0,1.0,0,0,0,0.0
1,6,3,18382,1327,13.686980274568256,0,59.0,0,0,0,0.0
0,3,2,80884,462,13.686223277838463,0,20.0,0,4,40,68.91489361702128
1,1,1,16966,1938,13.68622248563627,0,1.0,0,0,0,0.0
1,1,1,11136,1758,13.685945341620249,0,5.0,0,0,0,0.0
1,1,1,26514,1658,13.684856443858695,0,1.0,0,2,4,43.0
0,1,1,10703,126,13.684425454176337,0,1.0,0,0,0,0.0
1,1,1,43543,6812,13.683829306180291,0,1.0,0,0,0,0.0
1,1,1,227,1620,13.683715767761653,0,1.0,0,0,0,0.0
0,1,1,18627,645,13.683065464823532,0,1.0,0,0,0,0.0
0,1,1,29240,2046,13.681930714398913,0,2.0,0,0,0,0.0
0,1,1,22036,776,13.681394773769714,0,1.0,0,0,0,0.0
1,1,1,11569,10312,13.680924776051256,0,1.0,0,0,0,0.0
0,1,1,2514,1367,13.680203396732171,0,1.0,0,1,0,8.0
0,1,1,5229,287,13.679978918318096,0,2.0,0,0,0,0.0
1,1,1,371,1,13.678815933807233,0,1.0,0,0,0,0.0
0,1,1,16327,7918,13.678779080561103,0,1.0,0,0,0,0.0
0,1,1,69262,18344,13.678340485737673,0,1.0,0,0,0,0.0
0,1,1,4790,131,13.678252171036934,0,4.0,0,0,0,0.0
0,1,1,6645,2658,13.677845707934544,0,1.0,0,0,0,0.0
0,1,1,28734,1314,13.677762906961084,0,2.0,0,0,0,269.85714285714283
0,1,1,12777,208,13.677657068747786,0,4.0,0,0,0,0.0
0,1,1,11159,538,13.677546192128526,0,1.0,0,0,0,0.0
1,1,1,7924,482,13.677416746289804,0,2.0,0,0,0,0.0
1,1,1,1716,60,13.67716026290704,0,4.0,0,0,0,0.0
1,1,1,73892,27,13.677061269320706,0,3.0,0,0,0,0.0
0,1,1,72187,3728,13.676941805229648,0,2.0,0,0,0,0.0
0,1,1,21564,2184,13.676867591727987,0,4.0,0,0,0,0.0
1,1,1,11135,5787,13.675828729457091,0,2.0,0,0,0,0.0
0,1,1,42341,27486,13.67582036380191,0,1.0,0,0,0,0.0
1,1,1,90669,7452,13.67541041500986,0,6.0,0,2,43,39.4
1,1,1,5346,861,13.6750410586583,0,1.0,0,0,0,0.0
1,1,1,5648,3011,13.674953662912108,0,1.0,0,0,0,0.0
0,1,1,50826,861,13.674561712953937,0,1.0,0,0,0,0.0
0,1,1,410808,27006,13.67348171954506,0,4.0,0,0,0,0.0
1,1,1,2202,12277,13.673244787712472,0,2.0,0,0,0,0.0
0,2,2,64586,242,13.673079977967753,0,16.0,0,0,0,0.0
0,1,1,280,822,13.672865671429866,0,1.0,0,1,0,120.0
0,1,1,3885,11,13.672761861254187,0,2.0,0,0,22,30.857142857142858
0,1,1,163622,3343,13.672630957763428,0,7.0,0,1,0,28.75
1,1,1,45091,25932,13.671878175549317,1,1.0,0,0,0,20.0
1,1,1,8735,22,13.671519181202472,0,1.0,0,0,0,109.66666666666669
0,1,1,5825,1241,13.671397974266585,0,1.0,0,0,0,0.0
1,1,1,552,111,13.671197420358808,0,1.0,0,0,0,0.0
1,2,2,96152,414,13.670414566149365,0,10.0,0,1,30,61.1764705882353
0,1,1,102290,34881,13.670232898341926,1,2.0,0,1,41,62.35294117647059
1,1,1,39910,1781,13.670037382840112,0,1.0,0,0,0,0.0
0,1,1,20238,501,13.669731624480796,0,1.0,0,0,0,0.0
1,1,1,88750,1040,13.66953642585986,0,2.0,0,0,0,0.0
1,1,1,44017,17892,13.669523750624736,1,1.0,0,0,0,0.0
0,1,1,22640,7080,13.668064704309426,0,1.0,0,0,0,0.0
0,1,1,3077,151,13.666665326663471,0,1.0,0,0,0,0.0
0,1,1,28334,1615,13.666364004636447,0,1.0,0,0,0,0.0
0,1,1,17630,4543,13.66635570235744,0,3.0,0,0,0,0.0
0,1,1,16505,45,13.66622609807828,0,1.0,0,0,0,0.0
1,1,1,76977,6343,13.666156004028036,0,1.0,0,0,0,0.0
1,1,1,61343,80510,13.66605577460628,0,2.0,0,0,0,0.0
0,1,1,25642,284,13.666055457725404,0,2.0,0,0,0,0.0
1,1,1,167270,5886,13.665925568253453,0,1.0,0,0,0,0.0
0,1,1,4371,254,13.664953757976372,0,1.0,0,0,0,0.0
1,1,1,15336,2278,13.664478816916215,0,2.0,0,0,0,0.0
0,1,1,49169,723,13.664438541356605,0,1.0,0,0,0,0.0
0,1,1,4966,9453,13.664067283719774,0,1.0,0,0,0,0.0
1,1,1,112221,1693,13.66099575736796,0,1.0,0,0,0,0.0
0,1,1,77206,14804,13.660709233677943,0,4.0,0,0,0,0.0
0,1,1,5843,12,13.659449727251602,0,2.0,0,0,0,0.0
0,1,1,12223,738,13.658808772299388,0,2.0,0,0,0,0.0
1,1,1,79264,3,13.658327905566807,0,1.0,0,0,0,0.0
1,1,1,4181,4883,13.657904330897,0,1.0,0,0,0,0.0
0,1,1,668,7982,13.65783968719786,0,1.0,0,0,0,0.0
1,1,1,83335,6385,13.65699352018896,0,5.0,0,0,0,0.0
1,1,1,561583,266,13.656201222929347,0,1.0,0,1,21,30.0
0,1,1,12797,10100,13.656055552789663,0,1.0,0,0,0,0.0
0,1,1,1656,364,13.65578934116394,0,4.0,0,0,0,0.0
1,1,1,13644,102,13.655744217326893,0,6.0,0,0,0,0.0
0,1,1,31488,2208,13.65569015744908,0,1.0,0,1,0,46.0
1,1,1,54598,10649,13.65560336377656,0,1.0,0,0,0,0.0
0,1,1,25857,3978,13.655503514611857,0,5.0,0,0,0,0.0
0,1,1,34340,2,13.655460323748168,0,1.0,0,0,0,0.0
0,1,1,5012,156,13.65506539510974,0,1.0,0,0,0,0.0
0,1,1,29173,1,13.654447762590156,0,3.0,0,0,0,0.0
1,1,1,2338,4,13.653908716528353,0,2.0,0,0,0,0.0
1,1,1,2683,148,13.65362767487753,0,1.0,0,0,0,0.0
1,1,1,2926,64,13.65360362361888,0,1.0,0,0,8,115.22222222222224
1,1,1,7835,1670,13.65349620100119,0,1.0,0,0,0,0.0
0,1,1,48270,1351,13.653491447788015,0,1.0,0,0,0,0.0
0,1,1,5872,215,13.652629405047126,0,1.0,0,0,0,0.0
1,1,1,216249,5735904,13.652411486067228,1,2.0,0,0,0,0.0
0,1,1,178441,6199,13.652310147562398,0,1.0,0,0,1116,34.0
0,1,1,95414,6645,13.65223457147296,0,1.0,0,0,10,50.25
0,1,1,59094,44093,13.651001809792731,1,1.0,0,0,0,0.0
0,1,1,61648,1753,13.650964544601464,0,2.0,0,0,0,0.0
1,1,1,34238,3,13.650961597609298,0,1.0,0,0,0,0.0
1,1,1,6841,3251,13.65065425484559,0,1.0,0,0,0,0.0
1,1,1,10194,1276,13.650053100131668,0,1.0,0,0,0,0.0
0,1,1,125038,367,13.648232302605876,0,3.0,0,1,44,78.36363636363636
0,1,1,32508,2711,13.6481667082641,0,4.0,0,0,0,0.0
1,1,1,29413,3688,13.647498184675486,0,1.0,0,0,0,104.0
1,1,1,65050,10335,13.645527787687122,0,2.0,0,0,0,0.0
0,1,1,2299,8,13.645350302707277,0,1.0,0,0,0,0.0
0,1,1,6753,3585,13.645016627142594,0,3.0,0,0,0,0.0
0,1,1,28890,11426,13.644652911270663,0,2.0,0,0,0,0.0
1,1,1,198206,8802,13.644590485737671,0,1.0,0,0,0,0.0
1,1,1,14972,178,13.644527679947624,0,1.0,0,0,0,0.0
0,1,1,143120,14507,13.644521532458588,0,1.0,1,1,46,50.5
1,1,1,61152,10392,13.64388279567252,0,1.0,0,0,0,0.0
1,1,1,448,1,13.643028231320352,0,2.0,0,0,0,0.0
1,1,1,31820,129,13.642834997360865,0,4.0,0,0,0,0.0
0,1,1,25989,199,13.64283141660694,0,1.0,0,0,0,0.0
0,1,1,30477,5016,13.642766582779272,0,4.0,0,0,0,0.0
0,1,1,13943,2307,13.639856824115748,0,1.0,0,0,0,0.0
0,1,1,110987,1643,13.639439682127763,0,1.0,0,0,22,75.0
0,1,1,109770,8405,13.639312454455192,0,5.0,0,0,0,0.0
1,1,1,56452,5129,13.638771538796206,0,1.0,0,0,0,0.0
0,1,1,31,15,13.63797797401308,0,1.0,0,1,0,57.0
1,1,1,17564,1357,13.637564888100336,0,6.0,0,0,0,0.0
0,1,1,76633,1038,13.637271804976145,0,2.0,0,0,0,0.0
0,1,1,32274,5984,13.636929985572891,0,1.0,0,0,0,0.0
0,1,1,3787,1071,13.6365419966257,0,1.0,0,0,0,0.0
0,1,1,34720,9076,13.636307378023524,0,1.0,0,0,0,0.0
0,1,1,13438,752,13.63628525973823,0,2.0,0,0,0,0.0
1,1,1,28684,7683,13.636144437875984,0,1.0,0,0,0,0.0
0,1,1,109520,2737,13.635960488526225,0,4.0,0,0,0,0.0
1,1,1,60164,4430,13.634394685043068,0,1.0,0,0,0,0.0
0,1,1,58038,8458,13.633631635888507,0,1.0,0,0,0,0.0
1,1,1,25601,7976,13.633346538162444,0,1.0,0,0,0,0.0
1,2,2,551700,2796,13.633212909496132,0,10.0,0,0,0,0.0
1,1,1,167284,133,13.631755162392423,0,1.0,0,1,28,39.25
1,1,1,57391,13855,13.631750377491164,0,1.0,0,0,0,0.0
0,1,1,36384,37,13.631479380964178,0,1.0,0,0,0,0.0
1,1,1,10281,6459,13.631042655737923,0,4.0,0,0,0,0.0
0,1,1,54069,39,13.63089616170796,0,1.0,0,0,0,0.0
1,1,1,24897,1658,13.630506873549166,0,1.0,0,0,0,0.0
1,1,1,11655,9673,13.630215057948488,0,1.0,0,0,0,0.0
0,1,1,231056,123810,13.629233297611831,0,2.0,0,0,9,46.25
0,1,1,5884,3226,13.62918174109296,0,1.0,0,0,0,0.0
1,1,1,169251,5699,13.62914447590169,0,1.0,0,0,0,0.0
0,1,1,6013,215,13.628773408393387,0,1.0,0,0,0,0.0
0,1,1,14002,6810,13.628641300755293,0,2.0,0,1,0,351.0
0,1,1,13403,2836,13.628533656320986,0,1.0,0,0,0,0.0
1,1,1,16683,536,13.628148772806396,0,2.0,0,0,0,0.0
0,1,1,9476,2658,13.626922443807992,0,1.0,0,0,0,0.0
1,1,1,83311,13892,13.626764098433188,0,1.0,0,0,0,0.0
1,1,1,73107,1682,13.62664780315091,0,2.0,0,0,0,0.0
0,1,1,41039,849,13.626158634139324,0,2.0,0,0,0,0.0
0,1,1,7921,29,13.625847710621692,0,8.0,0,0,0,0.0
0,1,1,11197,276,13.625760695132556,0,1.0,0,0,0,0.0
1,1,1,20279,3487,13.625404489337438,0,4.0,0,0,0,0.0
0,1,1,31156,375,13.624850644938626,0,1.0,0,1,11,52.666666666666664
1,1,1,43028,910,13.623841094148958,0,1.0,0,0,0,43.0
1,1,1,35923,400,13.623120792224857,0,1.0,0,0,0,0.0
0,1,1,18376,195,13.62285315463518,1,7.0,0,1,33,75.33333333333333
1,1,1,2094,107,13.622508356551675,0,1.0,0,0,0,0.0
0,1,1,3302,1784,13.620726757190509,0,1.0,0,0,0,0.0
1,1,1,82884,775,13.620375748241791,0,2.0,0,0,0,0.0
0,1,1,119004,11243,13.620040583336982,0,1.0,0,0,0,0.0
1,1,1,27838,7895,13.618378384690695,0,1.0,0,0,0,0.0
0,1,1,21543,267,13.617720349859152,0,3.0,0,0,0,0.0
0,4,2,182112,15639,13.617195975382003,0,32.0,0,0,0,0.0
0,1,1,242,178,13.61700730450716,0,1.0,0,0,0,0.0
0,1,1,27117,1100,13.61695004413248,0,6.0,0,0,0,0.0
0,1,1,68377,26380,13.616865215121402,0,1.0,0,0,0,0.0
0,1,1,56165,5551,13.616813151593124,0,3.0,0,0,0,0.0
1,1,1,103588,1565,13.61551885164636,0,2.0,0,0,0,0.0
0,1,1,2306,1061,13.615470622376709,0,3.0,0,0,0,0.0
0,1,1,43694,2930,13.615163913374754,0,3.0,0,0,0,0.0
0,1,1,31267,2749,13.615084344586254,0,1.0,0,0,0,0.0
0,1,1,12795,197,13.61469705277699,0,1.0,0,0,0,0.0
0,1,1,37621,3950,13.614528440461733,0,1.0,0,0,0,0.0
1,1,1,258,1,13.614386224323622,0,1.0,0,0,0,0.0
1,1,1,2330,98,13.613722422260096,0,1.0,0,0,0,0.0
0,1,1,2993,330,13.613126305952136,0,1.0,0,0,0,0.0
1,1,1,14391,2644,13.612448180872915,0,1.0,0,0,0,0.0
0,1,1,213,93,13.612182951577912,0,1.0,0,0,0,0.0
1,1,1,3473,3633,13.611396453238369,0,1.0,0,0,0,0.0
0,1,1,3019,13698,13.611393886503256,0,3.0,0,0,0,0.0
1,2,2,9985,75,13.609556959740765,0,18.0,0,0,0,0.0
0,1,1,12911,2111,13.609438921613656,0,1.0,0,0,0,0.0
1,1,1,353811,22300,13.609363852533626,0,4.0,0,0,0,0.0
0,1,1,9346,702,13.608964392498642,0,1.0,0,0,0,0.0
1,1,1,78620,48624,13.608694441678557,0,1.0,0,0,0,0.0
0,7,3,145884,36342,13.608537427203435,1,517.0,0,130,53,252.50236966824644
0,1,1,1685,27,13.60851692501062,0,2.0,0,0,0,0.0
1,1,1,373481,33539,13.608409534081018,0,1.0,0,0,0,0.0
1,1,1,21802,15,13.6073153444088,0,3.0,0,0,0,0.0
1,1,1,21611,1185,13.606980718201484,0,1.0,0,0,0,0.0
0,1,1,27590,31151,13.606733772933149,0,2.0,0,1,35,155.33333333333334
1,1,1,23144,7825,13.606598021164954,0,1.0,0,0,0,0.0
1,1,1,21666,6957,13.606380419065935,0,1.0,0,0,0,0.0
0,1,1,182195,3180,13.605641452858112,0,1.0,0,0,0,0.0
1,1,1,13262,13223,13.604270055793696,0,4.0,0,0,0,0.0
0,1,1,11421,57,13.603778636927876,0,5.0,0,0,0,0.0
0,1,1,356817,102662,13.603389697338049,0,1.0,0,0,0,0.0
1,1,1,14594,1186,13.603088153494408,0,1.0,0,0,0,0.0
0,1,1,94582,27128,13.602729159147565,1,1.0,0,0,0,0.0
0,1,1,143167,6740,13.602641351456231,0,8.0,0,0,0,0.0
1,1,1,110167,2562,13.600457852077318,0,2.0,0,0,0,0.0
0,1,1,554,102,13.600366812201027,0,1.0,0,0,0,0.0
1,1,1,3376,2284,13.60029630620564,0,1.0,0,2,36,20.666666666666668
1,1,1,12104,7751,13.60027459986549,0,1.0,0,0,0,0.0
0,1,1,18814,67081,13.600252354827845,0,1.0,0,0,0,0.0
0,1,1,109970,17883,13.600114194764974,0,1.0,0,0,0,0.0
0,1,1,10188,1169,13.600106874816689,0,1.0,0,0,0,0.0
1,1,1,272432,14327,13.599061896744846,0,1.0,0,0,0,0.0
0,1,1,4181,282,13.59899877407392,0,2.0,0,0,0,0.0
1,3,2,67782,21251,13.59865781024904,0,24.0,0,10,21,83.5
1,1,1,9733,1987,13.598358801452427,0,2.0,0,0,0,0.0
1,1,1,171613,19529,13.598008648082082,0,1.0,0,0,0,0.0
0,1,1,163369,41132,13.597678394830885,0,6.0,0,0,0,0.0
0,1,1,148012,3189,13.596768217884604,0,6.0,0,0,0,0.0
1,1,1,127731,7166,13.595954119220572,0,1.0,0,0,0,0.0
0,1,1,87107,143,13.595676309754706,1,1.0,0,0,0,0.0
0,1,1,8048,4108,13.595118124087865,0,2.0,0,0,0,0.0
0,1,1,200706,28774,13.594301807257686,0,4.0,0,0,0,0.0
0,1,1,5783,863,13.593648525639312,0,4.0,0,0,0,0.0
1,1,1,357,8,13.592699118840317,0,1.0,0,0,0,0.0
0,1,1,12569,1990,13.592441367934036,0,1.0,0,0,0,0.0
1,1,1,57186,301,13.591864549671556,0,1.0,0,0,14,76.5
1,1,1,18056,1860,13.591832069381548,0,1.0,0,0,0,0.0
1,1,1,29149,901,13.590467041622784,0,2.0,0,0,0,0.0
1,1,1,11899,2123,13.59034431365868,0,1.0,0,1,0,135.0
0,1,1,25284,4899,13.59019702742652,0,1.0,0,0,0,0.0
1,1,1,9650,414,13.58952628567176,0,3.0,0,0,0,0.0
1,1,1,90757,15005,13.588004084997438,0,4.0,0,0,0,0.0
0,1,1,11183,10660,13.587740503483,0,1.0,0,0,0,0.0
0,6,3,20488,8445,13.58742973840581,0,53.0,0,0,0,0.0
1,1,1,10801,12029,13.58727155147144,0,1.0,0,0,0,0.0
0,7,3,214852,559,13.587018680530685,0,239.0,0,108,49,134.97682119205297
0,1,1,1874,35,13.586910022077571,0,2.0,0,0,0,0.0
0,1,1,49456,7819,13.58667606892524,0,1.0,0,0,0,0.0
1,1,1,14624,6871,13.58659722896276,0,1.0,0,0,0,0.0
0,1,1,13797,105,13.586461794075442,0,1.0,0,0,0,0.0
0,1,1,8938,9609,13.58642006086379,0,1.0,0,0,0,32.0
1,2,2,281772,17679,13.586288333482749,0,13.0,0,17,50,54.83009708737864
0,1,1,45752,10353,13.586183794481048,0,1.0,0,0,0,0.0
0,1,1,7589,307,13.586070065933884,0,1.0,0,0,0,0.0
0,1,1,138065,90627,13.58479405001379,0,1.0,0,0,0,0.0
0,1,1,10570,1441,13.58471951963125,0,1.0,0,0,0,0.0
1,1,1,59265,5,13.584334826245188,0,5.0,0,0,0,0.0
1,1,1,1491,15,13.583844484774351,0,1.0,0,0,0,0.0
0,1,1,1129,83,13.583649032648715,0,1.0,0,0,0,0.0
0,1,1,12672,227,13.583634297687883,0,4.0,0,0,0,0.0
1,1,1,4788,4405,13.58104652168464,0,1.0,0,0,0,0.0
1,1,1,199206,103,13.579948244249092,0,1.0,0,1,18,41.6
1,1,1,5701,678,13.579466300121528,0,1.0,0,0,0,0.0
1,1,1,5528,347,13.579353553905086,0,1.0,0,0,0,0.0
0,1,1,3420,1407,13.579272495776458,0,1.0,0,0,0,0.0
1,1,1,98582,2498,13.578680118662865,0,2.0,0,0,0,0.0
1,1,1,20525,3093,13.578555362661138,0,1.0,0,0,0,0.0
0,1,1,13486,7591,13.57836513906999,0,1.0,0,0,0,0.0
0,1,1,14000,1724,13.57815381121236,0,4.0,0,0,0,0.0
0,1,1,1402,233,13.578079502646435,0,1.0,0,0,0,0.0
0,1,1,37743,415,13.578046705475549,0,3.0,0,0,0,0.0
0,1,1,2540,117,13.577757424921892,0,2.0,0,0,0,0.0
0,1,1,35206,5864,13.577398303822696,0,4.0,0,0,6,54.5
1,1,1,18275,849,13.577125342634266,0,1.0,0,0,0,0.0
1,1,1,2347,1361,13.57657980051446,0,1.0,0,0,23,90.33333333333331
0,1,1,430697,17686,13.576410110804217,0,1.0,0,0,0,0.0
1,2,2,31769,20536,13.576175492202042,0,14.0,0,0,0,0.0
1,2,2,78577,13934,13.576132808347756,0,13.0,0,1,37,157.75
1,1,1,139282,7780,13.574477327576089,0,1.0,0,0,0,0.0
0,1,1,29770,604,13.57354912010784,0,1.0,0,0,0,0.0
1,1,1,10245,2573,13.573352146953988,0,1.0,0,0,0,0.0
0,1,1,19695,181,13.573222701115268,0,3.0,0,0,0,0.0
0,1,1,125798,25343,13.57272313841088,1,1.0,0,0,0,0.0
1,2,2,1188,396,13.572705107888911,0,12.0,0,0,0,80.66666666666667
0,1,1,37202,3,13.57200470608396,0,1.0,0,0,0,0.0
1,1,1,6106,4420,13.571773351354828,0,2.0,0,0,0,0.0
1,1,1,4146,1,13.571222802517148,0,4.0,0,0,0,0.0
0,1,1,2029,1,13.571137086239611,0,1.0,0,0,0,0.0
1,1,1,40358,7120,13.571039898874286,0,1.0,0,0,0,150.0
0,1,1,2795,5162,13.570447743577304,0,1.0,0,0,0,0.0
1,1,1,1967,134,13.56988898752488,0,1.0,0,0,0,0.0
1,1,1,16466,173,13.569656428648411,0,2.0,0,0,0,0.0
0,1,1,38111,1,13.569198662531852,0,8.0,0,7,39,111.625
0,1,1,1059,1,13.568200139196744,0,4.0,0,0,0,0.0
0,1,1,33528,3024,13.567913108497324,0,1.0,0,0,0,0.0
1,1,1,2398,185,13.567624081448372,0,2.0,0,0,0,0.0
0,1,1,120874,282,13.567111209747102,0,1.0,0,0,0,0.0
1,6,3,19814,793,13.565269973404668,0,58.0,0,22,53,150.5
1,1,1,27985,101,13.564969823836892,0,1.0,0,0,0,0.0
1,1,1,172465,2445,13.564230540748191,0,1.0,0,0,0,0.0
0,1,1,11903,1276,13.563935904907698,0,7.0,0,4,45,240.5
1,1,1,105639,8957,13.563632871723932,1,1.0,0,0,0,0.0
0,1,1,855,20,13.56310133573894,0,1.0,0,0,0,0.0
1,1,1,37225,1,13.562763318906226,0,1.0,0,0,0,0.0
0,1,1,62245,205,13.56252917562537,1,1.0,0,0,0,0.0
1,1,1,897,55,13.562455025499885,0,1.0,0,0,0,0.0
1,1,1,38147,16890,13.561983601817476,0,1.0,0,0,0,0.0
0,1,1,38549,10122,13.561735420713717,0,1.0,0,0,0,0.0
0,1,1,116574,9244,13.561680632009883,0,3.0,0,1,0,38.0
1,1,1,2504,3741,13.56118927652024,0,1.0,0,0,0,0.0
0,1,1,58861,1046,13.560908583438383,0,2.0,0,0,0,0.0
1,1,1,48441,25223,13.560579407582171,0,2.0,0,0,0,0.0
0,1,1,334,108,13.56057246789094,0,1.0,0,0,0,0.0
1,1,1,9696,193,13.559465159350369,0,4.0,0,0,34,188.42857142857144
0,1,1,26452,28954,13.557822670694703,0,2.0,0,0,0,0.0
1,1,1,83604,13247,13.557644520265011,0,1.0,0,1,31,48.125
0,1,1,10128,498,13.557366869239583,0,1.0,0,0,0,0.0
1,1,1,47168,8786,13.556923299386366,0,1.0,0,0,0,0.0
1,1,1,29884,657,13.556746321415924,0,1.0,0,2,13,28.75
0,1,1,2796,2972,13.55661215405212,0,1.0,0,0,0,0.0
1,2,2,242054,221045,13.556574381851444,0,19.0,0,0,0,0.0
0,1,1,23033,27,13.556489552840366,0,2.0,0,0,0,0.0
1,1,1,9680,5606,13.556428838464116,0,1.0,0,0,0,0.0
1,1,1,33300,901,13.555563690290615,0,5.0,0,0,0,0.0
0,1,1,2410,243,13.555393113313912,0,1.0,0,0,0,0.0
0,1,1,25230,443,13.554372154812633,0,1.0,0,0,0,0.0
1,1,1,15174,2140,13.554129138867188,0,2.0,0,0,0,0.0
0,1,1,140898,13609,13.554103534892231,0,2.0,0,0,0,0.0
0,1,1,9291,3913,13.55394556977448,0,1.0,0,0,0,0.0
1,1,1,20342,6260,13.553515530734757,0,1.0,0,0,0,0.0
1,1,1,11817,612,13.55335179838502,0,2.0,0,0,0,0.0
1,2,2,98638,3316,13.552696964050345,0,18.0,0,0,0,35.0
1,1,1,14205,31,13.552206654267598,0,1.0,0,0,0,0.0
1,1,1,58287,2451,13.551609365500392,0,1.0,0,0,0,0.0
0,1,1,8727,1765,13.55160445384678,0,2.0,0,0,0,0.0
0,1,1,99457,7558,13.551582779194716,1,1.0,0,0,0,0.0
1,1,1,73441,14229,13.551384887086316,0,1.0,0,0,0,0.0
0,1,1,23572,178,13.549822093971503,0,9.0,0,0,0,0.0
1,1,1,26401,1734,13.549573944555831,0,1.0,0,0,0,0.0
0,1,1,100788,9265,13.549386351075974,0,9.0,0,0,0,0.0
1,1,1,3672,1597,13.54929828987994,0,2.0,0,0,0,0.0
1,1,1,4058,128,13.549292934593096,0,1.0,0,0,0,0.0
0,1,1,2601,83,13.549200500440945,0,3.0,0,0,0,0.0
1,1,1,3327,384,13.548658444010798,0,1.0,0,0,0,0.0
0,1,1,25022,256,13.548529568557658,0,1.0,0,0,0,0.0
1,1,1,265,1,13.548029308715336,0,2.0,0,0,0,0.0
0,1,1,62260,25073,13.54693496060268,0,8.0,0,2,30,27.666666666666668
0,1,1,7307,655,13.546407353940577,0,1.0,0,2,25,124.9
1,1,1,18005,463,13.545968854181409,0,1.0,0,0,0,0.0
0,1,1,62597,3225,13.545670130577584,0,1.0,0,0,20,20.333333333333332
1,1,1,55534,7617,13.543097184599436,0,1.0,0,0,0,0.0
1,1,1,10698,2061,13.54304854338464,0,1.0,0,0,0,0.0
0,1,1,7700,3075,13.542592710241436,0,2.0,0,0,0,0.0
0,1,1,14269,810,13.54206079399939,0,1.0,0,0,0,0.0
0,1,1,12655,495,13.541931284784496,0,3.0,0,0,0,0.0
0,1,1,35682,73721,13.541635001163431,0,1.0,0,0,0,43.714285714285715
0,1,1,86034,770,13.540350175954924,0,4.0,0,0,46,87.63636363636364
1,1,1,33228,151,13.54032343120881,0,4.0,0,0,0,0.0
0,1,1,513235,192178,13.540237112857604,0,2.0,0,0,0,0.0
0,1,1,581,6,13.540043340200622,0,2.0,0,0,0,0.0
1,2,2,241093,22000,13.539914464747485,0,10.0,0,0,0,0.0
1,1,1,72235,16294,13.539746010872664,1,1.0,0,0,0,0.0
0,1,1,66313,161,13.539700633530911,0,3.0,0,0,0,0.0
0,1,1,2515,1364,13.538788238418483,0,1.0,0,0,0,0.0
1,1,1,90349,650,13.53822222579395,0,2.0,0,0,35,29.0
0,1,1,4934,17018,13.537964062942528,0,1.0,0,0,0,0.0
1,1,1,39671,46713,13.536375158843358,0,3.0,0,0,0,0.0
0,1,1,49973,46,13.536103655306968,0,1.0,0,0,0,0.0
1,1,1,63639,3647,13.535968537300528,0,1.0,0,0,0,70.5
1,1,1,502,241,13.535947433034044,0,4.0,0,0,0,0.0
1,1,1,23795,49,13.535850847742386,0,1.0,0,0,0,0.0
1,1,1,212861,2978,13.535825497272135,0,7.0,0,0,0,0.0
1,1,1,9281,1196,13.535442229850023,0,1.0,0,0,0,0.0
1,1,1,11064,215,13.535404235832736,0,1.0,0,0,0,0.0
1,1,1,15518,88,13.535401764161886,0,4.0,0,0,0,0.0
0,1,1,13995,294,13.535270163533196,0,2.0,0,0,0,0.0
0,1,1,15504,410,13.534801021393108,0,1.0,0,0,0,0.0
0,1,1,16196,2038,13.533690670796105,0,3.0,0,0,0,0.0
0,1,1,3264,2609,13.533527889089005,0,1.0,0,0,0,0.0
0,1,1,134501,29687,13.53308942101792,0,1.0,0,0,0,0.0
0,1,1,3204,386,13.532806351329478,0,2.0,0,0,0,0.0
1,1,1,28487,787,13.532521031786802,0,2.0,0,2,17,496.6666666666667
0,1,1,24915,1,13.532277287015336,0,1.0,0,0,0,0.0
1,1,1,104800,20033,13.532080472301924,0,1.0,0,0,0,0.0
0,1,1,84177,192,13.531975806547871,0,7.0,0,0,0,0.0
0,1,1,50024,18529,13.530902214132734,0,8.0,1,1,29,43.275
1,1,1,14024,132,13.529205538846908,0,1.0,0,0,0,0.0
1,1,1,10409,203,13.52852941011722,0,1.0,0,0,0,0.0
0,1,1,2273,2151,13.527524200595582,0,2.0,0,0,0,0.0
0,1,1,194148,18899,13.527450684231852,0,1.0,0,1,0,223.0
1,1,1,22453,639,13.527439815217734,0,1.0,0,0,0,272.0
1,1,1,5021,3870,13.527083450982175,0,2.0,0,0,0,0.0
1,1,1,14005,644,13.526851113922325,0,1.0,0,0,0,0.0
0,1,1,243,28,13.524180885514587,0,1.0,0,0,0,0.0
0,1,1,4064,11,13.523912138841837,0,3.0,0,0,0,0.0
1,1,1,9307,660,13.52386989862078,0,1.0,0,0,0,0.0
0,1,1,20512,32576,13.52386007531356,0,1.0,0,0,0,0.0
1,5,3,270905,10439,13.523807504775874,0,40.0,0,0,0,0.0
0,1,1,130507,8939,13.523553397999692,0,1.0,0,0,0,0.0
0,1,1,4072,3596,13.523040684738865,0,1.0,0,0,0,0.0
1,1,1,18996,20593,13.522036964557351,0,1.0,0,0,0,0.0
1,1,1,7778,575,13.52168041019327,0,1.0,0,0,0,0.0
1,1,1,97163,101399,13.521678192027125,0,4.0,0,0,0,0.0
0,1,1,91695,1246,13.521548524371788,0,5.0,0,11,28,94.51351351351352
0,1,1,4717,1458,13.521371324584733,0,1.0,0,0,0,0.0
1,2,2,76272,1,13.52110679242766,0,15.0,0,1,43,81.25
0,1,1,3513,2133,13.52097560374411,0,1.0,0,0,0,0.0
1,1,1,158827,6933,13.52076237460121,0,1.0,0,0,0,0.0
1,1,1,13964,5413,13.520630203586938,0,1.0,0,0,0,0.0
1,1,1,13557,22076,13.519834262197223,0,1.0,0,0,0,0.0
0,1,1,10165,6612,13.519706020505842,0,1.0,0,0,0,0.0
1,1,1,10641,683,13.51957182145395,0,1.0,0,0,0,0.0
1,1,1,15982,272,13.51905894975268,0,1.0,0,1,25,54.833333333333336
1,1,1,17656,5704,13.518720299158211,0,1.0,0,0,0,0.0
1,1,1,58036,237,13.518664401371309,0,4.0,0,0,0,0.0
0,1,1,8186,1507,13.518526875070194,0,1.0,0,0,0,0.0
1,1,1,12563,3684,13.518320712370876,0,1.0,0,0,0,0.0
1,1,1,708215,32041,13.518217472580778,0,9.0,0,8,40,39.8
1,1,1,20153,1394,13.51821699725946,0,1.0,0,0,0,47.0
1,1,1,21284,71,13.517834933984687,0,2.0,0,0,0,0.0
1,1,1,52938,978,13.517156935657818,0,1.0,0,0,0,174.5
1,1,1,18595,346,13.517026951121604,0,2.0,0,0,0,0.0
1,1,1,94595,26690,13.514473651757902,0,2.0,0,0,0,0.0
0,1,1,66191,234,13.514224583387684,0,4.0,0,1,0,132.0
0,1,1,37719,20321,13.513904597076936,0,1.0,0,0,0,0.0
0,1,1,7706,432,13.513538029277104,0,1.0,0,0,0,0.0
1,1,1,7198,1135,13.513402087380385,0,1.0,0,0,0,0.0
0,1,1,22316,4498,13.51259572060978,0,4.0,0,0,0,0.0
0,1,1,11737,1064,13.512389621286635,0,2.0,0,0,0,0.0
0,1,1,223071,13743,13.512080472301925,0,1.0,0,0,0,0.0
1,1,1,78415,64818,13.511184174738103,0,5.0,0,0,0,0.0
1,1,1,2487,192,13.510930765099854,0,1.0,0,0,0,0.0
1,1,1,2794,67,13.51046013361964,0,2.0,0,0,0,0.0
1,1,1,17210,4699,13.510430473569446,0,1.0,0,0,0,0.0
1,1,1,779,43,13.510422456483228,0,2.0,0,0,0,0.0
0,1,1,15545,6741,13.510240471794914,0,1.0,0,0,0,0.0
0,1,1,8459,205,13.509076283136713,0,1.0,0,0,0,96.5
1,1,1,4920,4738,13.508923039544046,0,1.0,0,0,0,0.0
0,1,1,243602,2120,13.507934117699545,0,1.0,0,0,0,0.0
0,1,1,157048,3059,13.507843458080307,0,1.0,0,0,0,0.0
0,1,1,18118,8378,13.507492829388646,0,1.0,0,0,0,0.0
0,1,1,8917,3493,13.506357698706973,0,1.0,0,0,0,0.0
1,6,3,62794,4,13.505915713258142,0,72.0,0,0,0,0.0
1,1,1,135267,7089,13.505862730775316,0,1.0,0,0,0,0.0
1,1,1,14785,346,13.505383828704185,0,7.0,0,0,0,0.0
0,1,1,10293,74,13.504417342025857,0,1.0,0,0,0,0.0
0,1,1,150920,743,13.5043410371104,0,3.0,0,0,0,0.0
1,1,1,95111,4294,13.50379175579623,0,1.0,0,0,0,0.0
0,1,1,158,18,13.50314683983304,0,1.0,0,0,0,0.0
1,1,1,5526,1025,13.503088470375287,0,2.0,0,0,0,0.0
1,1,1,35372,7992,13.502683655053463,0,1.0,0,0,0,0.0
0,1,1,1845,146,13.501845029809465,0,1.0,0,0,0,0.0
1,1,1,17392,759,13.501742867414352,0,9.0,0,0,0,0.0
1,1,1,36510,118,13.501439137092657,0,4.0,0,0,67,56.5
1,1,1,41531,7362,13.500324318475268,0,1.0,0,0,0,0.0
1,1,1,1272448,184928,13.5003237164016,1,1.0,0,0,0,0.0
0,1,1,12528,70,13.500294943617863,0,2.0,0,0,0,0.0
1,1,1,14485,2345,13.49959647478627,0,6.0,0,0,0,0.0
1,1,1,22766,4152,13.499540038301872,0,2.0,0,0,0,0.0
1,1,1,6331,1896,13.49953902428306,0,1.0,0,0,0,0.0
1,1,1,9677,4360,13.499534112629451,0,2.0,0,1,0,25.0
0,4,2,92337,2661,13.499500142999311,0,39.0,0,7,47,168.14285714285714
0,1,1,41375,28319,13.499490129563563,0,2.0,0,0,0,0.0
1,1,1,25321,1345,13.4990471934721,0,1.0,0,0,26,224.45454545454547
1,1,1,1816,79,13.498879373359037,0,1.0,0,1,0,29.0
1,2,2,1517,1,13.49882265168185,0,12.0,0,0,0,0.0
1,1,1,87345,3345,13.498817296395009,0,2.0,0,0,0,245.5
1,1,1,126768,9812,13.49862317516906,1,1.0,0,1,4,79.5
0,1,1,52663,4498,13.49772297997044,0,1.0,0,0,0,0.0
0,1,1,7693,2167,13.49748408347641,0,2.0,0,0,0,0.0
0,1,1,4154,8273,13.497460792731866,0,1.0,0,0,0,0.0
1,1,1,12725,215,13.49732637186336,0,1.0,0,0,0,0.0
0,1,1,13310,3241,13.49723241668299,0,1.0,0,0,0,0.0
1,1,1,82536,241,13.497007431259512,0,2.0,0,0,0,0.0
0,1,1,3899,196,13.497001695715618,0,1.0,0,0,0,0.0
0,1,1,4083,140,13.496478430321543,0,1.0,0,0,0,0.0
0,1,1,5597,109,13.496407544069104,0,1.0,0,0,0,0.0
1,1,1,88272,6141,13.49553697723259,0,1.0,0,1,0,68.33333333333333
0,1,1,138881,140910,13.495398912233982,0,2.0,0,0,0,0.0
1,1,1,29807,2849,13.495138816409206,0,2.0,0,0,0,0.0
1,1,1,40520,109,13.495115050343346,0,7.0,0,0,0,0.0
1,1,1,571,1,13.495112768801022,0,2.0,0,0,0,0.0
0,1,1,10893,10568,13.49489263165498,0,1.0,0,0,0,0.0
0,1,1,3496,1599,13.49481027431475,0,1.0,0,0,0,0.0
1,1,1,12446,307,13.494402702129284,0,1.0,0,0,0,0.0
0,1,1,13866,427,13.49405806248622,0,2.0,0,0,0,0.0
1,1,1,12580,4510,13.493657208175373,0,6.0,0,0,0,0.0
1,1,1,48520,191,13.49297591428737,0,1.0,0,0,0,0.0
1,6,3,48298,3450,13.49224347582564,0,65.0,0,19,41,286.3611111111111
1,1,1,4830,1,13.49192421834091,0,1.0,0,0,0,0.0
1,1,1,1032,1022,13.491574698732324,0,1.0,0,0,0,0.0
1,1,1,21579,5000,13.491407860949982,1,1.0,0,0,0,0.0
0,1,1,435496,11309,13.490745041217176,0,1.0,0,0,0,0.0
1,1,1,32496,1054,13.490617940296952,0,1.0,0,0,0,0.0
0,1,1,76293,10560,13.490403380254364,0,1.0,0,0,0,0.0
1,1,1,25274,5122,13.489416042814256,0,1.0,0,0,0,0.0
0,1,1,5003,69,13.488850410446776,0,1.0,0,0,0,0.0
1,1,1,156,1,13.488822683369936,0,3.0,0,0,0,0.0
0,1,1,107232,80600,13.488213860138767,0,1.0,0,0,0,0.0
1,1,1,15379,9743,13.487434143050017,0,1.0,0,0,0,0.0
0,1,1,8792,3534,13.486367553702282,0,1.0,0,0,0,0.0
1,1,1,44768,6685,13.48548706849428,0,5.0,0,0,0,0.0
0,1,1,6084,110,13.48516949047821,0,1.0,0,0,0,0.0
0,1,1,753,1056,13.484192958676044,0,1.0,0,0,0,0.0
0,1,1,41085,14513,13.48415851372459,0,1.0,0,0,0,0.0
1,1,1,24524,939,13.483361590004156,0,1.0,0,0,0,0.0
0,2,2,17184,3390,13.482642270410777,0,10.0,0,9,20,118.340206185567
0,6,3,78050,3264,13.482293638068647,0,94.0,0,0,0,0.0
1,1,1,14909,622,13.482199270943138,0,1.0,0,0,0,0.0
0,3,2,100568,3904,13.481970451261033,0,29.0,0,54,49,103.03883495145632
0,1,1,177295,1011,13.481620614771565,0,2.0,0,0,0,0.0
0,1,1,230,76,13.481055901358632,0,1.0,0,0,0,0.0
0,1,1,16395,17623,13.480652321872231,0,1.0,0,0,0,0.0
1,1,1,39951,12783,13.480226053714958,0,1.0,0,0,0,0.0
0,1,1,7413,1,13.479904578064083,0,2.0,0,0,0,0.0
1,1,1,6447,26804,13.47947295461997,0,1.0,0,0,0,0.0
0,1,1,13525,508,13.47907967376211,0,1.0,0,0,0,0.0
1,1,1,2379,344,13.478812194612871,0,1.0,0,0,0,0.0
1,1,1,3176,1085,13.478604510885338,0,1.0,0,0,0,0.0
0,1,1,6699,1246,13.478547884272414,0,1.0,0,0,0,0.0
0,3,2,8352,9038,13.477894285773164,0,26.0,0,0,0,0.0
1,1,1,27917,1226,13.477812372066165,0,1.0,0,0,0,0.0
1,1,1,83125,925,13.477711160313683,0,1.0,0,0,0,0.0
0,1,1,415490,21036,13.47723124422374,0,1.0,0,1,0,102.66666666666669
0,1,1,178680,1424,13.477172367756584,0,1.0,0,0,0,0.0
0,1,1,48287,2561,13.477100055540191,0,1.0,0,0,0,0.0
1,1,1,15652,3077,13.476729399977032,0,1.0,0,0,0,0.0
1,1,1,81261,46244,13.476567663976828,0,1.0,0,0,0,0.0
1,1,1,119836,2019,13.47599879942439,0,1.0,0,0,0,20.0
1,1,1,168577,3938,13.475873061091944,0,1.0,0,3,41,58.5
1,1,1,1763,158,13.47543592392055,0,1.0,0,0,0,0.0
0,1,1,1224,2703,13.474957877427787,0,1.0,0,0,0,0.0
1,1,1,18305,222,13.474887498184753,0,1.0,0,0,0,0.0
1,1,1,12702,11689,13.474848014827336,0,1.0,0,0,0,0.0
1,1,1,17666,303,13.474611019618576,0,1.0,0,0,0,0.0
0,1,1,33032,157,13.474530088242298,0,2.0,0,0,29,195.5
1,1,1,117937,3936,13.474420700963163,0,2.0,0,0,0,0.0
0,1,1,9135,168,13.47303231908368,0,1.0,0,13,46,83.33333333333333
0,1,1,14293,976,13.472682038960984,0,1.0,0,0,0,0.0
1,1,1,41125,1389,13.47257265168185,0,1.0,0,0,0,0.0
0,1,1,28462,2967,13.472364429256825,0,1.0,0,0,0,0.0
1,1,1,53317,9802,13.472215653684538,0,4.0,0,0,0,0.0
1,1,1,400832,17569,13.472171448802037,1,1.0,0,0,0,0.0
1,1,1,38754,683,13.471145198390092,0,1.0,0,0,0,0.0
1,1,1,104245,17512,13.469692489692346,0,5.0,0,2,5,229.66666666666663
1,1,1,4995,122,13.469233265923744,0,1.0,0,0,0,0.0
1,1,1,48543,9554,13.46893023273998,0,2.0,0,0,0,0.0
1,1,1,40401,2457,13.467601677970288,0,8.0,0,0,0,0.0
1,1,1,63298,9553,13.46710138643988,0,1.0,0,0,0,0.0
0,1,1,536,24,13.466255060990544,0,1.0,0,0,0,0.0
1,1,1,16304,2821,13.466072949549876,0,1.0,0,0,0,0.0
1,1,1,38288,19408,13.465736675561994,0,2.0,0,0,0,0.0
1,1,1,113685,6773,13.465336993710396,0,1.0,0,0,0,0.0
0,1,1,66709,4968,13.464927520239662,0,1.0,0,0,0,87.75
1,1,1,24508,357,13.4648153444088,0,1.0,0,0,0,0.0
1,1,1,5611,509,13.464199739926835,0,1.0,0,0,0,0.0
1,1,1,258309,25612,13.46399455955824,0,2.0,0,0,0,15.5
0,1,1,29330,10858,13.463805920371485,0,1.0,0,0,0,0.0
1,1,1,14610,8998,13.462616919940526,0,1.0,0,0,0,0.0
0,1,1,14354,241,13.46232098488843,0,1.0,0,0,0,0.0
0,1,1,103763,1350,13.461905047047784,0,1.0,0,0,0,0.0
1,1,1,3265,1419,13.46146705429802,0,3.0,0,0,0,0.0
0,1,1,18888,2963,13.46142395849859,0,1.0,0,0,0,0.0
0,1,1,9624,850,13.461184586683244,0,1.0,0,0,0,32.0
0,1,1,59043,578,13.46105865822227,0,9.0,0,5,43,50.9
0,1,1,28667,3514,13.4609782338554,0,1.0,0,0,0,0.0
1,1,1,4327,189,13.460671366413008,0,1.0,0,0,0,0.0
0,2,2,314035,4658,13.46066338101488,0,10.0,0,0,0,0.0
0,1,1,7319,292,13.460368016348363,0,1.0,0,0,0,0.0
0,1,1,37379,107,13.45950369206515,0,1.0,0,0,0,0.0
0,5,3,38297,806,13.459358021925468,0,43.0,0,16,51,75.75384615384615
1,1,1,11347,1268,13.458872401979718,0,1.0,0,0,0,0.0
1,1,1,23578,275,13.458809532813495,0,4.0,0,0,0,0.0
0,1,1,11590,2190,13.458723309526553,0,3.0,0,0,0,0.0
1,1,1,28785,8814,13.458299798232918,0,3.0,0,0,0,0.0
1,1,1,88424,13104,13.458216521938144,0,7.0,0,0,0,0.0
0,1,1,8559,1,13.457610107001646,0,1.0,0,0,0,0.0
0,3,2,36084,1665,13.456812549519457,1,20.0,0,0,0,37.0
1,1,1,8673,65,13.456528719316903,0,1.0,0,0,0,0.0
0,1,1,2474,272,13.45646169901118,0,1.0,0,0,0,0.0
1,1,1,6002,284,13.455970470273884,0,1.0,0,0,0,0.0
0,1,1,10619,924,13.455806167538569,0,1.0,0,0,0,0.0
0,1,1,23037,2648,13.45579992498527,0,1.0,0,0,0,0.0
1,1,1,102554,20519,13.45503814335422,0,9.0,0,0,0,0.0
1,1,1,45711,7413,13.45485042312201,0,1.0,0,0,0,0.0
0,1,1,16004,291,13.45473241668299,0,1.0,0,0,0,0.0
1,2,2,1085001,33258,13.454610702737696,0,16.0,0,0,0,0.0
1,1,1,77597,913,13.453582044031078,0,1.0,0,0,0,0.0
1,1,1,51144,830,13.453105645318882,0,1.0,0,0,0,0.0
0,1,1,153734,38280,13.453057479425404,0,1.0,0,0,0,0.0
0,1,1,13112,2898,13.451729399977031,0,3.0,0,0,0,0.0
0,1,1,59141,11604,13.4516694144268,0,1.0,0,0,0,0.0
0,1,1,242898,18597,13.451630881712015,0,5.0,0,0,0,0.0
1,1,1,2298,33,13.451063506499708,0,2.0,0,0,0,0.0
1,1,1,2520,32,13.450802269903768,0,1.0,0,0,0,0.0
1,1,1,160503,6600,13.450371533726113,0,1.0,0,0,0,84.0
1,1,1,27791,876,13.450187077366946,0,1.0,0,0,0,0.0
1,1,1,16655,9630,13.448920155928054,0,1.0,0,0,0,0.0
0,1,1,16434,1132,13.448436944276978,0,1.0,0,0,0,0.0
0,1,1,27486,3674,13.448179985572894,0,1.0,0,0,0,0.0
0,1,1,14089,1855,13.447895838489464,0,3.0,0,0,36,102.83333333333331
0,1,1,9283,198,13.447804957053616,1,6.0,0,0,0,59.0
0,1,1,3679,379,13.447777863738532,0,1.0,0,0,0,0.0
1,1,1,77819,118919,13.447720761804293,1,1.0,0,0,0,0.0
1,1,1,13597,2320,13.446892181684133,0,1.0,0,0,0,0.0
1,1,1,12900,415,13.446826777470884,0,1.0,0,0,0,0.0
0,1,1,21307,8258,13.446809095517883,0,1.0,0,0,0,0.0
1,1,1,48564,5479,13.446673248685425,0,9.0,0,0,0,0.0
1,1,1,7384,7477,13.445879050140542,0,1.0,0,0,0,0.0
0,1,1,1045,53,13.445716933883284,0,1.0,0,0,0,0.0
0,1,1,11218,517,13.445711737036884,0,1.0,0,0,0,0.0
1,1,1,16058,2713,13.445649723449032,0,2.0,0,0,0,0.0
0,3,2,62268,4802,13.444466014928738,0,23.0,0,0,0,0.0
0,1,1,1521,626,13.44423592772312,0,1.0,0,0,0,0.0
1,1,1,5784,212,13.442734514434404,0,1.0,0,0,0,0.0
0,1,1,287540,19518,13.44270441075098,1,1.0,0,0,0,0.0
1,1,1,204640,3216,13.44231372831632,0,1.0,0,0,0,0.0
1,1,1,20717,13586,13.441987721268893,1,1.0,0,0,0,0.0
0,1,1,47648,5147,13.441978214842546,0,7.0,0,0,0,0.0
0,1,1,30973,1659,13.441375507412324,0,1.0,0,0,0,0.0
1,1,1,216103,429,13.439308018122896,0,2.0,0,0,0,0.0
1,1,1,42306,6811,13.439297782870533,0,1.0,0,0,6,52.25
1,1,1,11273,254,13.43915778489857,0,1.0,0,0,0,0.0
0,1,1,149050,18797,13.439103281387531,0,1.0,0,0,0,0.0
0,1,1,68376,32835,13.439079261816968,1,1.0,0,1,0,86.0
0,1,1,30200,3955,13.439074223411003,0,1.0,0,0,0,0.0
0,1,1,145607,1273,13.438650236796054,0,1.0,0,0,0,0.0
0,1,1,773,59,13.438357565617004,0,2.0,0,0,0,0.0
1,1,1,5751,494,13.43771369536071,0,1.0,0,0,0,0.0
0,1,1,3380,133,13.437647815826145,0,1.0,0,0,0,0.0
1,1,1,37166,2066,13.437305837982455,0,1.0,0,0,0,0.0
1,1,1,17041,3050,13.437229438002737,0,1.0,0,0,0,0.0
1,1,1,4731,942,13.436985756607449,0,1.0,0,0,0,0.0
0,1,1,19704,3255,13.436536482898418,0,2.0,0,0,0,0.0
0,1,1,31339,63214,13.434948909698935,0,1.0,0,0,0,0.0
1,1,1,19835,672,13.43488797350607,0,1.0,0,0,0,0.0
0,1,1,73076,1510,13.434267203865794,0,1.0,0,0,0,0.0
1,1,1,80182,23035,13.43412590668223,0,1.0,0,0,0,0.0
0,1,1,16207,4642,13.433855417164647,0,1.0,0,0,0,0.0
0,1,1,99239,9227,13.43372799936355,0,2.0,0,4,39,113.41176470588236
0,1,1,2374,1289,13.433692096760057,0,1.0,0,0,0,0.0
0,1,1,89567,6686,13.433574438890004,0,1.0,0,0,0,0.0
1,1,1,36377,21,13.43349211323786,0,2.0,0,0,0,0.0
1,1,1,2149,3864,13.43316103609638,0,1.0,0,0,0,0.0
0,1,1,130799,3299,13.432277477143865,0,3.0,0,0,35,142.66666666666666
0,1,1,3246,2595,13.431762704157324,0,1.0,0,0,0,0.0
1,1,1,1525,1,13.430871476687551,0,1.0,0,0,0,0.0
1,1,1,53047,4896,13.430713860138766,0,1.0,0,1,0,78.0
1,1,1,7008,201,13.430574654369,0,1.0,0,0,0,0.0
1,2,2,47076,538,13.4302150262604,0,14.0,0,0,19,31.0
1,1,1,1412,73,13.430198421702384,0,1.0,0,0,0,0.0
1,1,1,1727,314,13.430067233018834,0,1.0,0,0,0,0.0
0,1,1,94316,456,13.42940349433148,1,2.0,0,2,31,342.6666666666667
1,1,1,22394,438,13.429354472859632,0,1.0,0,0,0,0.0
0,1,1,27109,106,13.428782407810326,0,1.0,0,0,0,0.0
1,1,1,20454,656,13.428652011328971,0,1.0,0,0,0,0.0
1,1,1,33392,447,13.428313740991555,0,4.0,0,0,0,0.0
0,1,1,41751,5609,13.42815190992709,0,1.0,0,0,0,0.0
1,1,1,52844,507,13.427996289727837,0,1.0,0,0,0,0.0
0,1,1,77711,23594,13.4278109777903,0,2.0,0,0,0,0.0
1,1,1,853,955,13.427768579128804,0,1.0,0,0,0,0.0
0,1,1,14618,15695,13.427718163381092,0,1.0,0,0,0,0.0
0,1,1,2764,9,13.426169408089182,0,3.0,0,0,1,266.0
1,1,1,34181,2828,13.425979438002736,0,1.0,0,0,0,0.0
0,1,1,8847,4382,13.425889982530837,0,1.0,0,0,0,0.0
0,1,1,872,53,13.425777363066748,0,1.0,0,0,0,0.0
1,1,1,827,1173,13.425421664281034,0,2.0,0,0,0,0.0
0,1,1,65698,5879,13.425005884880823,0,2.0,0,0,0,3.0
1,1,1,1865,912,13.424356500897252,0,2.0,0,0,0,0.0
1,1,1,5351,2808,13.424140958523942,0,1.0,0,0,0,0.0
1,1,1,12936,687,13.42381989481821,0,2.0,0,0,0,0.0
1,1,1,7434,2925,13.423782597938851,0,1.0,0,0,0,0.0
0,1,1,19379,3137,13.423451520797371,0,2.0,0,4,15,119.16666666666669
1,1,1,24843,230,13.423240699949146,0,2.0,0,0,0,0.0
0,1,1,3662,1,13.423070725046111,0,1.0,0,0,0,0.0
1,1,1,5259,246,13.422738570509644,0,1.0,0,0,0,0.0
1,1,1,77138,120588,13.421742138588332,0,1.0,0,0,0,0.0
1,1,1,5839,6,13.421489869721244,0,1.0,0,0,0,0.0
0,1,1,4082,4036,13.4212749294216,0,1.0,0,0,0,0.0
0,1,1,15343,347,13.421184840187946,0,1.0,0,0,0,0.0
0,1,1,12549,80,13.421041736783378,0,1.0,0,0,0,0.0
0,1,1,51595,5142,13.420849833723576,0,2.0,0,0,0,112.0
0,1,1,1317,423,13.420841151187515,0,1.0,0,0,0,0.0
1,1,1,1928,7155,13.420535171011585,1,1.0,0,0,0,0.0
0,1,1,203019,21595,13.420282395135091,0,2.0,0,0,0,0.0
1,1,1,20148,42,13.420180866501736,0,1.0,0,0,0,0.0
1,1,1,10355,2164,13.419967954239713,0,2.0,0,0,0,0.0
1,1,1,358,971,13.419686849212717,0,1.0,0,0,0,0.0
1,7,3,31367,1456,13.41966603013902,1,105.0,0,21,981,163.46376811594203
1,1,1,27974,1496,13.419605917836437,0,3.0,0,0,0,0.0
1,1,1,51326,590,13.41950353362471,0,3.0,0,9,51,45.67156862745098
1,1,1,43716,66,13.41931872869658,0,1.0,0,0,0,0.0
1,1,1,255,328,13.418377022102922,0,1.0,0,0,0,0.0
0,2,2,12017,1205,13.418166930080714,0,13.0,0,0,0,0.0
0,1,1,24622,830,13.417469190075137,0,1.0,0,0,0,0.0
1,2,2,4838,378,13.417248894488656,0,15.0,0,0,0,0.0
0,2,2,72134,1502,13.417243222320936,0,15.0,0,1,2149,40.125
1,1,1,42304,425,13.416826207085302,0,1.0,0,0,0,0.0
1,1,1,40977,8410,13.41682246789094,0,4.0,0,0,0,0.0
0,1,1,3674,101,13.416818760384666,0,1.0,0,0,0,0.0
1,1,1,27393,4981,13.416153754173802,0,3.0,0,0,0,0.0
0,1,1,2105,534,13.416152581714552,0,1.0,0,0,0,0.0
1,1,1,37785,28050,13.415841056123252,0,1.0,0,0,0,0.0
0,4,2,100632,2587,13.41544869421994,1,39.0,0,40,50,239.0704225352113
0,1,1,125661,631,13.415326409889063,0,1.0,0,0,0,0.0
0,1,1,139812,4500,13.415213758736886,0,1.0,0,0,5,8.0
1,1,1,2105,1,13.414743127256672,0,6.0,0,0,0,0.0
0,1,1,5626,182,13.414431379848756,0,1.0,0,0,0,0.0
1,1,1,72233,3268,13.41439059727974,0,2.0,0,0,22,117.5
1,6,3,35741,946,13.41396065330428,0,57.0,0,0,0,0.0
0,1,1,25371,10286,13.413876362990695,0,1.0,0,1,7,46.5
0,1,1,14164,194,13.413846005802569,0,3.0,0,0,0,0.0
0,1,1,9292,37,13.413730946355717,0,1.0,0,0,0,0.0
0,1,1,143484,3771,13.41276328721814,0,1.0,0,0,0,0.0
0,1,1,11279,963,13.412550153139502,0,1.0,0,0,0,0.0
0,1,1,27161,9125,13.411621502038024,0,1.0,0,0,0,0.0
0,1,1,25505,1836,13.411492182951656,0,2.0,0,0,0,0.0
1,1,1,2819,4,13.411409445354373,0,1.0,0,0,0,0.0
1,1,1,10269,146,13.410484533447256,0,1.0,0,1,0,61.25
1,1,1,14117,6242,13.410377586150885,1,1.0,0,0,0,0.0
0,1,1,159111,381,13.409838349960554,0,1.0,0,0,0,0.0
1,1,1,39363,24896,13.4096666005246,0,5.0,0,0,0,0.0
0,1,1,35440,1172,13.40962908182863,0,1.0,0,0,0,0.0
0,1,1,66783,10517,13.408990345042564,0,1.0,0,0,1,82.2
1,1,1,33100,1804,13.408816345752374,0,1.0,0,0,0,0.0
0,1,1,23259,4426,13.40858606841823,0,1.0,0,0,0,0.0
1,1,1,3045,3,13.407055090143585,0,4.0,0,0,0,0.0
0,1,1,7554,45,13.406890121958424,0,1.0,0,0,0,0.0
0,1,1,137198,6850,13.406825731763986,0,2.0,0,0,0,0.0
1,1,1,171725,24266,13.406754148373611,0,1.0,0,1,0,17.0
1,1,1,8406,380,13.40672753037985,0,4.0,0,0,0,0.0
0,3,2,9293,2320,13.406597862724515,0,24.0,0,0,0,50.0
1,1,1,114452,23189,13.406565002177452,0,1.0,0,0,0,0.0
0,1,1,5583,1864,13.406405389279133,0,1.0,0,0,0,0.0
0,1,1,25013,837,13.404958891446595,0,1.0,0,0,0,0.0
1,1,1,29871,7224,13.404596506474356,0,3.0,0,2,49,71.96
1,1,1,7748,1,13.404099890762136,0,1.0,0,0,0,0.0
1,1,1,67826,183,13.403980426671076,0,1.0,0,0,0,0.0
0,1,1,34856,31706,13.403880894387251,0,2.0,0,0,0,0.0
1,2,2,9105,770,13.403726193142544,0,16.0,0,14,49,109.36
1,1,1,35513,180,13.403673115595456,0,1.0,0,0,0,0.0
0,1,1,57878,1195,13.403661676195757,0,1.0,0,0,0,0.0
1,1,1,67814,3608,13.403652550026464,0,2.0,0,0,0,0.0
1,1,1,17009,4279,13.403419325700153,0,1.0,0,0,0,0.0
1,1,1,51623,2481,13.403331834889698,0,1.0,0,0,0,0.0
0,1,1,6715,158,13.40310843387061,0,2.0,0,0,0,0.0
0,1,1,74004,4178,13.401577423907876,0,1.0,0,0,0,0.0
0,1,1,8806,457,13.401530367097472,0,2.0,0,0,0,0.0
0,1,1,163658,2677,13.401288365170837,0,1.0,0,0,0,0.0
1,1,1,126,2,13.400572816459906,0,1.0,0,0,0,0.0
1,1,1,134926,19464,13.40049331104758,0,1.0,0,1,47,33.4
0,1,1,3262,936,13.400292883892158,0,1.0,0,0,0,0.0
0,1,1,2606,40,13.39983141026932,0,1.0,0,0,0,0.0
0,1,1,1238,1,13.399078247798158,0,1.0,0,0,0,0.0
1,1,1,28678,9946,13.398686424592338,0,2.0,0,0,0,12.0
0,1,1,69368,4124,13.398646497601693,0,1.0,0,0,0,0.0
1,1,1,47188,1909,13.398041255124443,0,1.0,0,1,0,26.5
0,1,1,29704,697,13.397908196843712,0,3.0,0,0,0,0.0
1,1,1,4961,479,13.397530696653584,0,1.0,0,0,0,0.0
0,1,1,1013,50,13.396686430929956,0,1.0,0,0,0,0.0
0,1,1,128,484,13.39661719245808,0,2.0,0,0,0,0.0
0,1,1,12893,37,13.39659909855994,0,1.0,0,0,0,0.0
1,2,2,4434,918,13.3965560344486,0,15.0,0,0,0,0.0
1,1,1,7951,481,13.39654617945329,0,6.0,0,0,0,0.0
1,1,1,53730,317,13.395087545083122,0,1.0,0,0,0,0.0
0,1,1,6636,181,13.39502001776799,0,1.0,0,0,0,0.0
1,1,1,6435,942,13.394819527236391,0,4.0,0,4,27,106.375
1,1,1,22915,5316,13.394740053512152,0,1.0,0,0,0,0.0
1,1,1,78832,5466,13.394507938268916,0,1.0,0,0,0,0.0
1,1,1,35781,1911,13.392907404641518,0,1.0,0,0,0,0.0
1,1,1,1102,1,13.392685461274468,0,1.0,0,0,0,0.0
1,1,1,3286,1,13.392288567974598,0,3.0,0,0,0,0.0
1,2,2,99249,1483,13.392105474203207,0,13.0,0,13,44,77.26530612244898
1,1,1,8982,15090,13.390730813265748,0,5.0,0,0,0,15.625
1,1,1,47349,983,13.39047753037985,0,1.0,0,0,0,0.0
1,1,1,18183,3399,13.389901504319566,0,4.0,0,0,0,0.0
1,1,1,119707,665,13.38988059018161,0,3.0,0,0,0,0.0
0,1,1,23453,5355,13.389640331099804,0,2.0,0,0,0,0.0
0,1,1,993,900,13.389500396504015,0,2.0,0,0,0,0.0
1,1,1,10575,1073,13.389445449359746,0,1.0,0,0,0,215.0
0,1,1,4787,1,13.388901966965648,0,1.0,0,0,0,0.0
0,1,1,7223,498,13.388658760891676,0,2.0,0,0,0,0.0
1,1,1,11968,1855,13.38848618756544,1,1.0,0,0,0,0.0
1,1,1,251,73,13.3876609346945,0,1.0,0,0,0,0.0
0,1,1,1934,9,13.385899108700128,0,1.0,0,0,0,0.0
1,1,1,711,176,13.385686037997669,0,1.0,0,0,0,0.0
0,1,1,16801,20693,13.385105607293177,0,1.0,0,0,0,0.0
1,1,1,32415,5573,13.384884963137727,0,8.0,0,0,0,0.0
0,1,1,45213,12344,13.38437842905402,0,1.0,0,0,0,0.0
1,1,1,69663,16705,13.383979317588002,0,2.0,0,0,0,0.0
1,1,1,11958,78,13.383707940803964,0,1.0,0,0,0,0.0
0,1,1,13968,863,13.38369158975065,0,1.0,0,0,0,0.0
1,1,1,47468,1369,13.38300478213537,0,1.0,0,0,0,0.0
1,1,1,208745,21961,13.382807935733869,0,3.0,0,0,0,0.0
0,1,1,29602,6485,13.382441304557862,0,6.0,0,0,0,0.0
1,1,1,2005,661,13.382192901637486,0,1.0,0,0,0,0.0
1,1,1,5680,669,13.381964303771996,0,1.0,0,0,0,0.0
1,1,1,127386,4769,13.381667576517705,0,1.0,0,0,0,21.0
1,1,1,134983,11281,13.3812998996348,0,2.0,0,0,0,0.0
1,6,3,37776,6155,13.380342380685322,0,55.0,0,11,38,96.16981132075472
0,2,2,7018,1662,13.380146358174104,0,18.0,0,1,0,203.0
0,1,1,548,75,13.379945487385452,0,1.0,0,0,0,0.0
1,1,1,50577,372,13.379432742436531,0,1.0,0,0,0,0.0
1,1,1,8636,59,13.378555109156435,0,2.0,0,0,0,0.0
0,1,1,116,1,13.377648988285394,0,1.0,0,0,0,0.0
0,1,1,2442,2024,13.377403817549975,0,1.0,0,0,0,0.0
1,1,1,16232,467,13.37717734278637,0,2.0,0,0,0,0.0
1,1,1,444,2708,13.37678000585327,0,1.0,0,0,0,0.0
1,1,1,80,1,13.376383936443682,0,1.0,0,0,0,0.0
1,1,1,3109,2192,13.376233988412146,0,1.0,0,0,0,0.0
1,1,1,4478,1203,13.376228633125306,0,1.0,0,0,0,0.0
1,1,1,97,124,13.376163577481025,0,1.0,0,0,0,0.0
0,1,1,14445,1404,13.37529751035298,0,1.0,0,0,0,0.0
1,1,1,967,1331,13.375186633733716,0,1.0,0,0,0,0.0
0,1,1,35246,776,13.374559684916315,0,1.0,0,0,0,0.0
1,1,1,12352,214,13.374436386566632,0,1.0,0,0,0,0.0
1,1,1,6480,96,13.37433248132669,0,1.0,0,1,0,68.0
1,1,1,58053,2293,13.374280639615026,0,1.0,0,0,0,0.0
1,1,1,24814,4955,13.374191247519304,0,2.0,0,0,0,0.0
0,1,1,120954,5585,13.374183198744998,0,5.0,0,0,0,0.0
0,1,1,16450,2492,13.374179776431514,0,1.0,0,0,0,0.0
0,1,1,18368,36,13.374061928432932,0,1.0,0,0,0,0.0
1,1,1,143665,26881,13.373350435797246,1,1.0,0,0,0,0.0
1,1,1,7569,23,13.373114296166856,0,2.0,0,0,0,0.0
0,1,1,297,83,13.372979653481734,0,1.0,0,0,0,0.0
0,1,1,117959,2933,13.372607540266534,1,6.0,0,0,45,122.51428571428572
0,1,1,14165,785,13.37256279668654,0,3.0,0,0,0,0.0
1,1,1,33962,518482,13.371716597989554,0,1.0,0,0,0,0.0
0,1,1,3890,8469,13.37148064848769,0,1.0,0,0,0,0.0
1,1,1,31761,3064,13.371083279866502,0,1.0,0,0,0,0.0
1,1,1,4114,4,13.370960330085785,0,1.0,0,0,0,0.0
1,1,1,44612,1541,13.370922336068496,0,1.0,0,0,0,57.0
1,1,1,23025,134,13.370751885844143,0,3.0,0,0,0,0.0
0,1,1,4158,195,13.370581403931704,0,3.0,0,0,0,0.0
1,1,1,93626,19772,13.370472238469183,1,1.0,0,0,0,0.0
1,1,1,351818,25494,13.368012767533498,0,1.0,0,0,0,0.0
1,1,1,56844,2036,13.36797898803189,0,1.0,0,0,0,0.0
1,1,1,21809,274,13.367966851494256,0,1.0,0,0,0,0.0
0,3,2,281064,6115,13.367552624810353,0,26.0,0,3,45,101.4255319148936
1,1,1,62068,7168,13.367442603769462,0,2.0,0,0,9,273.75
1,1,1,114159,1761,13.36744174819109,0,1.0,0,0,0,0.0
1,1,1,27096,78,13.366252906200572,0,1.0,0,0,0,0.0
1,5,3,210611,2625,13.365881268306689,0,42.0,0,5,47,97.72727272727272
1,1,1,186,133,13.365684580345627,0,1.0,0,0,0,0.0
0,1,1,172899,682,13.365486846677667,0,3.0,0,0,32,46.25
0,1,1,61013,47,13.365253305470478,0,1.0,0,0,0,0.0
1,1,1,5818,12,13.363287820135724,0,1.0,0,0,0,0.0
0,1,1,106103,9250,13.36323166884412,0,2.0,0,1,0,219.0
1,1,1,947,156,13.362651238139629,0,1.0,0,0,0,0.0
0,1,1,5653,1987,13.362355746720764,0,1.0,0,0,0,0.0
1,1,1,96118,1164,13.362301781907217,0,1.0,0,0,0,0.0
0,2,2,12949,21,13.362042731789336,0,12.0,0,0,0,0.0
0,1,1,6440,63,13.361277210963925,0,1.0,0,0,0,0.0
0,1,1,61877,1961,13.361010650769233,0,1.0,0,0,0,127.0
0,1,1,87187,9197,13.360709994192051,0,8.0,0,0,56,131.75
0,1,1,92240,379,13.360319121628867,0,1.0,0,0,0,0.0
1,1,1,10985,569,13.359814742335132,0,1.0,0,15,42,67.85714285714286
0,1,1,21190,19526,13.359096405072476,0,1.0,0,0,0,0.0
0,1,1,780,108,13.358004275125964,0,1.0,0,0,0,0.0
1,1,1,1238,68,13.357689865918674,0,1.0,0,0,0,0.0
0,1,1,3510,116,13.357447452046896,0,1.0,0,0,0,0.0
0,1,1,14889,158,13.35733679724425,0,2.0,0,0,0,0.0
1,1,1,305612,14646,13.357155668134306,1,7.0,0,1,0,585.0
1,1,1,48719,702,13.357150883233045,0,8.0,0,0,0,0.0
1,1,1,2238,2926,13.355492328716858,0,2.0,0,0,0,0.0
1,1,1,40977,703,13.355425118282604,0,2.0,0,0,0,0.0
1,1,1,83783,1625,13.35383295031039,0,1.0,0,0,0,0.0
0,1,1,242844,88806,13.352853534892231,0,1.0,0,0,0,0.0
1,1,1,53777,1068542,13.352737651555096,1,2.0,0,0,0,0.0
1,1,1,453,19,13.351910972720203,0,1.0,0,0,0,0.0
0,1,1,878,936,13.35114158594808,0,1.0,0,0,0,0.0
1,1,1,6075,3031,13.349903975990417,0,1.0,0,0,0,0.0
0,1,1,47158,2688,13.349655414629602,0,1.0,0,0,0,0.0
1,1,1,2429,413,13.349612223765911,0,1.0,0,0,0,0.0
0,1,1,7171,26,13.349283966864247,0,1.0,0,0,0,0.0
0,1,1,90874,7195,13.349221509643163,0,1.0,0,2,22,206.8181818181818
0,1,1,53196,11759,13.349084268534842,0,1.0,0,0,0,0.0
0,1,1,44909,2228,13.348777559532891,0,5.0,0,0,0,0.0
0,1,1,3085,833,13.348576625368064,0,1.0,0,0,0,0.0
0,1,1,1745,17,13.348396383524577,0,1.0,0,0,0,0.0
0,1,1,252195,19706,13.347533548581488,0,4.0,0,0,0,0.0
1,1,1,13008,1693,13.347447008413669,0,1.0,0,0,0,0.0
1,1,1,90499,360,13.3471538619133,0,1.0,0,0,0,0.0
0,1,1,14327,4168,13.34663851854118,0,2.0,0,0,0,0.0
1,1,1,103825,3472,13.346389355106698,0,3.0,0,0,0,30.0
1,1,1,16465,3755,13.34633643600005,0,1.0,0,0,0,0.0
1,1,1,29530,29,13.346223024333762,0,1.0,0,0,0,0.0
1,7,3,846470,9978,13.346102989857124,0,160.0,0,42,51,73.96464646464646
0,1,1,41509,35555,13.345355531241768,0,1.0,0,0,0,0.0
1,6,3,77747,1510,13.344777350391512,0,63.0,0,18,49,104.71014492753623
0,1,1,2657,243,13.344027895426622,0,1.0,0,0,0,0.0
1,1,1,28524,6979,13.342225096734706,0,3.0,0,1,46,145.5
1,1,1,46313,5563,13.342055343648283,0,1.0,0,0,0,0.0
0,1,1,133882,2032,13.341770784619715,0,1.0,0,0,0,0.0
0,1,1,2383,4940,13.341702528478564,0,1.0,0,0,0,0.0
1,1,1,90126,4397,13.3416127244377,0,1.0,0,0,0,0.0
1,1,1,2082,2741,13.34139762569762,0,1.0,0,0,0,0.0
0,1,1,46025,14778,13.340660307270362,0,2.0,0,0,0,0.0
1,1,1,19070,417,13.340553550102516,0,1.0,0,0,0,189.8
1,3,2,87698,1415,13.340254382865464,0,23.0,0,5,1259,105.42857142857144
0,1,1,97689,4323,13.340013997031306,0,1.0,0,0,0,80.0
1,1,1,11478,542,13.3392692635915,0,1.0,0,0,0,0.0
1,1,1,19129,5550,13.338059887720078,0,2.0,0,0,0,0.0
0,1,1,17733,1922,13.336120101424545,0,1.0,0,0,0,0.0
1,1,1,7754,1283,13.33573540803848,0,1.0,0,0,0,0.0
0,1,1,5708,67,13.3357298943112,0,1.0,0,0,0,0.0
1,1,1,50868,6495,13.33488448781641,0,3.0,0,0,0,0.0
1,2,2,1078975,1229,13.334550907315991,1,12.0,0,9,56,120.10526315789474
1,1,1,11214,19688,13.334478690163865,0,1.0,0,0,0,0.0
1,1,1,66175,13135,13.33428029104606,0,1.0,0,0,0,0.0
0,1,1,180406,21352,13.333503837830351,0,1.0,0,0,0,129.5
0,1,1,24145,3092,13.333466414198645,1,1.0,0,0,0,0.0
1,1,1,49689,188,13.332886712320176,0,2.0,0,0,0,0.0
1,1,1,192639,26824,13.332600030189722,0,1.0,0,0,0,0.0
0,1,1,1845,705,13.33245321927888,0,1.0,0,0,0,0.0
0,1,1,2112,634,13.332317911143914,0,1.0,0,0,0,0.0
1,1,1,4446,157,13.33220662257951,0,1.0,0,0,0,0.0
1,1,1,1898,222,13.331856786090045,0,1.0,0,0,0,0.0
0,1,1,8552,8127,13.33130468453606,0,1.0,0,0,0,0.0
1,1,1,26024,99,13.330942774885136,0,7.0,0,0,0,0.0
0,1,1,8033,3407,13.330165180898266,0,2.0,0,0,0,0.0
1,1,1,315422,145182,13.3299274251754,0,1.0,0,0,0,0.0
1,1,1,11605,118,13.329858186703524,0,1.0,0,0,0,0.0
0,1,1,14277,8314,13.32964473574401,0,1.0,0,0,0,0.0
1,1,1,87627,18216,13.32940061071549,1,1.0,0,0,0,0.0
0,1,1,3408,1,13.329365753818896,0,1.0,0,0,0,0.0
1,1,1,4137,3676,13.32910429540634,0,1.0,0,0,0,0.0
1,1,1,28632,342,13.328923704993889,0,1.0,0,0,0,0.0
0,1,1,108346,1703,13.328113884221713,0,1.0,0,0,0,115.0
1,1,1,68016,136,13.327692369277612,0,1.0,0,2,28,29.25
1,1,1,5077,8413,13.327623194181914,0,1.0,0,0,0,0.0
1,1,1,1949,1390,13.327323868504422,0,1.0,0,0,0,32.0
1,1,1,49512,658,13.32731128833356,0,1.0,0,0,0,0.0
1,1,1,161417,14806,13.327111051306662,0,8.0,0,0,0,28.333333333333332
0,1,1,1560,408,13.326911859986664,0,1.0,0,0,0,0.0
0,1,1,2662,118,13.326878207237405,0,1.0,0,0,0,0.0
0,1,1,73945,1824,13.326711622959769,0,1.0,0,0,0,0.0
1,1,1,47280,398,13.32619710347793,0,1.0,0,0,0,0.0
0,1,1,33172,187,13.325421062207363,0,3.0,0,0,0,0.0
0,1,1,36451,6757,13.32506118059406,0,1.0,0,0,0,0.0
1,1,1,6333,522,13.324910630488857,0,1.0,0,0,0,0.0
1,1,1,108172,453,13.324291825510024,0,1.0,0,0,0,0.0
1,1,1,1432149,25316,13.324038320807512,1,2.0,0,0,0,113.0
0,1,1,22195,270,13.323891414832406,0,1.0,0,0,0,0.0
0,1,1,15571,6344,13.32244640634,0,5.0,0,0,0,0.0
0,1,1,5876,76,13.322195246555983,0,1.0,0,0,0,0.0
1,1,1,28330,11645,13.321667323013004,0,3.0,0,0,5,161.0
1,1,1,10187,1430,13.321469114023726,0,2.0,0,0,0,0.0
0,1,1,65618,776,13.321061763654876,0,2.0,0,1,0,65.0
0,1,1,1479,336,13.320028636927876,0,1.0,0,0,0,0.0
0,1,1,2581,301,13.319777191951072,0,1.0,0,0,0,0.0
0,1,1,146498,14380,13.319732923692396,0,1.0,0,0,0,57.5
0,1,1,61755,31,13.3194468753237,0,1.0,0,0,31,313.0
0,2,2,13669,47875,13.31896835350962,0,11.0,0,0,0,0.0
1,1,1,148253,532,13.31868987859391,0,1.0,0,0,0,0.0
1,1,1,50167,4305,13.317886015182244,0,2.0,0,0,0,0.0
0,1,1,9805,729,13.317662043777574,0,2.0,0,0,0,89.0
0,1,1,6750,3097,13.317163621844346,0,1.0,0,0,0,0.0
1,1,1,82737,3234,13.316387865766572,0,1.0,0,0,0,0.0
1,1,1,2430,538,13.31628177404857,0,8.0,0,0,0,0.0
1,1,1,85975,305,13.316001651352297,0,5.0,0,0,0,0.0
0,1,1,274,543,13.31597750502938,0,1.0,0,0,0,0.0
1,1,1,7337,432,13.315853319413236,0,2.0,0,0,0,0.0
0,1,1,30010,3029,13.315319787078712,0,2.0,0,0,0,0.0
1,7,3,52471,45,13.314702946761324,0,120.0,0,55,52,121.2622950819672
1,1,1,662530,18388,13.313712535576697,0,1.0,0,0,0,38.0
1,1,1,8437,884,13.313645293454355,0,1.0,0,0,0,0.0
1,1,1,9628,241,13.31339964739762,0,2.0,0,0,0,0.0
0,1,1,38242,228,13.313389443833344,0,7.0,0,0,0,0.0
1,1,1,29767,724,13.31316654982366,0,2.0,0,0,0,0.0
1,1,1,39536,2367,13.312860157702586,0,2.0,0,0,0,0.0
1,1,1,11644,444,13.312760910611551,0,1.0,0,0,0,0.0
1,7,3,129451,1,13.31190146629386,0,164.0,0,0,0,0.0
0,1,1,6024,3071,13.311287826473343,0,7.0,0,0,0,0.0
0,1,1,27361,1402,13.310584731180924,0,4.0,0,0,50,103.47826086956522
1,1,1,26267,14167,13.310567080916012,0,1.0,0,1,45,36.333333333333336
1,1,1,24944,3724,13.308731073108069,0,2.0,0,0,0,0.0
0,1,1,4218,33,13.308691241181686,0,1.0,0,0,0,1.0
1,1,1,10192,1218,13.308641490883817,0,1.0,0,0,0,0.0
1,1,1,28433,357,13.308637498184751,0,2.0,0,0,0,0.0
1,1,1,25908,169,13.307746936164827,0,2.0,0,0,0,0.0
0,1,1,17785,69,13.30758003500631,0,2.0,0,0,0,0.0
1,1,1,33774,6592,13.306405927976623,0,2.0,0,6,15,150.0
1,1,1,38743,2775,13.305579059013208,0,1.0,0,0,0,0.0
1,1,1,70434,882,13.305286736403122,0,2.0,0,3,48,52.714285714285715
0,1,1,25489,2147,13.305206090219636,0,5.0,0,0,0,0.0
1,1,1,4830,403,13.304495167969527,0,1.0,0,0,0,0.0
0,1,1,26215,207,13.30415027482176,0,1.0,0,0,0,0.0
0,1,1,1053,1,13.303662975407356,0,1.0,0,0,0,0.0
1,1,1,3527,7049,13.303626692546809,0,1.0,0,0,0,0.0
0,2,2,17542,6232,13.302917861710496,0,15.0,0,0,0,0.0
1,1,1,9051,969,13.302619391611376,0,1.0,0,0,0,0.0
0,1,1,6988,4440,13.30239652928978,0,1.0,0,0,0,0.0
1,1,1,72497,58070,13.301942280550966,0,4.0,0,0,0,0.0
1,1,1,41215,5438,13.301809760967728,0,1.0,0,0,0,0.0
0,1,1,740,2,13.300082823558038,0,1.0,0,0,0,0.0
0,1,1,34546,7823,13.299854574261516,0,2.0,0,0,0,0.0
0,1,1,3524,1444,13.299802510733237,0,1.0,0,0,0,0.0
1,1,1,34610,1728,13.299794873904071,0,1.0,0,0,0,0.0
1,1,1,629,85,13.297788669376478,0,1.0,0,0,0,0.0
0,1,1,1385,264,13.2976988970237,0,1.0,0,0,0,0.0
1,3,2,43035,88,13.297649178413922,0,20.0,0,2,2,110.0
1,1,1,130237,2158,13.297628929725809,1,1.0,0,2,45,85.83673469387755
1,1,1,41562,147,13.296437679440617,0,1.0,0,0,0,0.0
1,1,1,71564,13258,13.296433781805812,0,1.0,0,0,0,0.0
0,1,1,114443,38363,13.295683186069764,0,1.0,0,0,0,0.0
1,1,1,24562,2561,13.295501518262324,0,7.0,0,0,0,0.0
1,1,1,5277,2434,13.294957180289856,0,1.0,0,0,0,0.0
1,1,1,79598,49003,13.294728043726872,0,1.0,0,0,0,0.0
0,1,1,6220,685,13.294665142872562,0,1.0,0,0,0,0.0
0,1,1,1571,45,13.294580567366186,0,1.0,0,0,0,0.0
1,1,1,83380,1733,13.294457522521204,0,1.0,0,0,0,0.0
0,1,1,29575,3091,13.294312074198135,0,5.0,0,0,0,0.0
0,1,1,5109,4155,13.294209436481708,0,1.0,0,0,0,0.0
1,1,1,1785,22,13.29394544302213,0,1.0,0,0,0,0.0
0,1,1,8735,572,13.293321567949247,0,1.0,0,0,0,0.0
0,1,1,15158,600,13.292990649248203,0,3.0,0,2,38,158.16666666666666
0,1,1,8064,66,13.292856957205718,0,2.0,0,0,0,0.0
1,1,1,6754,1598,13.29212847975496,0,1.0,0,0,0,0.0
0,1,1,40399,7424,13.291914997107355,0,1.0,0,0,0,0.0
1,1,1,12986,1172,13.291331175777472,0,2.0,0,0,0,0.0
1,1,1,4735,314,13.291277337716275,0,1.0,0,0,0,0.0
1,1,1,115688,4593,13.290981973049762,0,1.0,0,0,0,0.0
0,1,1,1137,6,13.28996636983532,0,2.0,0,0,0,0.0
1,1,1,14834,3502,13.289903152100132,0,4.0,0,0,0,0.0
1,1,1,1755,84,13.289673318399217,0,1.0,0,0,0,0.0
1,1,1,92831,11110,13.289634690620172,0,1.0,0,0,0,0.0
1,1,1,23586,1780,13.289621920320783,0,1.0,0,0,0,0.0
1,1,1,1941,7786,13.28930770124202,0,1.0,0,0,0,0.0
1,1,1,36303,15557,13.288725717821228,0,5.0,0,0,0,0.0
0,1,1,11586,21,13.28736636223018,0,1.0,0,1,0,103.0
0,1,1,203,20,13.28715199231612,0,1.0,0,0,0,0.0
0,1,1,187363,11094,13.287110734425784,0,2.0,0,0,0,0.0
0,1,1,112634,6933,13.286366127738331,0,1.0,0,0,0,67.0
0,1,1,290655,2150,13.285889031888203,0,1.0,0,0,0,0.0
0,1,1,7653,5,13.285863079344283,0,2.0,0,0,0,0.0
1,1,1,21011,983,13.285805977410044,0,1.0,0,0,0,0.0
1,1,1,5069,347,13.285734774276724,0,1.0,0,0,0,0.0
1,1,1,264877,3652,13.28410477072766,0,3.0,0,4,51,55.111111111111114
0,1,1,2864,195,13.28344299670175,0,1.0,0,0,0,0.0
0,1,1,6112,13,13.281949156866022,0,5.0,0,0,0,0.0
0,7,3,123031,50,13.280974526349125,0,135.0,0,0,0,0.0
1,1,1,8180,602,13.280832722156156,0,1.0,0,0,0,0.0
1,3,2,26846,14337,13.28065653638791,0,27.0,0,0,0,0.0
0,1,1,62637,10581,13.280634259662175,0,1.0,0,0,0,0.0
0,1,1,9480,150,13.280392352799806,0,2.0,0,0,0,0.0
1,1,1,265793,28991,13.280107476890358,0,3.0,0,0,0,0.0
0,1,1,15044,111,13.280074996600348,0,2.0,0,0,0,0.0
0,1,1,131965,9162,13.279799341924454,0,1.0,0,0,0,0.0
0,1,1,2836,801,13.278733164521864,0,8.0,0,5,44,92.0
1,1,1,34963,10335,13.277949486422134,0,1.0,0,0,0,0.0
0,1,1,8247,493,13.277579116051765,0,3.0,0,0,0,0.0
1,1,1,67915,4524,13.27739202958131,0,1.0,0,1,0,112.0
0,1,1,4255,12851,13.27727560754668,0,1.0,0,0,0,0.0
0,1,1,6585,7,13.27559449111197,0,2.0,0,0,0,0.0
1,1,1,5607,14,13.275562105886223,0,3.0,0,0,0,0.0
0,1,1,160503,49868,13.275145692724262,0,1.0,0,0,0,0.0
0,1,1,30900,1718,13.27492102418166,0,1.0,0,0,0,0.0
1,1,1,15815,39,13.274873999059343,0,6.0,0,0,0,0.0
1,1,1,10195,39,13.274348071865894,0,1.0,0,0,0,0.0
0,1,1,42557,2175,13.273064038859582,0,1.0,0,0,0,0.0
1,1,1,89973,58582,13.272079870228254,0,1.0,0,0,0,0.0
1,1,1,100786,6658,13.27127914393728,0,1.0,0,0,0,0.0
0,1,1,5974,1470,13.270775683598092,0,1.0,0,0,0,0.0
0,1,1,16098,5414,13.270137865766571,0,1.0,0,0,0,0.0
1,1,1,28533,244,13.27001494767394,0,1.0,0,0,0,43.0
0,1,1,12931,1143,13.269857648006033,0,4.0,0,0,0,0.0
1,1,1,238384,21455,13.269543777496231,0,3.0,0,0,42,58.333333333333336
1,1,1,31235,14302,13.269199296293609,0,1.0,0,0,0,0.0
1,4,2,81067,2051,13.269161397340582,0,36.0,0,0,0,0.0
0,1,1,28790,197,13.269050045400004,0,1.0,0,0,0,0.0
1,1,1,85967,2640,13.268942781222751,0,3.0,0,0,0,0.0
0,1,1,65260,2838,13.268143037262504,0,1.0,0,0,0,0.0
1,2,2,17912,170,13.267713885489236,0,11.0,0,0,0,0.0
0,1,1,5973,2342,13.267701685575428,0,1.0,0,0,0,0.0
0,1,1,15509,8547,13.267269776938525,0,1.0,0,0,0,0.0
1,1,1,5445,938,13.26725548561092,0,1.0,0,0,0,0.0
1,1,1,722,167,13.266651383904833,0,1.0,0,0,0,0.0
1,1,1,10079,60,13.266573748089687,0,1.0,0,0,0,0.0
0,1,1,23924,2060,13.265383765328007,0,1.0,0,0,0,0.0
1,1,1,3849,5938,13.265218828830935,0,1.0,0,0,0,0.0
1,1,1,25266,16,13.26490565545907,0,2.0,0,0,0,0.0
1,1,1,2709,1213,13.264531926151392,0,1.0,0,0,0,0.0
0,1,1,38657,18365,13.264298511696554,0,1.0,0,0,0,0.0
1,1,1,1945,702,13.264122991378152,0,1.0,0,0,0,0.0
0,1,1,25466,2594,13.263578304836717,0,1.0,0,0,0,0.0
0,1,1,27542,66,13.263406713841205,0,3.0,0,3,48,56.5
0,1,1,5238,178,13.26217255788511,0,1.0,0,0,0,0.0
0,1,1,4044,2994,13.26206646616711,0,2.0,0,0,0,0.0
0,1,1,118624,1070,13.261993488500872,0,4.0,0,0,0,0.0
0,1,1,10947,535,13.261700310312415,0,1.0,0,0,0,0.0
0,1,1,108134,4464,13.261692641795166,0,3.0,0,2,52,120.83673469387756
0,1,1,12161,2280,13.26032143485928,0,1.0,0,0,0,0.0
1,1,1,6500,3418,13.260303911346718,0,1.0,0,0,0,0.0
1,1,1,23543,1962,13.26009134765366,0,1.0,0,0,0,0.0
1,1,1,547,114,13.259252247088344,0,1.0,0,0,0,0.0
1,1,1,857,14,13.25921507696134,0,1.0,0,0,0,0.0
0,1,1,453,1,13.25850824247456,0,1.0,0,0,0,0.0
0,1,1,821,1831,13.25850592924415,0,1.0,0,0,0,0.0
1,1,1,6568,1,13.258156916644966,0,4.0,0,0,0,0.0
1,1,1,52019,1248,13.256673058556895,0,3.0,0,0,0,0.0
0,1,1,82231,11366,13.256400255808906,0,1.0,0,0,0,0.0
0,1,1,3245,3,13.256360835827666,0,3.0,0,0,0,0.0
0,1,1,75172,2522,13.255801446013486,0,2.0,0,0,32,38.0
1,1,1,12551,1939,13.255529530531952,0,1.0,0,0,0,0.0
0,1,1,3604,4696,13.254588711204754,0,1.0,0,0,0,0.0
0,1,1,63,1,13.254526792681164,0,3.0,0,0,0,0.0
1,1,1,516325,28489,13.254503882193676,0,8.0,0,0,0,0.0
0,1,1,4667,89,13.254273731611883,0,2.0,0,0,0,0.0
0,1,1,35332,11176,13.254251961895555,0,2.0,0,0,0,0.0
1,1,1,43970,39960,13.254199359669784,0,1.0,0,0,0,0.0
0,1,1,27372,1,13.254061009478388,0,1.0,0,0,0,0.0
0,1,1,9377,72,13.25381352551256,0,1.0,0,1,0,524.0
1,1,1,6133,9318,13.25374653689492,0,1.0,0,0,0,0.0
1,1,1,965,117,13.253735604504625,0,1.0,0,0,0,0.0
0,1,1,2025,3901,13.252854485534868,0,1.0,0,0,0,0.0
1,1,1,16319,2152,13.251984203891144,0,1.0,0,0,0,0.0
0,1,1,32914,5661,13.251906663140264,0,5.0,0,0,0,0.0
1,1,1,12106,3044,13.251197135166018,0,1.0,0,0,0,0.0
1,1,1,1240,1619,13.251170358731816,0,1.0,0,0,0,0.0
0,1,1,1761,1515,13.250806864676502,0,2.0,0,0,0,0.0
0,6,3,41966,1965,13.25078078538023,0,70.0,0,96,53,82.84920634920636
0,1,1,79178,40295,13.250368555045858,0,4.0,0,0,0,0.0
0,1,1,55360,7592,13.250329863890636,0,5.0,0,2,38,83.28571428571429
0,1,1,30327,19116,13.25005031157994,0,1.0,0,1,0,741.0
1,1,1,11563,15,13.248451425733109,0,3.0,0,0,0,0.0
1,1,1,664292,50161,13.248381331682864,0,2.0,0,0,0,0.0
0,1,1,52409,1269,13.247892796433035,0,1.0,0,0,0,0.0
1,2,2,139383,259,13.247691703827767,0,11.0,0,0,0,0.0
1,1,1,66683,14621,13.247635045526756,0,1.0,0,2,46,67.2
1,1,1,71328,3934,13.246042117040432,0,9.0,0,0,0,0.0
0,1,1,174981,2,13.24599052883347,0,1.0,0,0,0,0.0
1,1,1,7458,41,13.24590937564058,0,1.0,0,0,0,0.0
0,1,1,41961,1450,13.244343033459932,0,1.0,0,0,0,0.0
1,1,1,19477,437,13.243096075516362,0,3.0,0,0,0,0.0
0,1,1,6940,354,13.24308466780475,0,1.0,0,0,0,0.0
0,1,1,104396,1907,13.242808315990922,0,2.0,0,0,0,0.0
0,1,1,30501,51537,13.242425333761602,0,6.0,0,0,0,0.0
1,1,1,222162,2362,13.242303619816308,0,1.0,0,0,0,0.0
1,1,1,216431,8430,13.242236979767636,0,4.0,0,0,0,0.0
1,1,1,888,659,13.24178491750688,0,1.0,0,0,0,0.0
1,1,1,207078,5645,13.240219811161658,0,1.0,0,1,28,17.0
1,1,1,24406,2544,13.23910286944239,0,1.0,0,0,0,0.0
1,1,1,24146,2101,13.23860159558126,0,6.0,0,0,0,0.0
0,1,1,11750,14419,13.238555362661138,0,6.0,0,0,0,0.0
1,1,1,8985,843,13.238302935353612,0,1.0,0,1,17,102.44444444444444
1,1,1,5785,6760,13.238093572157425,0,2.0,0,0,0,0.0
1,1,1,35646,1179,13.23804001928902,0,1.0,0,0,0,4.0
0,7,3,25385,5132,13.237764364613124,0,128.0,0,0,0,0.0
0,1,1,16828,4656,13.237707199302708,0,1.0,0,0,0,0.0
0,1,1,1640,1,13.236957300704589,0,1.0,0,0,0,0.0
0,1,1,1306,96,13.236874848300095,0,2.0,0,0,0,0.0
1,1,1,12857,390,13.236873739217025,0,1.0,0,0,0,0.0
0,1,1,100548,98797,13.236756398227849,0,2.0,0,1,0,29.0
0,2,2,23629,18131,13.23617840750612,0,13.0,0,0,0,0.0
1,2,2,23791,85414,13.235563088216947,0,19.0,0,0,0,0.0
1,2,2,72493,1729,13.23545984842685,0,13.0,0,9,29,80.55555555555556
0,1,1,14965,927,13.235438205462872,0,1.0,0,0,0,0.0
1,1,1,8689,283,13.235213315103657,0,1.0,0,0,0,0.0
1,1,1,1202,184,13.23395298478703,0,6.0,0,0,0,0.0
1,1,1,4865,1013,13.23388903822582,0,1.0,0,0,0,0.0
0,1,1,1144,619,13.233778066542296,0,1.0,0,0,0,0.0
0,1,1,2741,89,13.23360387712358,0,1.0,0,0,0,0.0
1,1,1,521,1,13.233584008692524,0,1.0,0,0,0,0.0
0,2,2,25480,8362,13.23320451215286,0,10.0,0,0,0,0.0
0,1,1,10961,77,13.232690689808956,0,1.0,0,1,19,196.5
1,1,1,48,56,13.23255598374766,0,1.0,1,66,52,146.18
0,1,1,3456,1663,13.231328704106623,0,1.0,0,0,0,0.0
0,1,1,43889,3626,13.231241276672344,0,2.0,0,0,0,0.0
1,1,1,43020,642,13.23037692070104,0,1.0,0,1,27,89.42857142857143
0,1,1,30534,295,13.230173483177277,0,1.0,0,0,0,0.0
0,1,1,13570,7314,13.229840726567138,0,1.0,0,0,0,0.0
0,1,1,71113,2038,13.229026786343548,0,5.0,0,0,0,0.0
1,1,1,4570,679,13.228980141478283,0,3.0,0,1,33,229.0
1,1,1,61112,4187,13.228826169059598,0,1.0,0,0,0,0.0
1,1,1,24317,14875,13.228283320427256,0,1.0,0,0,0,0.0
1,1,1,61119,8402,13.228031938826629,0,2.0,0,0,0,0.0
0,1,1,17420,1656,13.227712617965723,0,7.0,0,0,0,0.0
0,1,1,75657,6881,13.227712364461022,0,1.0,0,0,0,28.0
1,1,1,5670,3099,13.22698540803848,0,1.0,0,0,0,0.0
1,1,1,86,10,13.226890312086953,0,1.0,0,0,0,0.0
1,1,1,65928,616,13.226566586581844,0,1.0,0,0,0,0.0
1,1,1,7183,3182,13.226555590815371,0,1.0,0,0,0,0.0
0,3,2,184998,951,13.2264512419422,0,26.0,0,19,46,64.55555555555556
0,1,1,54140,313,13.225851861761196,0,6.0,0,0,0,0.0
0,1,1,15004,5126,13.225374987727683,0,2.0,0,0,0,0.0
1,1,1,2405,440,13.225307523788729,0,1.0,0,0,0,0.0
0,1,1,100,5,13.224849789360254,0,1.0,0,0,0,0.0
0,1,1,3211,12373,13.224326587342356,0,1.0,0,0,0,0.0
0,1,1,16042,167,13.223322423527618,0,1.0,0,0,0,0.0
0,1,1,5499,4218,13.223014098433188,0,2.0,0,0,0,133.0
1,1,1,17244,1010,13.222744654622504,0,1.0,0,0,0,0.0
0,1,1,4980,734,13.222039404540116,0,1.0,0,0,0,0.0
0,2,2,195255,11909,13.22045100745035,0,12.0,0,0,0,19.0
1,1,1,5740,546,13.220183908558164,0,1.0,0,0,0,0.0
0,1,1,7839,493,13.219968017615887,0,1.0,0,0,0,0.0
0,1,1,7126,1,13.219947198542194,0,1.0,0,0,0,0.0
1,1,1,21582,275,13.219929009579788,0,4.0,0,0,0,0.0
1,1,1,15502,1998,13.21980361981631,0,1.0,0,0,0,0.0
0,1,1,26226,115,13.219798771538873,0,7.0,0,0,0,0.0
1,1,1,28698,2445,13.21827831370938,0,1.0,0,0,0,0.0
0,1,1,20975,1089,13.21827105713727,0,2.0,0,0,0,0.0
0,1,1,19462,267,13.217386927799172,0,3.0,0,1,0,338.0
0,1,1,13593,94,13.21712150837564,0,2.0,0,0,0,0.0
1,1,1,4771,7549,13.216822436202852,0,1.0,0,0,0,0.0
0,1,1,22577,16256,13.216686747810831,0,1.0,0,0,0,0.0
0,1,1,52777,251,13.216685258470706,0,1.0,0,0,0,0.0
0,1,1,9377,5293,13.216672361418963,0,1.0,0,0,0,0.0
0,1,1,1870,1,13.21654253532319,0,1.0,0,0,0,0.0
0,1,1,34245,5266,13.216361089332368,0,1.0,0,0,0,0.0
1,1,1,36097,14,13.215416372370369,0,1.0,0,0,0,0.0
0,1,1,13371,251,13.214855841785026,0,1.0,0,0,0,0.0
0,1,1,7545,1588,13.214609530278448,0,3.0,0,0,0,0.0
0,1,1,5267,423,13.214550875627904,0,3.0,0,0,0,0.0
0,1,1,5281,701,13.213531881788068,0,1.0,0,0,0,0.0
1,1,1,201131,2274,13.213470787154764,0,1.0,0,0,0,0.0
0,1,1,103741,76641,13.213465812124976,0,5.0,0,0,0,0.0
1,1,1,23259,32130,13.212991948459806,0,1.0,0,0,0,0.0
1,1,1,616,42,13.21293041019327,0,3.0,0,0,0,0.0
1,1,1,13530,384,13.212449670213044,0,1.0,0,0,0,0.0
0,1,1,76330,2840,13.21234519458752,0,2.0,0,0,0,0.0
1,1,1,2762,69,13.211444048746266,0,1.0,0,0,0,0.0
0,1,1,20239,10257,13.20996681346855,0,1.0,0,0,0,0.0
0,1,1,52645,23550,13.209919534841532,0,1.0,0,0,0,0.0
0,1,1,2361,62,13.209872287902602,0,1.0,0,0,0,0.0
1,1,1,1326,440,13.209732036425937,0,1.0,0,0,0,0.0
0,1,1,219928,44342,13.209656587088851,0,1.0,0,0,0,0.0
1,1,1,6665,7341,13.209587063424188,0,1.0,0,0,0,0.0
1,1,1,6680,5933,13.209341670872156,0,1.0,0,0,0,0.0
1,1,1,8752,520,13.209259788853243,0,1.0,0,0,0,0.0
0,1,1,26401,150,13.209238431082058,0,1.0,0,0,0,0.0
1,1,1,19062,4040,13.209226326232512,0,1.0,0,0,0,0.0
1,1,1,150157,8028,13.208476998019975,0,1.0,0,0,44,147.0
0,1,1,115755,2601,13.208097945113543,0,7.0,0,2,6,120.0
1,1,1,198968,2369,13.207863389887544,0,1.0,0,0,0,0.0
0,1,1,5771,1345,13.20776921289056,0,2.0,0,0,0,0.0
1,1,1,7073,628,13.207676683674144,0,1.0,0,0,0,0.0
0,1,1,7414,1335,13.20732665705615,0,1.0,0,0,0,0.0
1,1,1,1555,1,13.20692279237696,0,2.0,0,0,0,0.0
1,2,2,338053,28671,13.206578089357718,0,12.0,0,0,0,0.0
1,1,1,14413,1250,13.206471300501786,0,7.0,0,0,0,7.0
1,1,1,4635,277,13.206430454556592,0,1.0,0,0,0,0.0
1,1,1,15029,6968,13.204700728595176,0,1.0,0,0,0,0.0
0,1,1,73,16,13.204655319565338,0,1.0,0,0,0,0.0
0,1,1,10212,14817,13.204367084718584,0,1.0,0,0,0,0.0
0,2,2,47597,879,13.204051946685272,0,15.0,0,0,0,0.0
1,1,1,264714,3602,13.20396109693751,0,3.0,0,0,0,0.0
1,1,1,12724,585,13.203775151238217,0,8.0,0,0,0,0.0
1,1,1,18195,864,13.202667335688238,0,1.0,0,0,0,0.0
0,1,1,11476,620,13.2019746974648,0,1.0,0,0,0,0.0
1,1,1,8772,2038,13.201663552130553,0,1.0,0,0,0,0.0
1,1,1,6974,1,13.201512653456383,0,1.0,0,0,0,0.0
0,1,1,4663,627,13.201487081169518,0,1.0,0,0,0,0.0
1,1,1,13418,269,13.201332189796284,0,1.0,0,0,0,0.0
1,1,1,12538,2918,13.201170770676958,0,3.0,0,0,0,0.0
0,1,1,48833,10480,13.20109782469881,0,1.0,0,0,0,0.0
1,1,1,21783,33,13.20062396103364,0,1.0,0,0,0,0.0
1,1,1,58520,11031,13.199422982505489,0,3.0,0,0,0,0.0
0,1,1,322124,1488,13.199352223005398,1,2.0,0,0,0,0.0
0,1,1,331413,25938,13.199063512837323,0,1.0,0,1,0,36.0
1,1,1,6301,3056,13.199047288536365,0,1.0,0,0,0,0.0
1,1,1,3148,137,13.198713739724033,0,1.0,0,0,0,0.0
0,1,1,159633,50868,13.198393309780055,0,1.0,0,0,0,0.0
0,1,1,28433,17261,13.198314469817577,0,4.0,0,0,0,0.0
0,1,1,289566,708,13.197992994166704,0,1.0,0,0,0,0.0
1,1,1,18266,7439,13.197901352216745,0,1.0,0,0,0,0.0
0,1,1,5278,1607,13.19670376431399,0,1.0,0,0,0,0.0
1,1,1,23898,1,13.196371324584732,0,1.0,0,0,0,0.0
1,1,1,407,1,13.19631178266773,0,6.0,0,0,0,0.0
0,1,1,29901,11475,13.196099599231728,0,1.0,0,0,0,403.0
0,1,1,186468,1046,13.195104720026718,0,1.0,0,0,0,0.0
1,1,1,5957,248,13.19416054176221,0,1.0,0,0,0,0.0
0,1,1,10094,2009,13.193540025626636,0,1.0,0,0,0,0.0
0,1,1,28187,2397,13.193456400762896,0,1.0,0,0,0,0.0
0,1,1,302774,51508,13.193262533041649,0,2.0,0,0,0,0.0
1,1,1,24668,3385,13.193025791337591,0,1.0,0,2,0,106.33333333333331
0,3,2,4819,8,13.19296086244566,0,25.0,0,0,0,0.0
1,1,1,12799,1162,13.192836106443936,0,1.0,0,0,0,0.0
1,1,1,44358,1482,13.19207457831759,0,1.0,0,0,0,0.0
1,1,1,35990,1132,13.191924788726492,0,1.0,0,0,0,0.0
0,1,1,20275,1946,13.19188118591766,0,1.0,0,0,0,0.0
1,1,1,14516,8004,13.191474374246305,0,1.0,0,0,0,0.0
0,1,1,27787,2810,13.191296635761754,0,1.0,0,0,0,0.0
0,1,1,2223,22,13.190966984584223,0,4.0,0,0,0,0.0
0,1,1,6320,2459,13.190122908989125,0,1.0,0,1,37,77.85714285714286
1,1,1,468959,25052,13.190099871749284,0,1.0,0,0,0,0.0
1,1,1,9511,500,13.189838318272466,0,2.0,0,1,17,78.66666666666667
1,1,1,45473,11163,13.189565832405352,0,1.0,0,0,0,0.0
0,1,1,33614,75,13.188281387453898,0,3.0,0,1,1236,71.0
1,1,1,25098,1798,13.188102793390978,0,1.0,0,0,0,0.0
0,1,1,345,350,13.187451476434047,0,1.0,0,0,0,0.0
1,1,1,9121,1436,13.187418235629933,0,1.0,0,0,0,0.0
1,1,1,224905,3015,13.187276684941668,0,1.0,0,0,0,0.0
1,1,1,18998,154,13.187245630615609,0,1.0,0,0,3,110.0
1,2,2,17325,453,13.186891864803254,0,10.0,0,0,0,0.0
1,1,1,14601,12894,13.184870196488806,0,1.0,0,0,0,0.0
1,1,1,42764,217,13.184474063703044,0,1.0,0,0,0,0.0
1,1,1,766,32,13.18431074329845,0,1.0,0,0,0,0.0
0,1,1,30083,1300,13.182795102058304,0,2.0,0,0,0,0.0
1,1,1,11383,136,13.182560103199076,0,2.0,0,0,0,0.0
0,1,1,27527,6562,13.182527559532891,0,3.0,0,0,0,0.0
1,1,1,346,2581,13.182176360455648,0,1.0,0,0,0,0.0
0,1,1,129,1730,13.181587722536417,0,1.0,0,0,0,0.0
0,1,1,3486,70,13.181570008895326,0,4.0,0,0,0,0.0
0,1,1,4931,8,13.18146081174472,0,1.0,0,0,0,0.0
0,1,1,41618,1830,13.179757291831924,0,2.0,0,0,0,0.0
0,1,1,8789,1750,13.179700760283264,0,2.0,0,0,0,0.0
0,1,1,7720,1689,13.179651897251857,0,2.0,0,0,0,0.0
0,1,1,1311,398,13.179265492709051,0,1.0,0,0,0,0.0
0,1,1,79738,10241,13.179001150680506,1,1.0,0,0,0,0.0
0,1,1,47897,1176,13.178801008717873,0,7.0,0,1,6,26.4
0,1,1,60237,154,13.178215381166982,0,1.0,0,0,1,52.0
1,1,1,22495,3482,13.177313348059268,0,3.0,0,0,0,0.0
1,1,1,29616,460,13.177295444289651,0,1.0,0,0,0,0.0
0,1,1,62374,48551,13.176892308436482,0,2.0,0,0,0,0.0
1,1,1,58373,9349,13.176843572157424,0,1.0,0,0,0,0.0
0,1,1,47154,10887,13.17630642738089,0,2.0,0,1,10,52.63636363636363
0,1,1,530,3,13.176183414223996,0,1.0,0,0,0,0.0
1,1,1,16453,308,13.175965495244098,0,1.0,0,0,0,0.0
1,1,1,9629,698,13.175684200088574,0,1.0,0,0,0,0.0
0,1,1,6867,5,13.17479446195893,0,1.0,0,0,0,0.0
1,1,1,2057,6266,13.174268883334449,0,1.0,0,0,0,0.0
1,1,1,208,99,13.173807599840138,0,1.0,0,0,0,0.0
1,1,1,71,193,13.173481592792708,0,2.0,0,0,0,0.0
1,1,1,20294,119,13.173475350239409,0,2.0,0,0,0,0.0
0,2,2,2513,111,13.172959753362584,0,11.0,0,0,0,0.0
1,1,1,12812,12693,13.172789303138234,0,1.0,0,0,0,0.0
0,1,1,2628,544,13.172621324584732,0,1.0,0,0,0,0.0
0,1,1,9079,11,13.171955652924025,0,5.0,0,0,0,0.0
1,1,1,12845,4187,13.171708232334373,0,5.0,0,1,16,73.6
1,1,1,10473,1623,13.171322429865237,0,1.0,0,2,6,237.66666666666663
0,1,1,548,860,13.171094402385323,0,1.0,0,0,0,0.0
0,1,1,1895,457,13.170779866425685,0,1.0,0,1,35,65.42857142857143
0,1,1,154,70,13.170760980325346,0,1.0,0,0,0,0.0
0,1,1,26768,11558,13.170695861304887,0,2.0,0,0,0,0.0
1,1,1,2852,2820,13.170397137701066,0,1.0,0,0,0,0.0
0,1,1,53354,1214,13.169949385020251,0,2.0,0,1,0,84.0
0,1,1,12017,98,13.169856031913554,0,1.0,0,0,0,0.0
1,1,1,1884,452,13.169217928889244,0,2.0,0,0,0,0.0
1,1,1,145704,93977,13.169107686031737,0,2.0,0,0,0,0.0
1,1,1,57356,27070,13.168551338273986,0,1.0,0,0,0,0.0
1,1,1,46904,4751,13.168533909825689,0,2.0,0,0,0,0.0
0,1,1,105635,24663,13.167736479095849,0,4.0,0,1,15,110.66666666666669
0,1,1,24409,882,13.166204391738129,0,1.0,0,0,0,0.0
0,1,1,70910,581,13.166178090625245,0,5.0,0,0,0,0.0
1,1,1,24290,507,13.166070826447992,1,2.0,0,0,0,0.0
0,1,1,3096,125,13.165882725958728,0,1.0,0,0,0,0.0
0,1,1,3676,2532,13.16582543389596,0,1.0,0,0,0,0.0
0,1,1,100386,10321,13.165413362002026,0,1.0,0,1,19,82.75
1,1,1,85716,93524,13.165160839630236,1,2.0,0,0,0,0.0
1,1,1,36274,2187,13.164776368060789,0,2.0,0,0,0,0.0
1,1,1,9465,10743,13.164103820085025,0,1.0,0,1,0,193.8181818181818
1,1,1,924,432,13.163217028947548,0,2.0,0,0,0,0.0
0,1,1,106379,43536,13.163211166651305,0,1.0,0,0,0,0.0
1,1,1,10481,20727,13.16231797452009,0,1.0,0,0,0,0.0
1,1,1,46536,1402,13.162106805102896,0,2.0,0,0,0,0.0
1,1,1,13187,1847,13.1612723309984,0,1.0,0,0,0,0.0
0,1,1,2670,2,13.161048296217556,0,1.0,0,0,0,0.0
0,1,1,7984,7,13.1609797865717,0,1.0,0,0,0,0.0
1,1,1,1915,1771,13.160888556566883,0,1.0,0,0,0,0.0
1,1,1,14502,4137,13.16075600529556,0,1.0,0,0,0,0.0
0,1,1,116296,42795,13.160412759928358,0,1.0,0,0,0,0.0
1,1,1,17310,134,13.160149146725834,0,2.0,0,0,0,0.0
0,1,1,1506,193,13.160128074147435,0,1.0,0,0,0,0.0
1,1,1,44164,2868,13.159750288764515,0,1.0,0,0,0,0.0
1,3,2,189045,2651,13.159705069863207,0,29.0,0,5,9,107.5625
1,1,1,71896,1699,13.158279866425683,0,1.0,0,0,0,0.0
1,1,1,11043,18,13.158158120792304,0,1.0,0,0,0,0.0
0,1,1,62118,2482,13.158109416201333,0,4.0,0,0,0,0.0
0,1,1,13907,309,13.157972111716834,0,1.0,0,0,0,0.0
1,1,1,1636,2801,13.157939599738736,0,1.0,0,0,0,0.0
1,1,1,177036,13608,13.157436012647196,0,1.0,0,0,0,0.0
0,1,1,79998,1295,13.157416904730244,0,3.0,0,2,10,86.47368421052632
1,1,1,170844,54035,13.157342786292848,0,2.0,0,0,0,0.0
0,1,1,64723,14607,13.15702571528618,0,3.0,0,3,3,352.8
0,2,2,83378,3400,13.156960374449108,0,18.0,0,0,0,0.0
0,1,1,16211,2960,13.156942438991404,0,1.0,0,0,0,0.0
1,1,1,82426,693,13.15684769160884,0,1.0,0,0,0,0.0
0,1,1,68701,2192,13.156846360709151,0,1.0,0,0,0,19.0
0,1,1,64988,3164,13.156770752931628,1,1.0,0,0,0,30.0
0,1,1,985,161,13.15570888510898,0,1.0,0,0,0,0.0
1,1,1,80124,28367,13.155419794683851,1,1.0,0,0,0,0.0
0,1,1,52508,2218,13.15540404570421,0,2.0,0,0,0,0.0
0,1,1,2916,240,13.155261544373309,0,1.0,0,1,0,156.0
1,1,1,129002,62533,13.15523891907861,0,1.0,0,0,0,12.0
0,1,1,134958,32230,13.155192844598927,0,1.0,0,0,0,0.0
0,1,1,4358,1,13.155034467536034,0,1.0,0,0,0,0.0
0,1,1,51,329,13.1549479590563,0,1.0,0,0,0,0.0
0,1,1,39871,373,13.154909648158135,0,1.0,0,0,0,0.0
1,1,1,8675,563,13.15451788832849,0,4.0,0,0,0,86.66666666666667
1,1,1,6716,805,13.154456603566658,0,1.0,0,0,0,0.0
0,1,1,1291,20,13.154251138005272,0,1.0,0,0,0,0.0
1,1,1,22859,1074,13.15419245166664,0,8.0,0,0,0,0.0
1,1,1,1860,815,13.154094503787206,0,1.0,0,0,0,0.0
0,1,1,2524,3792,13.15397862045007,0,1.0,0,0,0,0.0
1,1,1,496,212,13.153792864879303,0,1.0,0,0,0,0.0
0,1,1,3620,1,13.152140140971277,0,1.0,0,0,0,0.0
0,1,1,453760,31659,13.151964588964786,0,1.0,0,0,0,0.0
0,1,1,5709,161,13.151842431386264,0,1.0,0,0,0,0.0
1,1,1,253325,366,13.151744673635358,0,1.0,0,0,50,38.80952380952381
1,1,1,20309,9946,13.151697173191724,0,2.0,0,1,0,88.5
0,1,1,20253,7991,13.150479938674524,0,1.0,0,0,0,0.0
1,1,1,176461,18536,13.150258407252617,0,9.0,0,0,0,0.0
1,1,1,55352,4548,13.149418799677896,0,1.0,0,0,0,0.0
1,1,1,14703,406,13.148801579103454,0,1.0,0,0,0,0.0
0,1,1,73485,54286,13.148715736073566,0,1.0,0,0,0,0.0
0,1,1,21432,5598,13.147801154483076,0,1.0,0,0,0,0.0
1,1,1,121149,20531,13.147634348388824,0,1.0,0,0,0,0.0
1,1,1,12233,1058,13.14752698914731,0,2.0,0,0,0,0.0
0,1,1,253100,15150,13.146689948307705,0,2.0,0,0,0,0.0
0,1,1,45504,26180,13.145788422209394,0,1.0,0,0,9,53.0
1,1,1,34211,189,13.145245763705578,0,1.0,0,0,0,0.0
0,1,1,31136,5734,13.14480374656866,0,2.0,0,0,0,0.0
0,1,1,23847,53092,13.144556072474304,0,1.0,0,0,0,0.0
0,1,1,8631,1591,13.144365753818894,0,1.0,0,0,0,0.0
0,1,1,117986,22877,13.143767989730373,0,1.0,0,0,0,105.0
0,1,1,23155,10840,13.143743811719368,0,1.0,0,0,0,0.0
1,1,1,3874,2889,13.14370074760803,0,1.0,0,0,0,0.0
0,1,1,931,6,13.1434241422895,0,1.0,0,0,0,0.0
0,1,1,21401,368,13.14303551958055,0,1.0,0,0,0,0.0
1,1,1,5403,984,13.14187323220762,0,1.0,0,0,0,0.0
1,1,1,36420,10472,13.141551724868656,0,1.0,0,0,0,0.0
0,1,1,17269,816,13.140127503761857,0,1.0,0,0,0,0.0
0,1,1,54596,615,13.13943961875159,0,1.0,0,0,0,0.0
1,1,1,367353,5134,13.139108731738634,0,1.0,0,0,37,33.0
0,1,1,42422,1338,13.139072765758966,0,1.0,0,0,0,0.0
0,1,1,32851,325,13.138448098483888,0,1.0,0,0,0,0.0
1,1,1,26110,104,13.138302713536998,0,1.0,0,0,0,0.0
0,1,1,14435,2380,13.13813248512926,0,6.0,0,1,26,76.33333333333333
1,1,1,746,218,13.137931107331202,0,1.0,0,0,0,0.0
1,1,1,2132,415,13.137871533726113,0,1.0,0,0,0,0.0
0,1,1,99631,1924,13.137833064387506,0,2.0,0,1,0,197.0
0,1,1,252978,2764,13.137744496182066,0,1.0,0,0,0,0.0
0,1,1,45906,9665,13.13589226407316,0,1.0,0,0,0,0.0
0,1,1,292228,90633,13.13554984259624,1,1.0,0,0,0,0.0
0,1,1,94332,540,13.135414883030242,0,3.0,0,0,0,0.0
1,1,1,2386,2372,13.135168983468803,0,1.0,0,0,0,0.0
0,2,2,15040,45,13.135058835675563,0,16.0,0,12,51,244.8448275862069
0,1,1,14520,2269,13.134894406187897,0,1.0,0,0,0,0.0
0,1,1,6613,48102,13.134607438864652,0,1.0,0,0,0,0.0
0,1,1,3780,162,13.134102647625776,0,1.0,0,0,0,0.0
1,2,2,14198,711,13.134022318323169,0,11.0,0,0,0,0.0
0,1,1,9760,659,13.133611640705096,0,1.0,0,0,0,0.0
0,1,1,7109,1008,13.133574502266178,0,2.0,0,0,0,0.0
0,1,1,54949,7362,13.133548644786522,0,1.0,0,0,0,0.0
0,1,1,23231,18,13.132998032572663,0,1.0,0,0,0,121.0
1,1,1,1650,79,13.132930917202676,0,2.0,0,0,0,0.0
0,1,1,257826,28523,13.13292882578888,0,1.0,0,0,0,0.0
0,1,1,733,14,13.13249276601247,0,1.0,0,0,0,0.0
0,2,2,183540,17861,13.13245087436038,0,16.0,0,0,0,0.0
1,1,1,202,1,13.132171448802035,0,1.0,0,0,0,0.0
0,1,1,747,755,13.131902321872232,0,1.0,0,0,0,0.0
1,1,1,39192,197,13.130751917532232,0,5.0,0,0,0,0.0
1,1,1,3606,216,13.130703751638752,0,1.0,0,0,0,0.0
1,1,1,8067,5,13.130001860493673,0,1.0,0,0,0,0.0
0,6,3,44342,3377,13.12987941772236,0,78.0,0,9,43,540.0666666666667
0,1,1,848,1047,13.129603667982202,0,2.0,0,0,0,0.0
1,1,1,5805,26465,13.12941889474216,0,1.0,0,0,0,0.0
0,1,1,9912,62,13.12941829266849,0,1.0,0,0,0,0.0
0,1,1,6009,106,13.128634392752147,0,1.0,0,0,0,0.0
1,1,1,21622,2041,13.128391218366264,0,1.0,0,0,0,0.0
1,1,1,20842,1372,13.128341753261184,0,5.0,0,0,0,0.0
1,1,1,89436,2428,13.1282551180291,0,4.0,0,8,49,45.07142857142857
0,1,1,835,4,13.127266798258267,0,2.0,0,0,0,0.0
0,1,1,1668,105,13.125965431867922,0,1.0,0,0,0,0.0
1,1,1,1146,642,13.125202129208658,0,1.0,0,0,0,0.0
0,1,1,14486,438,13.12468009965001,0,1.0,0,0,0,0.0
1,1,1,38096,15507,13.124623663165613,0,1.0,0,1,0,280.5
0,1,1,48662,368,13.123994908127209,0,1.0,0,0,0,0.0
1,1,1,20339,198,13.12343488455127,0,4.0,0,0,0,0.0
0,1,1,13820,2290,13.122748076935988,0,1.0,0,0,0,0.0
0,1,1,33474,337,13.122614670086293,0,6.0,0,5,47,71.06060606060606
0,1,1,24020,11225,13.12250914875387,0,2.0,0,0,0,0.0
0,1,1,7867,1,13.12145456919142,0,1.0,0,0,0,0.0
0,1,1,11,58,13.120875120817653,0,1.0,0,0,0,0.0
1,2,2,17044,882,13.120724285519657,0,11.0,0,4,51,74.04761904761905
0,1,1,1151,2229,13.119168780665042,0,1.0,0,0,0,0.0
0,1,1,31665,11986,13.119054196539508,0,1.0,0,0,0,0.0
0,1,1,40836,20553,13.11897687760524,1,3.0,0,1,48,107.53333333333332
0,1,1,8500,787,13.118494870101502,0,1.0,0,0,0,0.0
0,1,1,70617,985,13.117861044969043,0,1.0,0,1,24,82.5
0,1,1,2695,54,13.11777209650655,0,8.0,0,0,0,0.0
1,1,1,32993,435,13.117501828805583,0,2.0,0,0,0,0.0
0,1,1,9006,4871,13.116933598014905,0,3.0,0,0,0,0.0
1,1,1,4905,3373,13.116855169997566,0,1.0,0,0,0,0.0
0,1,1,124538,1133,13.116747620627525,0,1.0,0,0,0,0.0
1,1,1,2908,3400,13.11663259286876,0,2.0,0,0,0,0.0
1,1,1,22411,11755,13.116238519808704,0,1.0,0,0,0,0.0
0,1,1,42523,10953,13.116174319742791,0,2.0,0,0,0,0.0
0,1,1,89835,5799,13.115995091918116,0,7.0,0,0,0,0.0
1,1,1,15676,1215,13.115020081144166,0,1.0,0,2,42,38.25
1,1,1,155728,3979,13.114994001847895,0,2.0,0,0,0,0.0
1,1,1,1762,351,13.114780741016908,0,1.0,0,0,0,0.0
1,1,1,40865,418,13.114523433743855,0,4.0,0,0,0,0.0
1,1,1,14280,836,13.114024251296524,0,1.0,0,0,0,0.0
0,1,1,8116,20995,13.113990566859176,0,1.0,0,3,24,260.0
0,1,1,12741,1000,13.113671974824294,0,1.0,0,0,0,0.0
1,1,1,835,999,13.113613130045223,0,5.0,0,0,0,0.0
0,1,1,28082,1136,13.113164490097953,0,2.0,0,0,0,0.0
1,1,1,2510,9195,13.112247880469845,0,2.0,0,0,0,0.0
1,1,1,911,46,13.1117237594974,0,1.0,0,0,0,0.0
1,7,3,184031,6745,13.11152574063665,0,148.0,0,21,50,152.88888888888889
0,1,1,5996,5951,13.1102769130959,0,1.0,0,0,0,0.0
0,3,2,30995,5313,13.109896434225517,0,21.0,0,6,49,74.62264150943396
1,1,1,18139,159,13.10899560526514,0,1.0,0,0,0,0.0
1,1,1,15914,1412,13.108825028288436,0,1.0,0,0,0,0.0
0,1,1,43249,8015,13.108518002405606,0,1.0,0,0,0,401.0
0,1,1,223558,3436,13.107978195829691,0,2.0,0,1,12,160.0
0,1,1,5335,4882,13.107911967726162,0,1.0,0,0,0,0.0
0,1,1,61136,1093,13.10736693261576,0,1.0,0,0,0,209.0
1,1,1,1916,1,13.107098376071535,0,1.0,0,0,0,0.0
0,1,1,3284,752,13.106428838464115,0,1.0,0,0,0,0.0
1,1,1,12768,6145,13.1061901637867,0,2.0,0,0,0,0.0
0,1,1,61005,16356,13.105971642733136,0,7.0,0,0,32,28.5
1,1,1,20798,1013,13.104965070623722,0,2.0,0,1,0,394.0
0,1,1,5320,20457,13.104929928534336,0,1.0,0,0,0,0.0
1,1,1,120,1,13.104908602451236,0,1.0,0,1,0,153.0
0,1,1,95168,112,13.10336311103237,0,1.0,0,0,0,0.0
0,1,1,1141,140,13.102780747354524,0,1.0,0,0,0,0.0
1,1,1,106080,16923,13.102713536920271,0,1.0,0,0,0,0.0
0,1,1,71561,785,13.10208094762324,0,3.0,0,0,0,0.0
1,1,1,3224,154,13.101801997386213,0,1.0,0,0,0,0.0
0,1,1,18639,21,13.10156186505676,0,4.0,0,0,39,44.166666666666664
1,1,1,35917,472,13.100559095517884,0,2.0,0,0,0,0.0
0,1,1,24859,216,13.100434941589828,0,2.0,0,0,0,21.0
0,1,1,5304,18,13.100346880393792,0,3.0,0,0,0,0.0
0,1,1,109979,782,13.100249978221257,0,1.0,0,0,0,0.0
1,6,3,186942,22,13.099966274771058,0,53.0,0,0,0,0.0
1,1,1,14431,16,13.099690398278549,0,1.0,0,0,0,0.0
0,1,1,26421,5972,13.098524625215958,0,3.0,0,0,0,0.0
0,1,1,634,1,13.098148677742133,0,1.0,0,0,0,0.0
1,1,1,25979,134,13.098012640781148,0,3.0,0,0,0,0.0
1,1,1,77232,134,13.097678173014272,0,1.0,0,0,0,0.0
1,1,1,28324,310,13.09757629581195,0,1.0,0,0,0,0.0
0,1,1,95,1,13.097374189187873,0,1.0,0,0,0,0.0
0,1,1,7002,1180,13.097373523738026,0,3.0,0,0,0,0.0
0,1,1,25317,341,13.097295444289651,0,9.0,0,0,0,0.0
1,1,1,92631,7916,13.096852603262452,0,3.0,0,0,0,0.0
0,1,1,21366,937,13.096849941463075,0,1.0,0,0,0,0.0
1,1,1,59533,411,13.096242892764822,0,6.0,0,0,0,0.0
0,1,1,2738,77,13.09533895837184,0,1.0,0,0,0,0.0
1,1,1,59597,56,13.094896434225516,0,3.0,0,0,0,0.0
0,1,1,26409,2179,13.094815376096888,0,2.0,0,0,0,36.0
1,1,1,5943,70,13.094738564172026,0,2.0,0,1,43,76.75
0,1,1,72966,6432,13.094286818792147,0,2.0,0,0,0,0.0
1,1,1,10885,1724,13.094107907848352,0,4.0,0,14,49,59.14655172413793
1,1,1,25608,73683,13.09402618426988,0,2.0,0,0,0,0.0
1,1,1,3627,372,13.093812289677135,0,1.0,0,0,0,0.0
0,1,1,57581,7006,13.093126337640223,1,3.0,0,0,0,0.0
1,1,1,18106,914,13.092566884449868,0,1.0,0,0,0,0.0
1,2,2,4756,34,13.092386008844626,0,12.0,0,0,0,0.0
1,1,1,71456,18408,13.092210488526224,1,2.0,0,1,6,67.25
1,1,1,78174,781,13.089448047782948,0,1.0,0,0,0,0.0
0,1,1,54740,2409,13.08931017291287,0,1.0,0,0,0,0.0
1,1,1,12804,44,13.089279879100918,0,9.0,0,0,0,0.0
0,1,1,24872,583,13.08912983600512,0,1.0,0,0,0,0.0
1,1,1,8087,432,13.08862796007032,0,1.0,0,1,0,356.5
0,1,1,2035,108,13.087107312112302,0,2.0,0,0,0,0.0
1,1,1,22087,900,13.087052713536997,0,2.0,0,0,0,0.0
1,1,1,3391,479,13.085551046743578,0,5.0,0,0,0,0.0
1,1,1,3348,1763,13.08519268615849,0,1.0,0,0,0,0.0
1,1,1,79344,1306,13.08467689915314,0,2.0,0,0,0,0.0
1,1,1,32205,558,13.084353015207594,0,1.0,0,0,0,0.0
0,1,1,24874,821,13.084349624582195,0,1.0,0,0,0,0.0
1,1,1,14163,5,13.084343667221688,0,1.0,0,0,0,37.0
0,4,2,386311,31854,13.084078532990947,0,38.0,0,45,50,102.63529411764706
1,1,1,642,1,13.083956565540952,0,1.0,0,1,0,79.0
0,1,1,127184,7502,13.08374305120526,0,2.0,0,0,0,0.0
0,1,1,16752,1536,13.083174471845616,0,3.0,0,0,0,0.0
1,1,1,23622,3282,13.082810185588103,0,3.0,0,0,0,0.0
0,1,1,58321,9495,13.081621280221407,1,1.0,0,3,50,45.625
0,1,1,1997,2153,13.080738291654471,0,2.0,0,0,0,0.0
0,3,2,111909,27356,13.08052379498806,0,28.0,0,0,0,0.0
1,1,1,2684,209,13.080383797016095,0,8.0,0,1,2,371.8333333333333
0,1,1,35810,1423,13.07931118693168,0,3.0,0,0,0,0.0
1,1,1,2345,44,13.079203257304584,0,2.0,0,0,0,0.0
0,1,1,6913,38,13.078392580954038,0,3.0,0,0,0,0.0
1,1,1,628,492,13.078350689301947,0,1.0,0,0,0,0.0
1,1,1,19575,1308,13.078328412576214,0,1.0,0,0,0,0.0
0,1,1,55649,34923,13.07830629429092,0,6.0,0,0,0,0.0
0,1,1,3395,1523,13.07750062465825,0,2.0,0,0,0,0.0
0,1,1,17940,40,13.074888797396351,0,3.0,0,0,0,0.0
0,1,1,41698,1425,13.074861799145536,0,3.0,0,0,0,0.0
0,1,1,10706,13,13.074800134126647,0,2.0,0,0,0,0.0
1,1,1,2589,2317,13.074006410903085,0,1.0,0,0,0,0.0
1,1,1,171605,19614,13.073383930106065,0,3.0,0,0,0,0.0
0,1,1,704,293,13.073294949955484,0,2.0,0,0,0,0.0
1,1,1,226,879,13.073105581942706,0,2.0,0,0,0,0.0
0,1,1,34073,10118,13.07300129644571,0,7.0,0,0,0,0.0
1,1,1,11432,294,13.072921315712067,0,3.0,0,0,0,0.0
0,3,2,11455,439,13.072683148044057,0,20.0,0,38,52,61.920833333333334
0,1,1,268602,113548,13.072621799906049,0,6.0,0,7,44,60.482142857142854
1,1,1,140121,3235,13.07246145818171,0,1.0,0,0,0,0.0
0,1,1,32625,1222,13.072428724387,0,1.0,0,0,0,0.0
0,1,1,12812,5634,13.072057213245468,0,3.0,0,0,0,0.0
0,1,1,18167,2340,13.071027413767686,0,3.0,0,0,0,0.0
0,1,1,149602,1562,13.070991162595227,0,8.0,0,0,11,55.642857142857146
1,1,1,12664,1669,13.070853763046468,0,1.0,0,0,0,0.0
1,1,1,29785,2120,13.070462098281084,0,1.0,0,0,0,0.0
1,1,1,31588,5352,13.070022774631632,0,3.0,0,0,0,0.0
1,1,1,26630,2164,13.069965070623722,0,1.0,0,1,12,140.0
1,1,1,46538,3793,13.069758591043524,0,1.0,0,0,0,0.0
1,1,1,80707,27902,13.069180029936216,0,4.0,0,5,22,127.63636363636364
1,1,1,101411,2694,13.068645135013917,0,2.0,0,0,0,0.0
0,1,1,163020,3964,13.068329521659289,1,2.0,0,2,17,135.0
1,1,1,89,1,13.06766106144685,0,1.0,0,0,0,0.0
0,1,1,74049,11709,13.067658589776002,0,2.0,0,0,0,0.0
1,1,1,135083,5335,13.067453694600196,0,6.0,0,1,0,269.0
0,1,1,47028,9374,13.067281881788068,0,1.0,0,0,0,0.0
1,1,1,916,4,13.06718966945253,0,1.0,0,0,0,0.0
1,4,2,15175,3612,13.067168913755012,0,37.0,0,2,15,142.66666666666666
0,1,1,28514,21745,13.066826080332952,0,3.0,0,1,9,221.3928571428571
0,1,1,167015,403,13.066405167462518,0,1.0,0,1,0,118.0
0,1,1,28968,2644,13.06584412986777,0,1.0,0,0,0,0.0
1,1,1,2328,54,13.065494103249776,0,2.0,0,0,0,0.0
1,1,1,3594,1143,13.065278465812202,0,1.0,0,0,0,0.0
1,1,1,9680,3225,13.065214677691433,0,1.0,0,0,0,0.0
1,1,1,2153,37,13.06488987479134,0,1.0,0,0,0,0.0
1,1,1,6685,812,13.064527331378658,0,1.0,0,0,0,0.0
0,1,1,19575,19543,13.06451674755733,0,1.0,0,0,0,0.0
1,1,1,23184,108,13.064183769130578,0,1.0,0,0,0,0.0
1,1,1,36222,2717,13.063800153139502,0,4.0,0,0,0,0.0
1,1,1,6489,10502,13.063782122617535,0,2.0,0,0,0,0.0
1,3,2,162901,199,13.062965552282655,0,24.0,0,0,0,0.0
0,1,1,40963,1203,13.06267164526818,0,1.0,0,0,0,0.0
1,1,1,34172,4392,13.062263566073312,0,9.0,0,0,0,0.0
1,1,1,26754,594,13.061301420663014,0,1.0,0,0,0,0.0
0,1,1,3078,49,13.061166270968489,0,2.0,0,0,0,0.0
1,1,1,1643,63,13.05973504679428,0,1.0,0,0,0,0.0
1,1,1,754,1,13.059613618041777,0,1.0,0,0,0,0.0
1,1,1,51674,7321,13.059264320249802,0,5.0,0,0,0,146.2
0,1,1,280,58,13.058802593122264,0,1.0,0,0,0,0.0
0,1,1,12439,2,13.058182108674778,0,1.0,0,0,0,0.0
0,1,1,322266,6917,13.057281184650137,0,2.0,0,0,0,0.0
1,1,1,72969,9519,13.057149742461885,0,2.0,0,2,34,19.142857142857142
1,1,1,11770,70,13.05681682741131,0,1.0,0,0,0,0.0
1,1,1,11444,866,13.056773509795269,0,1.0,0,0,0,0.0
1,1,1,18800,10968,13.056693370621186,0,1.0,0,0,0,0.0
1,1,1,59725,5367,13.056613516639896,0,1.0,0,0,0,0.0
1,1,1,521,32,13.056407924326155,0,2.0,0,0,0,0.0
1,1,1,1828,357,13.05635221666778,0,1.0,0,0,0,0.0
0,1,1,9129,2897,13.05633364744832,0,2.0,0,2,31,40.166666666666664
0,1,1,19445,1710,13.055923540215831,0,3.0,0,0,0,0.0
0,1,1,4148,271,13.05585382642264,0,1.0,0,0,0,0.0
0,1,1,21273,386,13.05571192716541,0,1.0,0,0,0,0.0
0,4,2,98194,417,13.055252861837248,0,34.0,0,2,31,45.3125
1,1,1,2137,40,13.055235845334092,0,1.0,0,0,0,0.0
1,1,1,5931,1,13.054467947902095,0,2.0,0,3,0,150.07692307692307
0,1,1,1648,89,13.054318348439525,0,1.0,0,0,0,0.0
1,1,1,63264,14370,13.054040127028518,0,1.0,0,0,0,0.0
0,1,1,7840,296,13.054002766772983,0,1.0,0,0,0,0.0
1,1,1,1937,1,13.053693744540622,0,1.0,0,0,0,0.0
0,1,1,124749,8446,13.053511633099957,0,1.0,0,0,0,24.0
1,1,1,65594,4814,13.053144621666894,0,1.0,0,0,0,0.0
0,1,1,20813,1424,13.052511240167666,0,3.0,0,0,0,0.0
1,1,1,213202,2103,13.05204368243197,0,2.0,0,0,0,0.0
0,1,1,146375,5994,13.05197381019834,0,1.0,0,0,0,0.0
0,1,1,87596,50508,13.0510528593022,0,1.0,0,0,0,0.0
1,1,1,783,1,13.050830092044867,0,1.0,0,0,0,0.0
1,1,1,144,1,13.05044188128106,0,1.0,0,0,0,0.0
1,1,1,15514,7678,13.049995047554791,0,4.0,0,0,0,0.0
1,1,1,164807,6845,13.049352381445836,0,4.0,0,0,0,23.0
1,1,1,41366,4082,13.04907200524486,0,2.0,0,0,0,0.0
0,1,1,17016,21133,13.049031064235402,0,1.0,0,0,0,0.0
1,1,1,5900,248,13.04838431036312,0,1.0,0,0,0,0.0
0,1,1,106393,17673,13.048279549544803,0,1.0,0,0,0,0.0
0,1,1,9964,13275,13.048092368010089,0,1.0,0,2,40,77.97435897435898
0,1,1,75073,12096,13.047827518972138,0,6.0,0,0,0,0.0
1,1,1,11025,4247,13.047697154178872,0,1.0,0,0,0,0.0
1,1,1,99161,20176,13.047638087583186,0,2.0,0,0,0,0.0
0,1,1,63249,96,13.047335878289704,0,8.0,0,0,0,0.0
0,1,1,4332,108,13.047316041546733,0,1.0,0,0,0,0.0
0,1,1,411,52,13.047001727403703,0,1.0,0,0,0,0.0
0,1,1,75198,1119,13.046193237531217,0,1.0,0,0,0,0.0
0,1,1,59684,638,13.04603476540406,0,1.0,0,0,37,45.714285714285715
0,2,2,15613,1352,13.04599632775354,0,14.0,0,0,28,81.8
1,1,1,205371,3675,13.044885058201992,0,1.0,0,0,0,0.0
1,1,1,16199,1271,13.043171841734326,0,5.0,0,0,0,0.0
0,1,1,6166,252,13.04288592011798,0,1.0,0,0,0,0.0
0,1,1,260168,7056,13.04268124675879,0,1.0,0,1,35,71.8
0,1,1,1326,1602,13.042567613275889,0,1.0,0,1,0,129.0
0,1,1,92564,1124,13.042023814000911,0,1.0,0,0,43,54.787234042553195
1,1,1,99719,34079,13.041878492430197,0,1.0,0,0,0,0.0
1,1,1,2452,1,13.041748286077368,0,1.0,0,1,0,218.0
0,1,1,29748,18961,13.041199765277309,0,1.0,0,0,0,0.0
1,1,1,11729,6,13.041176062587622,0,1.0,0,1,31,43.0
0,3,2,94128,773,13.040713321441274,0,21.0,0,0,0,0.0
1,1,1,19204,2356,13.040591449055542,0,1.0,0,0,0,0.0
1,1,1,24584,10941,13.04052072124354,0,3.0,0,0,0,0.0
1,1,1,30549,11419,13.040502215400258,0,1.0,0,0,0,0.0
0,1,1,1879,800,13.040224469310568,0,1.0,0,0,0,0.0
0,1,1,29423,18881,13.040143284429588,0,3.0,0,0,0,0.0
1,1,1,2836,142,13.040115937609803,0,1.0,0,0,0,0.0
0,1,1,49220,868,13.039593622858366,0,3.0,0,0,0,0.0
1,1,1,8487,32,13.039469785811187,0,2.0,0,0,0,0.0
1,1,1,190532,12683,13.039364010974063,0,3.0,0,0,38,192.0
0,1,1,11924,51,13.039211052574188,1,1.0,0,0,31,71.0
0,1,1,17984,1738,13.039130374702612,0,1.0,0,0,0,0.0
0,1,1,75,17,13.038005827842268,0,1.0,0,0,0,0.0
0,1,1,11332,107,13.037117198795698,0,1.0,0,0,0,0.0
0,1,1,85416,7,13.036905332240574,0,1.0,0,0,0,0.0
0,1,1,5801,748,13.036712541914314,0,1.0,0,0,0,0.0
1,1,1,47395,428345,13.03660850992202,1,1.0,0,0,0,0.0
1,1,1,53417,3489,13.035742918115291,0,1.0,0,0,0,19.857142857142858
0,1,1,104994,406,13.035226719164802,0,1.0,0,0,0,0.0
1,1,1,14685,204,13.035198231573856,0,2.0,0,0,0,0.0
0,1,1,6581,1163,13.03438045709164,0,1.0,0,0,0,0.0
1,1,1,3645,1361,13.031724836892383,1,2.0,0,0,0,0.0
0,1,1,2099,15,13.03162837835308,0,1.0,0,1,0,66.0
0,1,1,586,256,13.031348128904453,0,2.0,0,0,0,0.0
0,1,1,78946,2511,13.029593464417928,0,2.0,0,0,0,0.0
1,1,1,6135,38,13.02903981014764,0,4.0,0,0,0,0.0
0,1,1,9551,431,13.02873363984318,0,2.0,0,0,0,0.0
0,1,1,39093,19,13.027758312188352,0,5.0,0,0,0,0.0
1,1,1,16255,1513,13.02720877736948,0,1.0,0,0,0,0.0
1,1,1,224570,622891,13.026738145889269,1,1.0,0,0,0,0.0
0,1,1,137572,1213,13.026437489312087,0,1.0,0,0,0,0.0
0,1,1,40491,12569,13.026241847057925,0,1.0,0,0,0,0.0
1,1,1,3716,1119,13.025999433186149,0,1.0,0,0,0,0.0
0,1,1,2809,76,13.025761962656068,0,2.0,0,0,0,0.0
1,1,1,7625,1,13.025657170149668,0,1.0,0,0,0,0.0
0,1,1,5408,11,13.025652607065023,0,1.0,0,0,0,0.0
1,1,1,3219,220,13.025593540469336,0,1.0,0,0,0,0.0
0,1,1,140357,390,13.025489191596163,0,3.0,0,0,0,0.0
1,1,1,161554,1480,13.025481998400233,0,1.0,0,0,0,0.0
0,1,1,11914,1557,13.025383765328009,0,2.0,0,0,0,0.0
0,1,1,9882,4154,13.024323703726363,0,1.0,0,0,0,0.0
1,1,1,13475,3403,13.024173724006742,0,1.0,0,0,0,0.0
0,1,1,6152,2709,13.023020340986486,0,3.0,0,12,52,89.9047619047619
1,1,1,464225,9864,13.02289840522458,0,1.0,0,0,4,64.55555555555556
1,1,1,25886,6536,13.022138715007324,0,6.0,0,0,0,0.0
1,1,1,1745,82,13.021613484951809,0,3.0,0,0,0,0.0
0,1,1,35903,315,13.021285481554845,0,1.0,0,0,0,0.0
1,1,1,34669,4916,13.020747227695235,0,2.0,0,1,0,149.0
0,1,1,68185,502,13.02072137021558,0,7.0,0,33,51,70.70491803278688
1,1,1,1456,690,13.020627446723298,0,1.0,0,0,0,0.0
0,1,1,2071,763,13.020602825079068,0,2.0,0,0,0,0.0
1,1,1,67753,1232,13.02045173627637,0,2.0,0,0,1,54.35294117647059
0,1,1,3549,290,13.020169141909244,0,1.0,0,0,0,0.0
0,1,1,182384,7230,13.019963296090804,0,1.0,0,0,0,0.0
0,2,2,32669,123,13.019760207136004,0,11.0,0,14,46,73.45833333333333
1,1,1,84034,4846,13.01868404798575,0,1.0,0,0,0,0.0
0,1,1,397,542,13.01846299188516,0,1.0,0,0,0,0.0
0,1,1,2952,18,13.018222859555706,0,2.0,0,0,0,0.0
1,1,1,5529,1253,13.017469063322784,0,1.0,0,0,0,0.0
1,4,2,197251,22778,13.0169369886403,0,31.0,0,10,43,146.1851851851852
1,1,1,2270,8699,13.015780753692145,0,1.0,0,0,0,0.0
0,1,1,7711,942,13.015330434276215,0,1.0,0,0,0,0.0
0,1,1,28736,468,13.014598249319189,0,2.0,0,0,0,0.0
0,1,1,8085,145,13.014423426138716,0,1.0,0,0,0,0.0
1,1,1,265469,7154,13.013938218138108,0,2.0,0,0,0,18.2
1,1,1,8940,17829,13.013084699492836,0,1.0,0,0,0,0.0
1,1,1,665,396,13.012677380812075,0,1.0,0,0,0,0.0
0,3,2,135013,592,13.012486618523434,0,27.0,0,30,2506,60.60077519379845
1,1,1,16212,6619,13.012297852584329,0,1.0,0,0,0,0.0
0,1,1,3872,1,13.012268287598395,0,1.0,0,0,0,0.0
0,7,3,17113,840,13.012106836790984,0,107.0,0,7,37,100.6
1,1,1,34423,6401,13.011855486878442,0,2.0,0,0,0,0.0
0,1,1,15075,2734,13.011825763452071,0,2.0,0,1,52,196.87786259541983
1,1,1,3839,4929,13.01072628186919,0,4.0,0,0,0,0.0
1,1,1,17098,4813,13.010406707503586,0,1.0,0,0,0,0.0
1,1,1,7573,5,13.010360601335815,0,1.0,0,0,0,0.0
0,1,1,1391,3937,13.010211477194565,0,1.0,0,0,0,0.0
0,2,2,85078,2595,13.010047649780564,0,10.0,0,0,0,0.0
1,1,1,114023,35726,13.009771551471442,0,2.0,0,0,0,0.0
0,1,1,56877,15126,13.0095277433238,0,3.0,2,44,28,151.22164948453607
1,1,1,9323,3139,13.009495770043197,0,1.0,0,0,0,0.0
1,1,1,7329,410,13.009095581182192,0,1.0,0,0,0,0.0
0,1,1,394,1,13.007915738608611,0,1.0,0,0,0,0.0
0,1,1,8709,551,13.007390476865009,0,1.0,0,0,0,0.0
1,1,1,12029,299,13.007246105936929,0,1.0,0,1,0,907.0
1,1,1,67321,42700,13.006811947445788,0,2.0,0,0,0,0.0
1,1,1,8837,1240,13.006281362103428,0,1.0,0,0,0,0.0
0,1,1,17789,316,13.006265771564223,0,1.0,0,0,0,0.0
1,1,1,2581,1222,13.006046268179936,0,1.0,0,0,0,0.0
0,1,1,11109,354,13.005737119195222,0,7.0,0,0,0,24.0
0,1,1,13370,10273,13.005469291477018,0,1.0,0,0,0,0.0
0,1,1,2699,880,13.005128707909194,0,1.0,0,0,0,0.0
0,1,1,91526,9493,13.004278294696528,0,1.0,0,0,0,0.0
0,1,1,86708,1,13.004012336575505,0,4.0,0,0,0,0.0
1,4,2,7804,106,13.003911790272872,0,32.0,0,0,0,0.0
0,1,1,32942,1914,13.00249118160808,0,1.0,0,0,0,0.0
1,1,1,25975,23292,13.00180770124202,0,1.0,0,0,0,0.0
0,1,1,96395,39515,13.00169318049266,0,1.0,0,0,0,0.0
0,1,1,70,19,13.001427697692954,0,1.0,0,0,0,0.0
0,1,1,1409,271,13.00087198369696,0,1.0,0,0,0,0.0
0,1,1,1454,68,12.999888670644,0,1.0,0,0,0,0.0
0,1,1,23099,1118,12.999556769612235,0,1.0,0,0,0,0.0
1,1,1,4214,234,12.99951034656359,0,1.0,0,0,0,0.0
1,1,1,159158,22212,12.999244420130657,0,1.0,0,0,0,0.0
0,1,1,20509,1729,12.998702965774177,0,2.0,0,0,0,0.0
0,1,1,40476,5085,12.998698212561004,0,1.0,0,0,0,0.0
0,1,1,17001,735,12.998352432146778,0,1.0,0,0,0,0.0
1,1,1,204957,17920,12.998346696602884,1,2.0,0,0,0,0.0
0,1,1,1312,1,12.998268807283036,0,1.0,0,0,0,0.0
1,1,1,6101,968,12.997863580016071,0,1.0,0,0,0,0.0
1,1,1,1778,1,12.99751672220686,0,1.0,0,0,0,0.0
0,1,1,1683,187,12.99748509749522,0,1.0,0,0,0,0.0
0,1,1,32271,619,12.997327290817903,0,1.0,0,0,0,0.0
0,1,1,2467,991,12.997247310084264,0,1.0,0,0,0,0.0
1,1,1,273682,5638,12.997162734577888,0,1.0,0,0,0,0.0
0,1,1,187085,857,12.99689569906188,1,2.0,0,3,31,246.83333333333337
1,2,2,103336,1852,12.996538701064566,0,19.0,0,1,0,36.5
1,1,1,40515,28,12.99606578804203,0,5.0,0,0,0,0.0
0,1,1,25659,178,12.995759649425658,0,1.0,0,0,0,0.0
0,1,1,19996,8,12.995710152632492,0,1.0,0,0,0,0.0
0,1,1,31237,61,12.995134760333965,0,4.0,0,0,0,503.0
1,1,1,16905,21,12.99450353362471,0,1.0,0,1,0,90.0
0,1,1,98466,774,12.99283401503014,0,4.0,0,0,0,73.5
0,1,1,1274,1,12.992717941564475,0,6.0,0,0,0,0.0
1,1,1,1327,652,12.992532819755468,0,1.0,0,0,0,0.0
0,1,1,73950,10503,12.992195848629652,0,1.0,0,1,0,104.0
0,1,1,15245,525,12.991730794252897,0,1.0,0,0,0,0.0
0,1,1,2375,22,12.991511069051992,0,1.0,0,0,0,0.0
0,1,1,66614,665,12.990549494027276,0,5.0,0,0,0,0.0
0,1,1,2524,2022,12.989853877123585,0,1.0,0,0,0,0.0
1,1,1,5952,26654,12.98966647377225,0,1.0,0,0,0,0.0
1,1,1,32177,4794,12.988580079369632,0,1.0,0,0,0,0.0
0,1,1,9168,29,12.98836136818754,0,3.0,0,0,0,64.0
1,1,1,7808,1139,12.987568944175576,0,1.0,0,0,0,0.0
0,1,1,45558,840,12.987208967498008,0,1.0,0,0,0,0.0
0,1,1,50931,190,12.985955006487032,0,3.0,0,0,0,0.0
0,1,1,232,2,12.985734552460109,0,3.0,0,0,0,0.0
1,1,1,70564,813,12.985360221078762,0,2.0,0,0,0,0.0
1,1,1,12389,496,12.985263002025349,0,3.0,0,0,0,0.0
0,1,1,58089,28265,12.984013509034751,0,1.0,0,0,0,0.0
0,1,1,16474,3592,12.983884094884122,0,1.0,0,0,0,0.0
0,1,1,15868,11,12.983660028415189,0,7.0,0,0,0,0.0
1,1,1,3189,146,12.983492303366388,0,1.0,0,0,0,0.0
1,1,1,313,1,12.983179510251576,0,1.0,0,0,0,0.0
0,1,1,5548,10,12.983038878517858,0,1.0,0,1,36,233.2
1,1,1,2945,27,12.982474196793012,0,1.0,0,0,0,0.0
1,1,1,15886,771,12.982409901662836,0,1.0,0,0,0,0.0
0,1,1,47863,5242,12.98176910515106,0,1.0,0,1,10,98.75
1,1,1,68587,2686,12.981627205893831,0,1.0,0,0,0,0.0
0,1,1,12615,1,12.980867008667172,0,1.0,0,0,0,0.0
0,1,1,316745,9968,12.98073106677045,0,1.0,0,1,0,115.5
1,1,1,4800,251,12.9805782984991,0,1.0,0,0,0,0.0
0,1,1,174915,5236,12.980540526298425,0,1.0,0,0,0,0.0
1,1,1,10621,7,12.979685106367883,0,1.0,0,0,0,0.0
0,1,1,3125,2,12.979135222980048,0,1.0,0,0,0,0.0
1,6,3,98617,442,12.978610658374372,0,55.0,0,0,0,0.0
1,1,1,807,324,12.97833006035678,0,1.0,0,0,0,0.0
1,1,1,475,132,12.978230242880167,0,1.0,0,0,0,0.0
0,1,1,29255,2479,12.977915294975382,0,1.0,0,0,0,0.0
0,1,1,40086,8659,12.977672469158463,0,2.0,0,0,0,0.0
0,1,1,3970,1478,12.977303873321013,0,1.0,0,0,0,0.0
1,1,1,95519,15892,12.977053442363015,0,3.0,0,0,0,0.0
1,1,1,9284,25008,12.977013451996196,0,1.0,0,0,0,0.0
1,1,1,34298,7583,12.97690175148665,0,2.0,0,0,0,0.0
0,1,1,104581,23207,12.97681549651162,0,1.0,0,0,0,0.0
0,1,1,15532,2208,12.97669156440018,0,2.0,0,0,0,0.0
0,1,1,2593,6508,12.976437204119298,0,2.0,0,0,0,0.0
1,1,1,7805,486,12.974478626787688,0,2.0,0,0,0,0.0
0,1,1,593,237,12.974351937812608,0,1.0,0,0,0,0.0
0,1,1,124777,310509,12.974211527895504,0,6.0,0,0,0,0.0
0,1,1,10758,13,12.971941963670089,0,1.0,0,0,0,0.0
0,1,1,4622,1239,12.971922031862851,0,1.0,0,0,0,0.0
0,1,1,63696,9634,12.97169546203498,0,2.0,0,0,0,0.0
1,1,1,2419,344,12.97164517303962,0,2.0,0,0,0,0.0
0,1,1,7951,169,12.971295590054856,0,2.0,0,2,35,124.0
1,1,1,4123,782,12.97124495249053,0,1.0,0,0,0,0.0
0,1,1,69112,5316,12.971032959183054,0,1.0,0,0,0,0.0
1,1,1,18677,298,12.970690949651278,0,7.0,0,1,0,85.0
1,1,1,4617,595,12.970631978119856,0,1.0,0,0,0,0.0
0,4,2,38359,125,12.969919534841532,0,34.0,0,24,46,91.47826086956522
0,1,1,618,1,12.969632504142114,0,1.0,0,0,0,0.0
1,1,1,21174,31341,12.969578254135776,0,2.0,0,0,0,0.0
0,1,1,30304,60139,12.969405617433363,0,1.0,0,0,0,0.0
1,1,1,21023,2250,12.96881162422729,0,1.0,0,0,0,0.0
1,1,1,13462,1622,12.968777242652012,0,1.0,0,0,0,0.0
0,1,1,12447,90,12.96865537026628,0,8.0,0,0,0,0.0
0,1,1,4657,3684,12.968491891421246,0,1.0,0,0,0,0.0
1,1,1,584,1,12.96831424800096,0,1.0,0,0,0,0.0
0,1,1,34112,1168,12.968288865842622,0,1.0,0,0,0,0.0
0,1,1,1633,1578,12.967967009934696,0,1.0,0,0,0,0.0
1,1,1,118684,145728,12.967749693028466,0,1.0,0,0,0,0.0
1,1,1,46854,1623,12.967244109587394,0,1.0,0,0,0,0.0
0,1,1,42446,608,12.966830960298475,0,1.0,0,0,0,53.0
0,1,1,71,13,12.9657475762642,0,1.0,0,0,0,0.0
0,1,1,40664,145,12.96574424901498,0,1.0,0,0,0,0.0
0,1,1,465207,13711,12.965511531698075,0,2.0,0,0,0,0.0
1,2,2,2969,35,12.965492962478615,0,13.0,0,0,0,0.0
1,1,1,71106,7597,12.965383194942428,0,2.0,0,0,0,0.0
1,1,1,38294,1815,12.965169522166295,0,1.0,0,0,0,0.0
1,1,1,89498,20130,12.964785272413463,0,1.0,0,0,0,0.0
1,1,1,2384911,1138750,12.964283238038227,1,1.0,0,0,0,0.0
0,2,2,84575,4568,12.96393210233716,0,12.0,0,0,0,0.0
1,1,1,2746,8,12.963906593426469,0,1.0,0,0,0,0.0
1,1,1,25206,14621,12.963203910079192,1,1.0,0,0,0,0.0
0,1,1,26446,5095,12.963124879988184,0,1.0,0,0,0,0.0
1,1,1,55478,7597,12.960940208150022,0,1.0,0,0,0,0.0
1,1,1,20666,127,12.960789943237607,0,1.0,0,0,0,0.0
1,1,1,2905,1,12.95987494970198,0,2.0,0,0,0,0.0
1,2,2,20301,98,12.959832424288132,0,10.0,0,0,0,0.0
0,1,1,41855,46,12.959816263363347,0,1.0,0,0,0,0.0
1,1,1,10215,2001,12.95826224784886,0,2.0,0,8,45,122.8695652173913
0,1,1,5387,254,12.958137048213906,0,1.0,0,0,0,0.0
0,1,1,21227,684,12.957990522495852,0,1.0,0,0,0,0.0
0,1,1,109463,3716,12.95752524630248,0,1.0,0,0,0,0.0
0,1,1,5566,4656,12.957246105936926,0,1.0,0,0,0,0.0
1,1,1,21591,240,12.95713095142581,0,1.0,0,0,0,0.0
0,1,1,13999,10421,12.956641972542752,0,2.0,0,0,0,0.0
0,1,1,3849,22293,12.956508565693056,0,3.0,0,0,0,0.0
0,1,1,16067,1464,12.956356526247724,0,2.0,0,0,0,0.0
0,1,1,10871,3836,12.956321162341723,0,1.0,0,0,0,0.0
0,1,1,29589,3979,12.956134234311708,0,1.0,0,0,0,0.0
0,1,1,107697,7776,12.95557871044424,0,1.0,0,0,0,0.0
1,1,1,145259,38242,12.955217878188302,0,7.0,0,0,0,0.0
0,1,1,21034,514,12.954398931246836,0,4.0,0,0,12,211.5
1,1,1,898,6062,12.954270119169871,0,1.0,0,0,0,0.0
0,1,1,187014,18459,12.953083210152707,0,1.0,0,0,0,0.0
0,1,1,15394,26,12.953031051560169,0,1.0,0,0,0,0.0
1,2,2,22669,1349,12.95288592011798,0,17.0,0,0,0,0.0
0,1,1,31382,2880,12.9521338350418,0,7.0,0,0,0,0.0
0,1,1,42670,1798,12.951908976370673,1,1.0,0,0,0,0.0
0,1,1,4006,600,12.951898772806397,0,1.0,0,0,0,0.0
0,1,1,18943,3142,12.950837855626384,0,1.0,0,0,0,0.0
0,1,1,103795,50134,12.949995491188025,0,1.0,0,0,0,0.0
1,1,1,29307,2918,12.949931798131516,0,1.0,0,1,46,42.666666666666664
0,1,1,32440,24588,12.94977082264542,0,1.0,0,0,0,0.0
0,1,1,25844,783,12.9495732474179,0,2.0,0,0,0,0.0
0,1,1,17248,1564,12.949166974444037,0,1.0,0,0,0,0.0
0,1,1,31792,1984,12.94873554112845,0,1.0,0,0,0,0.0
1,1,1,13974,4872,12.947426157651886,0,2.0,0,0,0,0.0
0,1,1,1909,369,12.947356887491924,0,1.0,0,0,0,0.0
0,1,1,448,1,12.94726765383664,0,1.0,0,0,0,0.0
1,1,1,5607,154,12.946439865918672,0,1.0,0,0,0,0.0
0,1,1,286421,11155,12.9464299158591,0,4.0,0,0,0,0.0
1,1,1,67378,154142,12.945447458384514,0,1.0,0,0,0,0.0
0,1,1,48709,4937,12.945246999541002,0,1.0,0,0,0,0.0
1,1,1,16699,5118,12.944787585643876,0,1.0,0,0,0,0.0
1,1,1,46719,14678,12.944351430803202,0,1.0,0,0,0,0.0
0,1,1,298,1,12.944258046008414,0,1.0,0,0,0,0.0
1,1,1,37961,665,12.944195113466016,0,2.0,0,0,0,0.0
0,1,1,129105,15209,12.944129328995714,0,1.0,0,0,0,0.0
0,1,1,29216,3856,12.943309811668668,0,1.0,0,0,0,0.0
0,1,1,87681,3474,12.942948155522446,0,1.0,0,0,0,0.0
1,2,2,35080,6465,12.942699752602072,0,19.0,0,0,0,0.0
0,1,1,975,59,12.9425498996348,0,2.0,0,0,0,0.0
0,1,1,17983,869,12.94233898372231,0,1.0,1,0,0,0.0
0,1,1,9793,1217,12.942070680682788,0,4.0,0,0,0,0.0
0,2,2,36339,67302,12.941999889494612,0,11.0,0,1,0,94.0
0,2,2,158975,37,12.941970831518086,0,11.0,0,9,29,55.689655172413794
0,1,1,18046,5821,12.941582240497224,0,4.0,0,0,0,0.0
0,1,1,14081,1,12.941560058835751,0,1.0,0,0,0,0.0
0,1,1,30019,183,12.941237664230332,0,2.0,0,0,0,0.0
0,1,1,36320,1438,12.941172830402666,0,4.0,0,0,0,0.0
1,2,2,20579,5412,12.941011316219075,0,14.0,0,0,0,0.0
1,1,1,17308,179,12.940930258090448,0,1.0,0,0,0,0.0
0,1,1,47345,2322,12.940795393588711,0,1.0,0,0,0,104.0
0,1,1,1635,77,12.940793302174916,0,1.0,0,0,0,0.0
1,1,1,504,428,12.93920826402246,0,1.0,0,0,0,0.0
1,1,1,33701,4676,12.939045767508148,0,1.0,0,0,0,0.0
0,1,1,15591,5945,12.938707085225593,0,6.0,0,4,39,97.65517241379312
0,1,1,53867,2580,12.938460837095189,0,1.0,0,0,0,0.0
1,1,1,57530,1021,12.938377434048062,0,3.0,0,0,0,0.0
1,1,1,165,1,12.93822891198048,0,1.0,0,0,0,0.0
1,1,1,50085,1331,12.93822888029239,0,6.0,0,0,12,237.23076923076923
0,1,1,222140,26467,12.938206635254746,0,2.0,0,3,46,241.0
1,1,1,63989,3343,12.938173711331508,0,2.0,0,0,0,0.0
1,1,1,22,112,12.938109099320451,0,1.0,0,0,0,0.0
1,1,1,27439,28655,12.937186595708011,0,1.0,0,0,0,0.0
0,1,1,36,2,12.937004167386466,0,1.0,0,0,0,0.0
1,1,1,22488,182,12.936664502773189,0,2.0,0,0,0,0.0
0,1,1,117491,18484,12.936468828830936,0,1.0,0,0,0,0.0
1,1,1,5008,31,12.93584701348376,0,1.0,0,0,0,0.0
0,1,1,106634,3102,12.935766810933504,0,1.0,0,0,38,165.33333333333334
1,1,1,22891,4,12.93549942684853,0,1.0,0,0,0,0.0
0,1,1,25642,2294,12.935480952693334,0,1.0,0,0,0,0.0
0,1,1,56513,33490,12.934810464443276,0,2.0,0,0,0,0.0
1,1,1,124660,5243,12.934214316447232,0,9.0,0,0,0,0.0
1,1,1,3885,2642,12.93402428298461,0,1.0,0,0,0,0.0
1,1,1,82292,2050,12.933436152074782,0,1.0,0,0,34,38.333333333333336
1,1,1,9018,18073,12.933411150173496,0,1.0,0,0,0,0.0
1,1,1,2298,9,12.93340820318133,0,1.0,0,0,0,0.0
1,1,1,8925,149,12.933015587773314,0,2.0,0,0,0,0.0
0,5,3,142594,45531,12.933006429915936,0,49.0,0,0,0,0.0
0,1,1,64992,42801,12.932549202496867,0,1.0,0,0,0,0.0
1,1,1,19637,364,12.932352546223894,0,2.0,0,0,0,0.0
0,1,1,1625,1948,12.9322157487488,0,1.0,0,0,0,0.0
1,1,1,528506,9938,12.931947350645016,0,1.0,0,0,0,68.0
1,2,2,25704,302,12.93169055038137,0,19.0,0,0,0,0.0
0,1,1,7306,1203,12.931170643924606,0,1.0,0,0,0,0.0
0,1,1,14826,1582,12.93072368344599,0,4.0,0,0,34,815.75
1,1,1,2245,18,12.930181341823053,0,1.0,0,0,0,0.0
0,1,1,38675,3963,12.930164515448425,0,1.0,0,0,0,60.0
1,1,1,8237,10293,12.929994603921564,0,2.0,0,0,0,0.0
0,1,1,6807,152,12.927929364486372,0,1.0,0,0,0,0.0
1,1,1,139668,2980,12.92782156161163,0,1.0,0,0,0,0.0
1,1,1,1589,2292,12.927657353940576,0,1.0,0,0,0,0.0
1,1,1,2292,2702,12.927547332899689,0,2.0,0,0,0,0.0
0,1,1,11827,1079,12.927370766874386,0,1.0,0,0,0,71.0
1,1,1,2363,565,12.927196260574794,0,1.0,0,0,0,0.0
1,1,1,537027,2082,12.92640919184967,0,1.0,0,0,0,28.0
0,1,1,4071,25,12.925808068823835,0,1.0,0,0,0,0.0
0,1,1,10293,786,12.9257790425354,0,1.0,0,0,0,0.0
1,1,1,151708,6111,12.925533491542929,0,1.0,0,0,0,0.0
1,1,1,78895,407,12.92544650774188,0,2.0,0,2,16,56.38297872340426
1,1,1,71185,8533,12.924822379164295,0,1.0,0,0,0,0.0
0,1,1,89894,3095,12.92479563441818,0,2.0,0,0,0,0.0
1,5,3,192078,90,12.924616565033944,0,43.0,0,7,1952,63.107142857142854
0,1,1,45260,14154,12.924294677437928,0,1.0,0,0,0,0.0
0,1,1,9505,416,12.924272812657335,0,1.0,0,0,0,0.0
0,1,1,40928,4257,12.92316756384247,0,1.0,0,0,0,0.0
1,1,1,14193,1350,12.922536590637918,0,3.0,0,0,0,0.0
1,1,1,136382,1541,12.922453282655054,0,1.0,0,0,0,0.0
0,1,1,12157,192,12.922116343217327,0,1.0,0,0,0,0.0
0,1,1,42529,7167,12.921961388467915,0,4.0,0,0,0,0.0
0,1,1,255,447,12.921221820186426,0,1.0,0,0,0,0.0
1,1,1,3992,1002,12.920494737011532,0,1.0,0,0,0,0.0
0,1,1,2085,4124,12.920159445354372,0,7.0,0,0,0,0.0
1,1,1,11009,274,12.919795444289653,0,1.0,0,0,0,0.0
0,1,1,2105,22,12.919451723601131,0,1.0,0,0,0,0.0
1,1,1,104169,7730,12.9194320452986,0,8.0,0,0,14,222.57142857142856
0,1,1,157409,5905,12.918833298879356,1,1.0,0,0,0,0.0
1,1,1,23755,2022,12.918108655687224,0,1.0,0,0,0,0.0
0,1,1,44776,74,12.917620817575328,0,1.0,0,0,25,81.57142857142857
1,1,1,48389,7033,12.917517736225667,0,1.0,0,0,0,0.0
0,1,1,20949,5079,12.917253711078002,0,1.0,0,0,47,47.0
0,1,1,3569,382,12.9171073121123,0,1.0,0,0,0,0.0
1,1,1,6186,2570,12.917077081676526,0,4.0,0,0,0,0.0
0,1,1,33597,1696,12.917074514941412,0,2.0,0,1,15,186.53333333333333
0,1,1,18960,1034,12.916728924655713,0,1.0,0,0,0,0.0
0,1,1,528,1,12.916474754503357,0,6.0,0,0,0,0.0
0,1,1,336741,13229,12.916463790424974,0,1.0,0,0,0,32.5
0,1,1,23259,3478,12.916169186272567,0,5.0,0,0,0,171.0
0,1,1,336758,7070,12.915770581815954,1,1.0,0,0,0,0.0
1,1,1,14770,10153,12.915637808728013,0,1.0,0,0,0,0.0
1,1,1,77592,1925,12.914472289170126,0,1.0,0,1,0,13.0
0,1,1,151087,25387,12.91368899132745,0,1.0,0,0,32,71.11111111111111
0,1,1,40064,2431,12.913177165333078,0,3.0,0,0,0,0.0
0,1,1,2709,252,12.912996289727836,0,1.0,0,0,0,0.0
0,1,1,13995,925,12.91218444091804,0,1.0,0,0,0,0.0
1,1,1,1150262,66045,12.911943928331532,0,1.0,0,0,0,0.0
0,1,1,32140,33,12.911589338628891,0,3.0,0,3,44,181.1428571428571
1,1,1,1198527,108461,12.911547383600627,0,3.0,0,0,0,27.0
0,1,1,157738,4582,12.91090693565782,0,1.0,0,0,0,0.0
0,1,1,54247,17635,12.910582544702866,0,1.0,0,0,0,0.0
0,1,1,13688,50326,12.910536343470833,0,1.0,0,0,0,0.0
1,1,1,4579,18007,12.909279625596216,0,1.0,0,0,0,0.0
1,1,1,1161,6,12.908760099396504,0,1.0,0,0,0,0.0
1,1,1,209692,162979,12.908652486650288,0,2.0,0,0,0,53.833333333333336
0,1,1,7261,683,12.908560337690924,0,1.0,0,0,0,0.0
0,1,1,3907,22,12.907997208682382,0,1.0,0,0,0,0.0
1,1,1,31442,1191,12.90793129745973,0,1.0,0,12,47,45.223880597014926
0,1,1,259,98,12.907883194942428,0,1.0,0,0,0,0.0
1,1,1,55398,57435,12.906713048923718,0,3.0,0,0,0,0.0
0,1,1,577,16,12.90661228080447,0,1.0,0,0,0,0.0
0,1,1,2736,10,12.906152391586025,0,5.0,0,1,0,62.0
0,1,1,13386,2054,12.906060210938572,0,1.0,0,0,0,0.0
1,1,1,4782,601,12.90561942963708,0,1.0,0,0,0,0.0
1,1,1,8574,1,12.905527153925366,0,1.0,0,0,0,44.0
1,1,1,18501,26,12.905434117699544,0,1.0,0,0,0,0.0
1,1,1,9915,1215,12.905391497221435,0,2.0,0,0,0,0.0
0,1,1,92654,6019,12.90429623015423,0,1.0,0,0,0,0.0
0,1,1,1396,3268,12.90320470228139,0,1.0,0,0,0,0.0
0,1,1,110415,1,12.902732866653835,0,1.0,0,0,0,0.0
0,1,1,2650,169,12.902653868250916,0,1.0,0,0,0,0.0
0,1,1,1111,1422,12.902601614594111,0,1.0,0,0,0,0.0
0,1,1,65118,3454,12.900857977562143,0,5.0,0,0,0,0.0
0,1,1,92873,14248,12.900700075820568,0,1.0,0,0,0,0.0
0,1,1,17154,7087,12.899950937736556,0,1.0,0,0,0,0.0
1,1,1,8343,7363,12.89975054226922,0,1.0,0,0,0,0.0
1,1,1,155149,4162,12.89958528889127,0,4.0,0,1,0,21.0
1,1,1,119327,665,12.899455526171671,0,1.0,0,0,0,0.0
1,1,1,10090,378,12.898709968841583,0,6.0,0,0,0,0.0
1,1,1,49322,5478,12.898591835650212,0,2.0,0,0,0,0.0
1,1,1,5001,260,12.898057099168351,0,2.0,0,0,0,0.0
0,1,1,30753,4714,12.897796686462694,0,1.0,0,3,23,400.6666666666667
0,1,1,13673,1711,12.897455152252236,0,3.0,0,0,0,0.0
1,1,1,411,8,12.896938921613655,0,1.0,0,0,0,0.0
0,1,1,117421,76962,12.896914204905162,0,8.0,0,0,0,0.0
1,1,1,9240,281,12.89651141762096,0,1.0,0,0,0,0.0
0,2,2,358616,21856,12.895831169439854,0,16.0,0,0,0,0.0
0,1,1,7316,3280,12.89509759020696,0,6.0,0,0,0,0.0
0,1,1,47363,1386,12.894723417266052,0,1.0,0,0,0,0.0
0,1,1,127181,24917,12.894631014801986,0,1.0,0,0,0,0.0
0,1,1,7604,1243,12.894313975483406,0,1.0,0,0,0,14.0
1,1,1,41438,13640,12.893922183965676,0,4.0,0,0,0,0.0
0,1,1,992,1,12.893116039011684,0,1.0,0,0,0,0.0
0,1,1,21214,3,12.892829356881233,0,1.0,0,0,0,0.0
0,1,1,2022,1710,12.892420834053134,0,1.0,0,0,0,0.0
0,1,1,39637,5,12.891873675840849,0,7.0,0,4,48,104.5
0,1,1,15462,1895,12.891532141630387,0,1.0,0,0,0,0.0
0,1,1,200,4,12.889533605620043,0,1.0,0,0,0,0.0
1,1,1,1200,2779,12.889460881458511,0,1.0,0,0,0,0.0
1,1,1,875,8643,12.889036831467385,0,1.0,0,5,20,172.4
0,1,1,21977,2914,12.888388239686009,0,2.0,0,1,16,71.6
1,1,1,30430,105,12.888383803353712,0,1.0,0,0,0,0.0
0,1,1,59512,764,12.888163761271931,0,1.0,0,0,0,0.0
0,1,1,10162,91,12.887293796509086,0,2.0,0,0,0,0.0
1,1,1,13131,176,12.88722344895414,0,1.0,0,0,0,0.0
0,1,1,203564,7472,12.887066497855196,0,1.0,0,0,0,0.0
1,1,1,18848,1807,12.887019377668617,0,1.0,0,0,0,0.0
0,1,1,8551,427,12.88691712020924,0,3.0,0,0,0,0.0
1,1,1,22193,14697,12.886845568506956,1,1.0,0,0,0,0.0
0,1,1,14553,1294,12.886511797878011,0,2.0,0,0,0,0.0
0,1,1,3689,291,12.886233703219355,0,1.0,0,0,0,0.0
0,1,1,24540,1653,12.886115886908865,0,1.0,0,0,0,0.0
1,1,1,44648,2347,12.885690949651275,0,1.0,0,0,0,0.0
0,1,1,6150,2722,12.884623219532385,0,1.0,0,0,0,0.0
0,1,1,39752,3642,12.88438483004776,0,3.0,0,1,0,34.0
0,1,1,25489,3202,12.8840170264125,0,1.0,0,0,0,0.0
0,2,2,15027,79,12.883989711280806,0,15.0,0,0,0,0.0
0,1,1,96308,12687,12.883434789487008,1,1.0,0,0,0,0.0
1,1,1,56883,8540,12.883412639513624,0,1.0,0,0,0,0.0
0,1,1,54636,226,12.882978164141608,0,1.0,0,0,0,0.0
1,1,1,122151,312,12.882931170707378,0,1.0,0,0,0,0.0
1,1,1,47227,2705,12.882929079293582,0,1.0,0,0,0,0.0
1,1,1,6697,1,12.882894254085077,0,1.0,0,0,0,0.0
0,3,2,57499,47,12.882857464215125,0,20.0,0,0,0,0.0
0,1,1,30763,5025,12.88283575787497,0,2.0,0,0,0,0.0
1,1,1,21303,1379,12.882508324863588,0,1.0,0,0,0,0.0
0,1,1,11552,2267,12.88233375518782,0,1.0,0,0,0,0.0
0,1,1,29046,9963,12.882332931297537,0,7.0,0,0,0,87.0
1,1,1,135,155,12.88122001396542,0,1.0,0,0,0,0.0
0,2,2,7491,1863,12.880302073437624,0,13.0,0,0,0,0.0
0,1,1,2691,1,12.88020092506132,0,1.0,0,0,0,0.0
1,1,1,9611,3167,12.878875951045552,0,1.0,0,0,0,0.0
0,1,1,133785,14016,12.878469329502725,0,1.0,0,0,0,0.0
1,1,1,13019,39,12.876491485813723,0,1.0,0,0,0,0.0
1,1,1,4767,2063,12.87612029155307,0,1.0,0,0,0,0.0
0,1,1,12731,371,12.87609595510163,0,3.0,0,0,0,0.0
1,3,2,60660,1409,12.875927120969756,0,20.0,0,22,48,104.06122448979592
1,1,1,587,871,12.875457978829669,0,1.0,0,0,0,0.0
1,1,1,20122,5260,12.87539301824965,0,1.0,0,0,0,0.0
0,2,2,709885,256448,12.875339687197858,0,14.0,0,25,46,71.0
1,1,1,89236,19443,12.873638100258422,0,1.0,0,0,0,0.0
0,1,1,9858,150,12.872353528554616,0,1.0,0,1,14,201.76470588235293
1,1,1,63795,5,12.872245598927522,0,1.0,0,0,0,0.0
1,1,1,12694,26,12.871099060534236,0,1.0,0,2,16,45.5625
1,2,2,34332,16,12.870319501885922,0,19.0,0,0,0,0.0
1,1,1,416,82,12.870235338324688,0,1.0,0,0,0,0.0
1,1,1,8226,1825,12.870080542015716,0,4.0,0,0,0,0.0
0,1,1,35455,346,12.869412557124596,0,1.0,0,0,0,0.0
1,1,1,1623,854,12.86936204631262,0,1.0,0,0,0,0.0
1,1,1,15808,585,12.869069913831062,1,1.0,0,0,0,0.0
1,1,1,40582,4916,12.86902111417583,0,1.0,0,0,0,0.0
1,1,1,4622,1468,12.867957186627471,0,1.0,0,0,0,0.0
1,1,1,17506,22561,12.86731867165802,0,4.0,0,0,0,0.0
1,1,1,11661,276,12.867209411131238,0,1.0,0,0,0,0.0
1,1,1,15099,126,12.866855360126092,0,1.0,0,0,0,0.0
1,1,1,5622,792,12.866149856539,0,1.0,0,0,0,0.0
0,1,1,2433,53,12.86588297946343,0,1.0,0,0,0,0.0
0,1,1,37094,19077,12.865089097799425,0,1.0,0,0,0,0.0
1,1,1,61713,6055,12.864586081093464,0,1.0,0,0,0,0.0
0,1,1,182722,3600,12.864329819527311,0,1.0,0,0,0,0.0
1,1,1,15403,1,12.864191215831214,0,1.0,0,0,0,0.0
1,5,3,226792,200,12.864106545260576,0,49.0,0,0,0,0.0
0,1,1,24451,219,12.86361506301858,0,1.0,0,0,0,0.0
1,1,1,1030,97,12.863521329654828,0,2.0,0,0,0,0.0
0,1,1,14014,996,12.86257743658311,0,1.0,0,0,0,0.0
1,2,2,49955,12503,12.862457180289857,0,17.0,0,0,0,0.0
0,1,1,93137,22832,12.862240053512156,0,2.0,0,0,0,77.0
1,1,1,22761,3,12.86219648239141,0,2.0,0,0,0,0.0
1,1,1,17327,15301,12.86200499127675,0,1.0,0,0,0,0.0
1,1,1,12798,1,12.86196816971871,0,6.0,0,0,0,0.0
0,1,1,25820,2088,12.861879379696656,0,1.0,0,0,0,0.0
0,3,2,161507,2852,12.86122407004066,0,23.0,0,0,0,0.0
1,1,1,63947,19851,12.86118813574908,0,1.0,0,0,0,0.0
1,1,1,34881,3950,12.860083140438917,0,2.0,0,0,0,0.0
0,1,1,2358,223,12.859926316092324,0,1.0,0,0,0,0.0
1,1,1,165675,349,12.85944874492088,0,4.0,0,0,0,0.0
0,1,1,13068,21375,12.85878323170061,0,2.0,0,0,0,0.0
0,1,1,86535,14386,12.856901656422387,0,2.0,0,0,0,0.0
0,1,1,2826,588,12.856836188832965,0,1.0,0,0,0,0.0
0,1,1,90569,19262,12.856601823735492,0,2.0,0,0,0,0.0
1,1,1,383145,15952,12.85646097018516,0,1.0,0,0,0,0.0
1,1,1,11941,87,12.856155497018632,0,1.0,0,0,0,0.0
0,1,1,47909,2140,12.85604433520658,0,3.0,0,0,0,0.0
0,1,1,2751,1,12.855536723727887,0,1.0,0,0,0,0.0
0,1,1,29070,670,12.855404932970668,0,2.0,0,0,0,0.0
1,1,1,145,53,12.85485638048252,0,1.0,0,0,0,0.0
0,7,3,14722,24,12.854782864118793,1,139.0,0,4,40,156.75
0,1,1,5183,808,12.854677596291072,0,1.0,0,0,0,0.0
0,1,1,5,1,12.853667728620527,0,1.0,0,0,0,0.0
1,6,3,31425,1806,12.853570160998148,0,64.0,0,1,0,119.0
0,1,1,8196,5,12.853384373739294,0,2.0,0,0,0,0.0
0,1,1,11528,2917,12.853148234108904,0,2.0,0,0,0,0.0
0,1,1,10214,7217,12.85265370981048,0,1.0,0,0,0,0.0
1,1,1,11407,14476,12.85226027051218,0,1.0,0,0,0,0.0
1,1,1,2684,7,12.852045108395922,0,2.0,0,0,0,0.0
0,1,1,263317,6387,12.851515980705605,0,1.0,0,2,5,141.16666666666666
1,1,1,22125,456,12.851290203079929,0,1.0,0,0,0,14.0
0,1,1,56887,3802,12.851158158818007,0,1.0,0,0,0,0.0
1,1,1,7172,58,12.851090663190964,0,1.0,0,0,0,0.0
0,1,1,30989,717,12.851077164065554,0,3.0,0,0,0,0.0
0,1,1,20068,29916,12.850993032192408,0,1.0,0,0,0,0.0
1,1,1,31336,4261,12.850862223765912,0,3.0,0,0,0,0.0
1,1,1,710,208,12.8507109131466,0,1.0,0,0,0,0.0
0,1,1,25482,2680,12.850649374880064,0,7.0,0,0,0,0.0
1,1,1,8993,969,12.85042911098167,0,1.0,0,0,0,0.0
0,1,1,10430,103,12.8500610855298,0,1.0,0,0,0,0.0
0,1,1,6858,1307,12.848923736681977,0,6.0,0,0,0,0.0
1,1,1,67,1,12.848265163152938,0,1.0,0,0,0,0.0
1,1,1,32036,7009,12.847964665016198,1,1.0,0,0,0,0.0
1,1,1,3664,293,12.847817854105354,0,1.0,0,0,0,31.0
0,1,1,6551,3054,12.846754560318756,0,1.0,0,0,0,0.0
1,1,1,117896,7435,12.846128055134583,0,3.0,0,0,0,0.0
0,1,1,1334,161,12.845167525816764,0,2.0,0,0,0,0.0
1,1,1,747,262,12.845154090067531,0,1.0,0,0,0,0.0
0,1,1,2116,35,12.845147118688214,0,1.0,0,0,11,25.5
0,1,1,33718,1430,12.845069736377772,0,3.0,0,0,0,64.0
0,1,1,36735,1827,12.844624550432073,0,1.0,0,0,0,0.0
0,1,1,4551,1190,12.84455284028935,0,7.0,0,0,0,0.0
0,1,1,1723,120,12.84364798694182,0,1.0,0,0,0,0.0
0,1,1,206,62,12.843153969652798,0,3.0,0,0,0,0.0
0,1,1,143392,319,12.84300940859619,0,2.0,0,0,0,0.0
1,1,1,40498,15170,12.842328748469946,0,3.0,0,0,0,0.0
0,1,1,17033,2027,12.841496397467337,0,1.0,0,0,0,0.0
1,1,1,10071,331,12.84095719296509,0,3.0,0,0,0,0.0
0,1,1,51623,5072,12.840082728493774,0,2.0,0,2,0,96.66666666666669
0,1,1,194931,2952,12.839705830377314,0,2.0,0,1,0,191.0
0,1,1,152085,35640,12.838272609853574,0,1.0,0,0,0,0.0
0,1,1,8325,2146,12.838006746796816,0,1.0,0,0,0,0.0
0,1,1,364434,143493,12.836844712928588,0,1.0,0,0,0,0.0
1,1,1,5790,684,12.83578674274074,0,1.0,0,0,0,0.0
0,1,1,2672,83,12.83533822954582,0,1.0,0,0,0,0.0
0,1,1,6611,3908,12.835328913248002,0,1.0,0,0,0,0.0
1,7,3,63000,4444,12.834267267241968,0,139.0,0,12,34,184.1851851851852
1,1,1,5484,918,12.834010403602148,0,1.0,0,0,0,0.0
0,1,1,9481,2340,12.833577892891574,0,1.0,0,0,0,0.0
0,1,1,45189,76201,12.833457985167286,0,1.0,0,0,0,0.0
0,1,1,30481,341,12.83307405229533,0,5.0,0,0,0,0.0
1,1,1,410,10,12.832669775671,0,2.0,0,0,0,0.0
0,1,1,9809,499,12.831939301870712,0,1.0,0,0,0,0.0
0,1,1,2319,2,12.831826365525744,0,5.0,0,0,0,0.0
1,1,1,4542,24,12.831764256873626,0,1.0,0,0,0,0.0
1,1,1,224005,2104,12.83132261999376,0,4.0,0,0,0,0.0
1,1,1,14463,12683,12.829933952921488,0,3.0,0,0,0,0.0
1,1,1,1401,1211,12.82958456006525,0,1.0,0,0,0,0.0
0,1,1,3476,65,12.8294052688644,0,1.0,0,0,0,0.0
0,1,1,59885,26716,12.82898413417735,0,1.0,0,0,0,0.0
1,1,1,16629,126,12.82864478644495,0,1.0,0,0,0,0.0
1,1,1,8311,221,12.82849867267204,0,1.0,0,0,0,0.0
0,1,1,1083,80,12.827969006284228,0,1.0,0,0,0,0.0
0,1,1,6150,8382,12.826507900243213,0,1.0,0,0,0,0.0
0,1,1,146773,82331,12.826319926506295,0,1.0,0,0,0,69.0
1,1,1,15847,21,12.825893785101377,0,1.0,0,1,10,83.5
0,1,1,6621,264,12.825805977410042,0,1.0,0,0,0,0.0
0,1,1,21767,13250,12.825695069102691,0,1.0,0,0,0,0.0
1,1,1,86114,38036,12.825694213524322,0,2.0,0,0,0,0.0
1,1,1,15136,6286,12.825543885235732,0,3.0,0,0,0,0.0
0,1,1,49340,8989,12.825318963188428,0,1.0,0,0,0,0.0
1,1,1,106777,2196,12.824692077747205,0,1.0,0,0,0,0.0
0,1,1,13309,12373,12.824633296344308,0,2.0,0,0,0,0.0
1,1,1,20398,50116,12.824554963391233,0,1.0,0,0,0,0.0
1,1,1,107515,26613,12.82451744469526,0,1.0,0,1,0,38.0
0,1,1,51170,1704,12.824508128397444,1,1.0,0,0,0,24.2
1,1,1,46723,94,12.824470578013385,0,2.0,0,0,0,0.0
0,1,1,54145,4240,12.824388030544627,0,1.0,0,0,0,0.0
1,1,1,15809,525,12.824255257456688,0,1.0,0,0,0,0.0
1,1,1,5090,2585,12.82418535353497,0,1.0,0,0,0,0.0
0,1,1,48046,217,12.824014364613124,0,1.0,0,0,0,0.0
0,1,1,53887,223,12.824000992240068,0,1.0,0,0,0,0.0
0,1,1,41132,9353,12.823088723879987,0,1.0,0,0,0,0.0
1,1,1,1548,8,12.822873086442415,0,1.0,0,0,0,0.0
0,2,2,38359,147,12.82264093951109,0,12.0,0,0,0,0.0
0,1,1,167569,8983,12.822580542015716,0,1.0,0,0,0,0.0
0,1,1,23401,3289,12.8225511988464,0,1.0,0,0,0,0.0
0,1,1,79458,1540,12.82232069969564,0,1.0,0,0,0,0.0
0,1,1,6460,1,12.822076954924174,0,1.0,0,0,0,0.0
0,1,1,1112,397,12.8218511772985,0,3.0,0,0,0,0.0
0,1,1,20145,126,12.82168940961021,0,1.0,0,0,0,0.0
0,1,1,52579,7817,12.821566713334194,0,1.0,0,0,0,16.0
0,1,1,155853,1075,12.821521082487742,0,4.0,0,0,0,0.0
0,1,1,392740,77078,12.821079730800667,0,3.0,0,0,0,0.0
1,1,1,1129,120,12.820394729406392,0,1.0,0,0,0,0.0
0,1,1,30664,20,12.819871178819527,0,1.0,0,0,17,72.5
1,1,1,10504,999,12.819861989274065,0,1.0,0,0,0,0.0
0,1,1,55397,2845,12.819825452908812,0,3.0,0,0,0,0.0
0,1,1,6277,906,12.819118840238648,0,1.0,0,0,0,0.0
0,1,1,484,42,12.818942020708644,0,1.0,0,0,0,0.0
0,1,1,639,188,12.81892544783872,0,1.0,0,0,0,0.0
0,1,1,71839,8653,12.818696121147209,0,1.0,0,0,0,0.0
0,1,1,3973,204,12.81848286031622,0,1.0,0,0,0,0.0
0,7,3,291691,27984,12.817915801984787,1,123.0,0,15,33,106.0846153846154
1,1,1,2575,1110,12.817887409458107,0,1.0,0,0,0,0.0
1,1,1,4532,1503,12.817739616216542,0,1.0,0,0,0,0.0
0,1,1,1573,5,12.817625982733642,0,1.0,0,0,0,0.0
1,1,1,957,884,12.81748392503597,0,1.0,0,0,0,0.0
0,1,1,3238,1425,12.817366900927674,0,1.0,0,0,0,0.0
1,1,1,8372,344,12.81713066623302,0,2.0,0,0,0,0.0
1,1,1,7047,1,12.816157778560951,0,1.0,0,0,0,0.0
0,1,1,1602,316,12.815537801122872,0,1.0,0,0,0,0.0
1,1,1,23759,2734,12.815259769840392,0,2.0,0,0,0,0.0
0,1,1,33321,3454,12.814794937280247,0,1.0,0,0,0,0.0
0,1,1,23984,5824,12.8133812366186,0,1.0,0,0,0,0.0
0,1,1,84479,333,12.811729336600855,0,2.0,0,2,0,247.0
0,4,2,449245,1186,12.811721984964482,1,32.0,0,0,14,33.0
0,1,1,25193,1049,12.811056820313178,0,1.0,0,0,0,0.0
0,1,1,8400,29941,12.8109316840544,0,2.0,0,0,0,0.0
0,1,1,6773,145,12.810919579204857,0,1.0,0,0,0,0.0
0,1,1,9136,4712,12.810704607217126,0,1.0,0,0,0,0.0
0,1,1,236360,179160,12.810508679770171,0,1.0,0,0,27,34.0
0,2,2,67773,134553,12.8101900560472,0,13.0,0,0,0,0.0
0,1,1,6044,1039,12.810148417899814,0,1.0,0,0,0,0.0
1,1,1,3859,580,12.809757386896187,0,1.0,0,0,0,0.0
0,1,1,4550,1101,12.809664635863156,0,1.0,0,0,0,0.0
0,1,1,43059,930,12.809620050723602,0,1.0,0,0,0,0.0
1,1,1,19587,2482,12.809611843508858,0,1.0,0,0,0,0.0
1,1,1,40675,339,12.809123656827996,0,3.0,0,0,42,101.57142857142856
0,1,1,14194,666,12.807770226909373,0,8.0,0,0,0,0.0
1,1,1,6934,1259,12.806953783326842,0,2.0,0,0,0,0.0
0,1,1,7208,213,12.806907994039952,0,3.0,0,0,0,0.0
1,1,1,872,29,12.80690339926722,0,1.0,0,0,0,0.0
1,1,1,18116,1863,12.806741187945695,0,1.0,0,0,0,0.0
1,1,1,495,1,12.804582912284683,0,1.0,0,0,0,0.0
0,1,1,20305,180,12.804501378834738,0,1.0,0,0,0,0.0
1,1,1,44038,2370,12.804469659058835,0,3.0,0,0,0,0.0
0,1,1,9778,239,12.803863307498515,0,1.0,0,3,36,183.8181818181818
0,1,1,54705,2886,12.803802783250791,0,1.0,0,0,6,70.9922480620155
0,1,1,4048,2761,12.803456939460387,0,1.0,0,0,0,0.0
0,1,1,986,294,12.802606019238318,0,2.0,0,0,0,0.0
1,1,1,122896,64,12.802355556592236,0,5.0,0,0,0,0.0
1,1,1,17406,32,12.801872978702916,0,2.0,0,0,0,0.0
1,4,2,188220,25829,12.801795564704388,1,33.0,0,4,46,128.6451612903226
0,1,1,8880,540,12.800882789334905,0,7.0,0,0,0,0.0
0,1,1,61422,1740,12.800707617585468,0,1.0,0,0,0,0.0
1,1,1,17126,7309,12.800595600195043,0,2.0,0,0,0,0.0
1,1,1,24363,12215,12.800036210380863,0,1.0,0,0,0,0.0
0,1,1,74158,8147,12.799967890863536,0,1.0,0,0,0,34.0
0,1,1,16742,14306,12.79995597614252,1,1.0,0,0,0,0.0
1,1,1,12390,20025,12.799917601868176,1,2.0,0,2,32,55.0
1,1,1,25575,18298,12.799597552181254,0,1.0,0,0,0,0.0
0,1,1,1895,1633,12.799564216312874,0,1.0,0,0,0,35.0
1,1,1,1631,29,12.799102330744896,0,1.0,0,0,0,0.0
0,1,1,22926,1980,12.798446482391409,0,7.0,0,0,0,0.0
1,1,1,2632,1567,12.798157075085404,0,1.0,0,1,0,65.0
0,1,1,29465,193,12.797432590333711,0,1.0,0,0,0,0.0
1,1,1,153056,15959,12.796626286939285,1,3.0,0,0,0,0.0
1,1,1,7510,815,12.796335231852712,0,2.0,0,0,0,0.0
0,1,1,5300,725,12.795806642859889,0,2.0,0,0,0,0.0
0,1,1,4211,88,12.795364498970615,0,1.0,0,0,0,0.0
0,1,1,180927,155009,12.794499128980505,0,1.0,0,0,0,0.0
1,1,1,4912,18277,12.794262704157324,0,2.0,0,0,0,0.0
0,1,1,79486,755,12.79421929147702,0,1.0,0,0,0,0.0
0,1,1,2767,72,12.794144349149338,0,1.0,0,0,0,0.0
1,1,1,13044,15131,12.793995066567646,0,1.0,0,0,0,0.0
1,1,1,96834,2671,12.793824616343294,0,1.0,0,0,0,146.0
0,1,1,37141,12034,12.793606570611049,0,1.0,0,0,0,0.0
0,1,1,63237,19241,12.793372902651504,0,1.0,0,0,0,0.0
1,7,3,224545,177,12.791617636091312,0,140.0,0,14,39,241.01282051282053
0,1,1,4863,11,12.791524378048877,0,1.0,0,0,0,0.0
0,1,1,21569,1877,12.790851861761196,0,1.0,0,0,0,0.0
1,3,2,3679,1,12.7906401853346,0,22.0,0,21,53,52.90243902439025
1,1,1,145,1,12.790535456204374,0,1.0,0,0,0,0.0
1,1,1,27162,1395,12.79015383656283,0,1.0,0,0,0,0.0
0,1,1,14035,254,12.788983215222803,0,1.0,0,0,0,14.666666666666666
0,1,1,32401,480,12.787919192610184,0,1.0,0,2,20,65.66666666666667
0,1,1,20200,15038,12.787797256848275,0,4.0,0,0,0,0.0
0,1,1,65919,3349,12.787481960374526,0,1.0,0,0,0,0.0
1,1,1,4735,4304,12.786977327576087,0,1.0,0,0,0,0.0
0,1,1,13410,2405,12.786286622326005,0,1.0,0,0,0,0.0
0,1,1,4836,259,12.78583456006525,0,1.0,0,0,0,0.0
1,1,1,15123,21084,12.785778503837909,0,1.0,0,0,0,0.0
0,1,1,17923,3275,12.785511056376755,0,1.0,0,0,0,0.0
0,1,1,1004,31,12.785296401269903,0,7.0,0,0,0,0.0
0,1,1,94601,1527,12.784869752855576,0,3.0,0,0,0,9.0
1,1,1,129336,8521,12.78471169267356,0,3.0,0,0,0,0.0
1,1,1,59410,3212,12.784630064159352,0,2.0,0,0,0,0.0
1,1,1,136109,12657,12.783376261588812,0,1.0,0,0,0,0.0
0,1,1,86920,4683,12.783218518287676,0,5.0,0,0,0,0.0
0,1,1,12450,6241,12.78306248614328,0,1.0,0,0,0,0.0
0,1,1,4589,16024,12.782693890305826,0,1.0,0,0,0,0.0
1,1,1,5425,1,12.78267906028073,0,2.0,0,0,0,0.0
0,1,1,94208,17676,12.782339078786572,1,2.0,0,0,0,0.0
1,1,1,50761,3750,12.782087887314471,0,2.0,0,2,43,26.0
0,1,1,38208,2858,12.782066339414758,0,1.0,0,0,0,0.0
1,1,1,99363,3603,12.782048308892792,0,3.0,0,0,26,117.6
1,1,1,34108,5453,12.782034746391206,0,1.0,0,7,43,227.33333333333337
1,1,1,64346,622,12.781946336626206,0,2.0,0,0,0,0.0
1,1,1,45364,8019,12.7819141098409,0,2.0,0,0,0,7.0
1,1,1,6067,1324,12.781795533016298,0,1.0,0,0,0,88.5
0,1,1,3572,866,12.779439080054097,0,1.0,0,0,0,0.0
0,1,1,214245,23669,12.778843914388773,0,1.0,0,0,0,0.0
0,3,2,157162,1117,12.7779688161557,0,25.0,0,2,42,52.17391304347826
1,1,1,2889,8715,12.777561148905974,0,2.0,0,0,0,0.0
1,1,1,23753,2932,12.777139126952466,0,2.0,0,0,0,0.0
1,1,1,419,836,12.776888093920803,0,1.0,0,0,0,0.0
1,1,1,426940,615,12.776556414705654,0,1.0,0,1,27,81.07692307692308
1,1,1,56707,3729,12.776523649222854,0,6.0,0,1,31,344.9
1,1,1,34281,5079,12.776432482594211,0,1.0,0,0,3,67.34782608695652
1,1,1,11175,30531,12.776079952617282,0,1.0,0,0,0,0.0
0,1,1,51071,1888,12.774731434352269,0,1.0,0,1,0,109.0
1,1,1,21643,6724,12.774428908177908,0,6.0,0,0,0,0.0
1,1,1,66016,2168,12.774394114657488,0,1.0,0,0,0,0.0
0,1,1,41604,614,12.774358687375312,0,1.0,0,0,0,0.0
0,1,1,11016,286,12.773751068291478,0,1.0,0,0,0,0.0
0,1,1,208938,29827,12.773143037262502,0,1.0,0,0,0,0.0
0,1,1,9845,4985,12.7720706489947,0,5.0,0,0,0,0.0
0,1,1,6814,545,12.772040450247014,0,1.0,0,0,0,0.0
0,1,1,11424,4784,12.770915364689175,0,1.0,0,0,0,0.0
1,1,1,17509,1729,12.770651529670037,1,6.0,0,0,0,96.66666666666669
1,1,1,6470,11559,12.770521766950438,0,1.0,0,0,0,0.0
1,1,1,130897,2056,12.770340447711966,0,1.0,0,0,0,0.0
0,1,1,25938,438,12.769608231066847,0,2.0,0,0,0,0.0
0,1,1,340,23,12.769600340732982,0,1.0,0,0,0,0.0
0,1,1,150069,5147,12.769162569799832,0,6.0,0,2,2,93.9
1,1,1,67348,1426,12.769026849719724,0,1.0,0,0,0,0.0
1,1,1,1018,184,12.76868059398418,0,1.0,0,0,0,0.0
1,1,1,1563,145,12.7686776786801,0,1.0,0,0,0,0.0
1,1,1,24843,5,12.76788778971516,0,4.0,0,0,0,0.0
0,1,1,401988,1066111,12.7672573552081,0,2.0,0,0,23,72.0
0,1,1,5765,274,12.766830263160545,0,3.0,0,0,0,0.0
0,5,3,11995,5246,12.766639057238674,0,47.0,0,0,0,0.0
0,1,1,70185,294,12.766276228633204,0,1.0,0,0,17,30.0
0,1,1,18813,446,12.766182526957536,0,1.0,0,0,0,0.0
1,5,3,95851,16554,12.766148525639313,0,40.0,0,2,45,131.0
1,1,1,62363,22443,12.766036698377416,0,1.0,0,0,0,0.0
0,1,1,964,1123,12.765764529391182,0,1.0,0,0,0,0.0
0,1,1,2848,7616,12.765371121780973,0,1.0,0,0,0,0.0
1,2,2,19147,321,12.763858997918572,0,10.0,0,0,47,34.0
0,1,1,3339,48,12.76366579564717,0,1.0,0,0,0,0.0
1,1,1,12152,13211,12.76355244735706,0,2.0,0,0,0,0.0
1,1,1,6479,337,12.762418584198898,0,2.0,0,0,0,0.0
0,1,1,33581,64,12.761244635609652,0,1.0,0,0,0,0.0
0,1,1,62079,8485,12.75961282583958,0,1.0,0,0,0,0.0
0,1,1,36388,2565,12.758995858769842,0,1.0,0,0,0,0.0
0,3,2,37882,837,12.758817233018831,0,24.0,0,4,52,128.45454545454547
0,1,1,41728,701,12.757531964177096,0,1.0,0,0,0,0.0
1,1,1,20984,2876,12.75743160800299,0,1.0,0,0,0,0.0
0,1,1,72833,1827,12.756122224526424,0,3.0,0,0,0,0.0
1,1,1,42646,9588,12.755247728367022,0,1.0,0,0,0,0.0
1,1,1,11711,2492,12.755066630945166,0,1.0,0,0,0,0.0
0,1,1,69532,6283,12.754906035716123,0,1.0,0,0,13,69.81818181818181
0,1,1,5016,2906,12.75433058004142,0,1.0,0,0,0,0.0
0,1,1,13787,481,12.753590504750523,0,1.0,0,0,0,0.0
0,1,1,1843,893,12.75352389638994,0,1.0,0,0,0,0.0
1,1,1,13559,102,12.753378828323926,0,1.0,0,0,0,0.0
1,1,1,178481,13562,12.75323467921246,0,2.0,0,0,0,0.0
1,3,2,42185,403,12.752812055185284,0,26.0,0,0,0,0.0
0,1,1,639,1,12.752239926759804,0,1.0,0,0,0,0.0
0,1,1,1790,39,12.752050431994675,0,1.0,0,0,0,0.0
1,1,1,24872,6459,12.751999572613734,0,1.0,0,0,0,0.0
0,1,1,95558,16547,12.751733075795215,0,5.0,0,0,0,0.0
1,1,1,8995,364,12.751598338045833,0,1.0,0,0,0,0.0
0,2,2,2666,1,12.750947749914925,0,19.0,0,0,0,0.0
1,1,1,12692,558,12.750620507032068,0,1.0,0,2,46,87.54166666666667
1,1,1,2493,4,12.7499060990923,0,1.0,0,0,0,0.0
0,1,1,67766,16131,12.749853306738002,0,1.0,0,0,0,0.0
0,1,1,117508,14596,12.749337836613533,0,1.0,0,0,0,0.0
0,2,2,18976,8851,12.749271101500597,0,17.0,0,21,50,126.75757575757576
0,1,1,14199,268,12.748108782439576,0,1.0,0,0,37,118.33333333333331
1,1,1,79283,3738,12.7479727137905,0,4.0,0,0,0,46.7
1,1,1,16993,1070,12.74783677189378,0,5.0,0,0,0,0.0
0,1,1,15885,1,12.747104365120132,0,1.0,0,0,0,0.0
0,1,1,16368,84,12.746678762412705,0,1.0,0,11,49,72.81481481481481
0,1,1,12365,1611,12.74661953737658,0,1.0,0,0,0,0.0
1,1,1,43491,5667,12.7466127244377,0,1.0,0,0,0,0.0
1,1,1,5754,1286,12.7463467029405,0,1.0,0,0,0,0.0
1,1,1,78106,6601,12.746312479805662,0,1.0,0,0,0,0.0
0,1,1,65168,17588,12.746184840187947,0,1.0,0,0,0,0.0
0,1,1,17135,10532,12.745249122642884,0,1.0,0,0,0,0.0
1,1,1,2769,3888,12.744986967092402,0,1.0,0,0,0,0.0
0,1,1,4992,286,12.74479563441818,0,1.0,0,0,0,0.0
1,1,1,236,354,12.744747912157932,0,1.0,0,0,0,0.0
0,1,1,84399,525,12.744705957129666,0,1.0,0,0,0,0.0
0,1,1,32305,4297,12.744435309171646,0,1.0,0,0,0,0.0
0,1,1,9727,84,12.744157563081956,0,1.0,0,0,0,0.0
1,1,1,2190,1373,12.743865303848048,0,1.0,0,0,0,0.0
1,2,2,60361,15258,12.743829116051764,1,17.0,0,5,40,84.51612903225806
1,1,1,4624,7,12.743269567797144,0,3.0,0,0,0,0.0
1,1,1,1739,54,12.742373238545236,0,1.0,0,0,0,0.0
1,1,1,83,9,12.742203675587344,0,1.0,0,0,0,0.0
0,1,1,14767,35,12.742084528377164,0,3.0,0,0,0,0.0
0,2,2,32758,1025,12.741594693915731,0,16.0,0,0,0,0.0
0,1,1,848,243,12.741591525106951,0,1.0,0,0,0,0.0
0,7,3,61984,3583,12.741511290868608,0,179.0,0,1,7,53.0
1,1,1,9309,517,12.739171410776333,0,1.0,0,0,0,0.0
0,2,2,27727,8935,12.738773471769562,0,19.0,0,0,0,0.0
0,1,1,27250,130,12.73863201614556,0,1.0,0,0,0,18.0
1,1,1,41243,1520,12.738359752095064,0,1.0,0,0,0,0.0
1,1,1,116145,94,12.737862882878138,0,1.0,0,0,0,0.0
0,1,1,544,19,12.73721505161087,0,3.0,0,0,0,0.0
0,1,1,6880,1800,12.736730984381422,0,1.0,0,0,0,0.0
1,1,1,113233,4924,12.736677621641542,0,3.0,0,0,0,0.0
1,1,1,2098,5041,12.736060020810047,0,1.0,0,0,0,0.0
0,1,1,13555,246,12.73547838595822,0,1.0,0,0,19,45.5
0,1,1,4807,1300,12.73547664311339,0,2.0,0,0,0,0.0
0,1,1,114899,9227,12.735364657411056,0,2.0,0,0,0,0.0
0,1,1,48267,13619,12.735043783833852,0,3.0,0,0,0,0.0
1,2,2,76364,2760,12.734995205995231,0,10.0,0,0,0,0.0
1,1,1,89831,49004,12.73422303067138,0,7.0,0,0,0,0.0
0,1,1,374,56,12.734120614771566,0,1.0,0,0,0,0.0
1,1,1,1289,2007,12.73410809797688,0,2.0,0,0,0,0.0
1,1,1,12,1,12.734032616951705,0,1.0,0,0,0,0.0
0,3,2,84289,7704,12.733830161758664,0,20.0,0,1,0,101.0
1,1,1,7296,471,12.733791375539177,0,1.0,0,1,0,53.333333333333336
1,1,1,256784,37360,12.732229881635966,0,1.0,0,0,0,0.0
1,1,1,14598,11810,12.7316657702967,0,1.0,0,0,0,0.0
0,1,1,22480,1187,12.731623561763731,0,1.0,0,0,0,0.0
1,1,1,10227,839,12.731180467231829,0,1.0,0,0,0,0.0
1,1,1,44134,401,12.73111100694334,0,5.0,0,0,0,0.0
0,1,1,56616,20747,12.73000886356108,0,1.0,0,0,0,0.0
0,1,1,8299,382,12.729026944783987,0,1.0,0,0,0,0.0
1,1,1,133931,1269,12.72902051210216,0,1.0,0,2,2,50.14705882352941
1,1,1,67852,2146,12.728072055945798,0,1.0,0,0,0,0.0
1,1,1,84083,11992,12.727710589928105,0,2.0,0,1,0,32.0
0,1,1,1762,6749,12.727689897606762,0,1.0,0,0,0,0.0
0,1,1,284831,5642,12.724867344560902,0,1.0,0,0,18,97.0
1,1,1,21067,1152,12.724862337843028,0,1.0,0,0,0,0.0
1,1,1,113,287,12.724530183306562,0,1.0,0,0,0,0.0
0,1,1,7051,6324,12.72411953737658,0,1.0,0,0,0,0.0
0,2,2,21250,59,12.723040557986511,0,13.0,0,0,0,0.0
0,1,1,276,17313,12.721793441602504,0,1.0,0,0,0,0.0
1,1,1,23265,11618,12.72177639341126,0,1.0,0,0,0,467.0
0,1,1,3105,120,12.720768775594948,0,1.0,0,0,0,0.0
1,1,1,13963,1525,12.72039168734996,0,1.0,0,1,0,86.0
1,1,1,302304,1317,12.72019816819768,0,1.0,0,0,0,0.0
1,1,1,52549,36662,12.719974703802416,0,8.0,0,0,0,0.0
0,1,1,61235,3519,12.719794303518492,0,1.0,0,0,0,0.0
1,1,1,3182,1126,12.719791356526326,0,1.0,0,0,0,0.0
1,1,1,15973,685,12.71975386951844,0,1.0,0,0,0,0.0
0,1,1,49708,2103,12.719720216769185,0,1.0,0,0,0,0.0
0,1,1,461,22,12.719412398684156,0,1.0,0,0,0,0.0
0,1,1,5279,452,12.719374341290692,0,1.0,0,0,0,0.0
0,1,1,61304,620,12.718539613681497,1,1.0,0,0,0,0.0
0,1,1,12899,4,12.717833951653963,0,2.0,0,0,0,0.0
1,1,1,2933,5473,12.716995516538493,0,3.0,0,0,0,0.0
0,1,1,57830,2010,12.716905490681013,0,1.0,0,0,0,0.0
0,1,1,2799,820,12.716432134025249,0,5.0,0,0,0,0.0
0,1,1,22174,2498,12.71597297363282,0,1.0,0,0,0,0.0
0,1,1,2487,1057,12.715929846145308,0,1.0,0,0,0,0.0
0,1,1,72481,8920,12.715179789106749,0,1.0,0,0,0,0.0
1,1,1,13332,4957,12.714147486270033,0,1.0,0,0,0,0.0
1,1,1,14089,15091,12.71404937995016,0,3.0,0,0,0,0.0
1,1,1,9813,1854,12.713508179098383,0,1.0,0,1,45,149.2
1,1,1,8380,2958,12.711940569394224,0,4.0,0,0,25,172.0909090909091
1,1,1,7678,31,12.711636173622685,0,3.0,0,0,0,0.0
1,1,1,5785,185,12.711522888708746,0,1.0,0,0,0,0.0
0,1,1,13203,246,12.711429123656906,0,1.0,0,0,0,0.0
1,1,1,15372,2636,12.71083135956838,0,1.0,0,0,0,0.0
1,1,1,334,178,12.710778282021291,0,1.0,0,1,0,131.0
1,2,2,8835,199,12.710660434022712,0,17.0,0,0,0,0.0
1,1,1,4098,2419,12.710540241105631,0,1.0,0,0,0,0.0
0,1,1,4043,118,12.710224342558217,0,2.0,0,1,0,21.0
0,1,1,25750,184151,12.710102850429536,0,1.0,0,0,0,0.0
0,1,1,13204,684,12.70961545595087,0,2.0,0,0,0,0.0
1,6,3,28253,1267,12.70934144905554,0,84.0,0,0,0,0.0
0,1,1,2318,57,12.709216851494256,0,3.0,0,0,0,0.0
0,1,1,775927,40444,12.709027103224424,0,1.0,0,1,0,56.75
1,1,1,416,4031,12.708779112249193,0,1.0,0,0,0,0.0
1,1,1,7417,25,12.708250650008718,0,1.0,0,0,0,0.0
1,1,1,10266,115,12.708008299513118,0,1.0,0,0,0,0.0
1,1,1,521,41,12.707569641313508,0,1.0,0,0,0,0.0
1,1,1,72509,677,12.706600175954923,0,2.0,0,1,0,50.0
0,1,1,17932,2550,12.706524631553576,0,1.0,0,0,0,0.0
0,1,1,1789,996,12.706176728037466,0,1.0,0,0,0,0.0
1,1,1,24343,76,12.706170041850935,0,1.0,0,0,31,48.2
1,1,1,4061,461,12.706116774175324,0,1.0,0,0,0,0.0
1,1,1,5289,96,12.705910643164092,0,3.0,0,0,0,0.0
1,1,1,33994,15047,12.705382782997289,0,1.0,0,0,0,0.0
1,1,1,549,13,12.704994889114356,0,1.0,0,0,0,0.0
1,1,1,2522,140,12.704818703346108,0,4.0,0,0,0,0.0
0,1,1,11904,144,12.704560286989985,0,1.0,0,0,0,0.0
0,1,1,18281,4386,12.70384134765366,0,2.0,0,0,46,47.08571428571429
0,1,1,302,731,12.703571777090628,0,1.0,0,0,0,0.0
0,1,1,137,14,12.703197065452226,0,1.0,0,0,0,0.0
1,1,1,31715,16390,12.70272662410054,0,1.0,0,0,0,0.0
1,1,1,18748,1552,12.702055090143585,0,1.0,0,1,0,71.0
0,5,3,32258,13210,12.701024973784923,0,43.0,0,151,198,66.93430656934306
0,1,1,37003,972,12.700727517704614,0,2.0,0,0,0,100.75
0,1,1,10378,512,12.700458485839071,0,2.0,0,0,0,0.0
1,1,1,69672,1620,12.699854384132989,0,1.0,0,0,0,0.0
1,1,1,104855,4827,12.698963378479831,0,2.0,0,0,0,0.0
0,1,1,35113,21999,12.698190981339366,0,2.0,0,0,0,0.0
1,1,1,42979,518,12.698074749433264,0,2.0,0,1,0,403.0
0,1,1,7685,4,12.697571859479655,0,1.0,0,0,0,0.0
1,1,1,324,1,12.697271900040407,0,1.0,0,0,0,0.0
1,1,1,73581,396,12.6972092526908,0,1.0,0,0,0,0.0
1,2,2,1099,44,12.697060825687478,0,10.0,0,25,52,65.39516129032258
1,1,1,5462,271,12.697001885844143,0,2.0,0,1,0,80.0
1,1,1,20447,2110,12.695978582424363,0,1.0,0,0,0,0.0
0,1,1,23180,6566,12.695813487486854,0,1.0,0,0,0,0.0
1,1,1,71129,7425,12.695729925999288,1,1.0,0,0,0,0.0
0,1,1,72643,16101,12.695475534030315,0,4.0,0,0,0,0.0
1,3,2,20561,133,12.695405186475371,0,28.0,0,48,63,205.56289308176105
0,1,1,18625,2529,12.694931037617408,0,1.0,0,0,0,0.0
0,1,1,46347,4320,12.694718410548177,0,2.0,0,0,0,0.0
1,1,1,1744,1197,12.694536520924125,0,1.0,0,0,0,0.0
1,1,1,17998,529,12.693858490909168,0,2.0,0,1,0,485.0
0,1,1,425,366,12.692730299918724,0,1.0,0,0,0,0.0
1,1,1,3817,419,12.69254828354232,1,1.0,0,1,0,558.0
0,1,1,93365,32654,12.69159605650351,0,2.0,0,0,0,0.0
0,1,1,40966,15630,12.691450259611477,0,1.0,0,0,0,0.0
1,1,1,156947,15230,12.691385742664687,0,4.0,0,0,0,0.0
0,1,1,13253,94,12.691316155623849,0,1.0,0,0,0,6.0
0,1,1,101321,19363,12.69027504349872,0,1.0,0,0,0,0.0
0,1,1,566365,91041,12.69019861183091,0,2.0,0,0,0,0.0
1,1,1,428,26,12.689687546350646,0,1.0,0,0,0,71.0
1,1,1,11503,2985,12.689290938243566,0,1.0,0,0,0,0.0
1,1,1,4017,1253,12.689216819806168,0,4.0,0,0,0,0.0
1,1,1,521,180,12.68911563974178,0,1.0,0,0,0,0.0
0,1,1,820,259,12.68905834767901,0,1.0,0,0,0,0.0
0,1,1,375583,233424,12.688819419496893,1,4.0,0,0,4,55.0
1,1,1,7330,15932,12.687701051813672,0,1.0,0,0,0,0.0
1,1,1,22030,237,12.687450018782007,0,1.0,0,0,0,0.0
1,1,1,4246,3576,12.687403152100131,0,1.0,0,0,0,0.0
1,1,1,77129,2438,12.687118117750243,0,6.0,0,0,0,0.0
0,1,1,3392,3034,12.68689959669668,0,1.0,0,0,0,0.0
1,1,1,6622,1106,12.686881724615152,0,1.0,0,0,0,0.0
1,1,1,9611,32858,12.686522476763605,0,1.0,0,0,0,0.0
0,2,2,49180,68148,12.686225622756965,0,16.0,0,0,0,0.0
1,1,1,32846,187,12.686133537173776,0,4.0,0,0,0,0.0
1,1,1,1732,433,12.685009719139453,0,1.0,0,0,0,0.0
0,1,1,11056,1208,12.68457616272198,0,1.0,0,0,0,0.0
0,1,1,33660,7821,12.683271120513448,0,1.0,0,0,0,0.0
1,1,1,60323,1416,12.683240288004004,0,1.0,0,0,0,0.0
1,4,2,169984,20928,12.683017901003725,0,31.0,0,16,45,53.035714285714285
1,1,1,398,73,12.6828070801555,0,1.0,0,0,0,0.0
0,1,1,22311,2809,12.682582633429512,0,1.0,0,0,0,0.0
0,1,1,54640,23891,12.68194988569204,0,2.0,0,0,0,0.0
0,1,1,105317,10491,12.681904730166906,0,3.0,0,1,50,64.5
0,1,1,8641,3136,12.681461318754124,0,2.0,0,0,0,0.0
0,1,1,26996,1112,12.681400667754048,0,3.0,0,0,0,0.0
1,1,1,61352,3589,12.68117276702649,0,1.0,0,0,0,0.0
0,1,1,80165,232,12.680894608991656,0,4.0,0,0,36,83.42857142857143
1,1,1,5686,9037,12.680758381902146,0,1.0,0,0,0,0.0
1,1,1,11129,1034,12.680288891193094,0,1.0,0,0,0,0.0
1,1,1,64344,5535,12.680273205589623,0,1.0,0,2,51,74.13333333333334
0,1,1,1069,424,12.679330104720105,0,1.0,0,0,0,0.0
0,1,1,10468,4507,12.679298289879938,0,1.0,0,0,0,0.0
0,1,1,38615,529,12.679206616241892,0,1.0,0,0,0,0.0
0,1,1,50672,470,12.678463498894564,0,2.0,0,0,0,0.0
1,1,1,13421,1591,12.67845589375349,0,2.0,0,0,0,0.0
0,1,1,120724,1474,12.678079217453645,0,1.0,0,0,45,79.27777777777777
0,1,1,24001,1456,12.676923267698276,0,4.0,0,0,0,0.0
1,1,1,3943,129,12.676764193497451,0,1.0,0,1,0,65.16666666666667
1,2,2,28809,24622,12.676022216921286,0,13.0,0,0,0,0.0
0,1,1,118454,1265,12.67585325603706,0,1.0,0,0,0,0.0
0,1,1,4089,37,12.675488050825004,0,2.0,0,0,0,0.0
0,1,1,1531,551,12.67541374225908,0,1.0,0,0,0,0.0
1,1,1,7915,4857,12.675383068190076,0,2.0,0,0,0,0.0
0,1,1,4286,189,12.67522890564286,0,1.0,0,0,0,0.0
1,1,1,17455,1699,12.675135299031458,0,1.0,0,0,0,0.0
1,1,1,94262,35462,12.67501234925074,0,1.0,0,0,0,0.0
1,1,1,6470,146,12.673635628587572,0,2.0,0,0,0,0.0
1,1,1,18925,619,12.673326035969628,0,2.0,0,0,0,0.0
0,1,1,14102,18841,12.67295404950678,0,1.0,0,0,0,0.0
0,1,1,24345,19690,12.672872230864044,0,1.0,0,0,0,0.0
0,1,1,548,239,12.672778434124114,0,1.0,0,0,0,0.0
1,1,1,7438,528,12.672572112984357,0,1.0,0,0,0,0.0
0,1,1,1134,2167,12.67242245014561,0,1.0,0,0,0,0.0
0,1,1,35676,6909,12.672373840618905,0,1.0,0,0,0,0.0
0,1,1,3195,1,12.67227300912348,0,1.0,0,0,0,0.0
1,1,1,19626,1263,12.672126103148374,0,3.0,0,0,0,0.0
0,1,1,4026,446,12.67126073315826,0,1.0,0,0,0,0.0
1,6,3,232175,1599,12.670361773795063,0,68.0,0,84,53,146.06137184115522
1,2,2,23394,102,12.67032054759282,0,11.0,0,0,298,46.666666666666664
0,5,3,52174,216,12.669974925619032,0,48.0,0,17,53,81.02325581395348
1,2,2,144230,3014,12.669764389963596,0,11.0,0,0,0,0.0
0,1,1,9839,163,12.669384132909826,0,1.0,0,0,0,0.0
1,1,1,196282,655,12.669194416328084,0,1.0,0,0,0,0.0
1,1,1,24572,2180,12.66886916979476,0,2.0,0,0,0,0.0
1,1,1,9956,694,12.667488646561054,0,1.0,0,4,10,189.0
0,1,1,6148,468,12.666676702686996,0,3.0,0,0,0,0.0
1,1,1,13701,43,12.665330149083427,0,1.0,0,0,0,0.0
0,1,1,40586,4628,12.663448985750348,1,2.0,0,0,0,0.0
1,1,1,6442,362,12.662443776228711,0,1.0,0,0,0,0.0
1,1,1,5431,130,12.661246600271095,0,4.0,0,0,0,0.0
1,1,1,73100,14907,12.6608242931248,0,1.0,0,0,0,0.0
0,1,1,1437,917,12.660339782262122,0,1.0,0,0,0,0.0
0,1,1,40865,7977,12.659607660681267,0,1.0,0,0,0,0.0
0,1,1,11287,228,12.65885468833863,0,2.0,0,0,0,0.0
0,1,1,47929,2585,12.658782154305625,0,1.0,0,0,0,0.0
0,1,1,5322,1426,12.656230661162926,0,1.0,0,0,0,0.0
1,1,1,4572,1836,12.65602272393069,0,1.0,0,0,45,134.2
1,1,1,14593,95,12.65556159887682,0,1.0,0,0,0,0.0
0,1,1,28759,457,12.655324064970566,0,4.0,0,0,0,0.0
0,1,1,12878,1615,12.655209861102083,0,2.0,0,0,0,0.0
0,1,1,19239,129,12.654154742842142,0,1.0,0,0,0,0.0
0,1,1,911,1,12.653954474127156,0,1.0,0,0,0,0.0
1,1,1,66389,815,12.653814507843284,0,4.0,0,0,0,0.0
1,1,1,935,89,12.65367812231333,0,1.0,0,0,0,0.0
0,1,1,10414,652,12.65353070932882,0,1.0,0,0,0,0.0
1,1,1,277140,48338,12.65297230184536,0,3.0,0,1,33,115.0
1,1,1,19261,99,12.652866336879711,0,1.0,0,1,30,73.66666666666667
0,1,1,22439,248,12.652234856665752,0,1.0,0,0,0,0.0
1,1,1,69022,518,12.651633321694778,0,2.0,0,0,0,0.0
1,1,1,8261,11694,12.65143571477917,0,5.0,0,0,0,0.0
0,1,1,26625,15520,12.651400984634927,0,1.0,0,0,0,0.0
0,1,1,10346,71,12.651388562904502,0,1.0,0,0,0,0.0
0,1,1,9516,658,12.651363212434251,0,1.0,0,0,0,0.0
0,1,1,89146,19868,12.651199670213044,0,1.0,0,0,0,0.0
1,1,1,23790,7956,12.651042909242628,0,1.0,0,0,0,0.0
0,1,1,22445,2866,12.651030170631326,0,1.0,0,0,0,0.0
0,1,1,29644,6611,12.650994648284888,0,1.0,0,0,0,0.0
1,1,1,598,1,12.650936152074785,0,2.0,0,0,0,0.0
0,1,1,9114,1,12.650833229165562,0,3.0,0,0,0,0.0
0,1,1,12076,1711,12.650820585618524,0,1.0,0,0,0,0.0
0,1,1,47651,3403,12.650477055058532,0,1.0,0,0,0,0.0
0,1,1,28160,5064,12.64910721071042,0,5.0,0,0,0,0.0
0,1,1,26989,2621,12.64840272114214,0,1.0,0,0,0,0.0
1,1,1,3124,567,12.647974013002102,0,8.0,0,0,0,0.0
1,1,1,9868,1268,12.64795332068076,0,1.0,0,0,0,0.0
1,1,1,55671,1431,12.647913710570991,0,1.0,0,0,0,0.0
1,1,1,13715,193,12.64790724620108,0,9.0,0,0,0,0.0
0,2,2,37293,3151,12.647721490630312,0,16.0,0,0,0,0.0
1,1,1,365,10,12.647533548581489,0,1.0,0,0,0,0.0
1,1,1,15575,653,12.647415320325852,0,1.0,0,0,0,0.0
0,1,1,41848,575,12.646139843103253,0,1.0,0,0,0,0.0
0,1,1,249,17,12.646108186703524,0,1.0,0,0,0,0.0
1,1,1,13957,4410,12.646033783073335,0,3.0,0,3,0,61.5
1,1,1,18525,6882,12.645645128676298,0,1.0,0,0,0,0.0
0,1,1,134457,141,12.643753191393362,0,1.0,0,0,0,19.0
1,1,1,26633,3757,12.643303917684335,0,2.0,0,0,0,0.0
0,1,1,24256,407,12.642746397467334,0,1.0,0,1,0,5.0
0,1,1,38896,9192,12.642511240167666,0,2.0,0,0,0,0.0
1,1,1,8640,797,12.640783859124747,0,5.0,0,0,0,0.0
1,1,1,72019,5912,12.640661416353437,0,1.0,0,0,0,0.0
0,1,1,13708,25717,12.640256094022206,0,1.0,0,0,0,0.0
1,1,1,52978,4094,12.640030791717848,0,3.0,0,0,0,0.0
0,1,1,69524,2938,12.640001860493673,0,7.0,0,0,0,0.0
1,1,1,17743,4708,12.639823678375896,0,1.0,0,0,0,0.0
0,1,1,15028,6779,12.639647682736175,0,2.0,0,0,0,0.0
0,1,1,21299,30832,12.639530436811263,0,2.0,0,0,0,0.0
0,1,1,4533,2458,12.639027229976778,0,5.0,0,0,0,0.0
0,1,1,589,24,12.638713549595506,0,1.0,0,0,0,0.0
0,1,1,140422,11184,12.63859839508439,0,1.0,0,0,0,0.0
1,1,1,18291,557,12.63729969049342,0,1.0,0,0,0,0.0
0,1,1,47295,1,12.637292338857048,0,1.0,0,0,0,0.0
0,1,1,152053,7504,12.635946007070093,0,4.0,0,1,0,345.0
1,1,1,17134,4989,12.635054272590915,0,2.0,0,0,0,0.0
0,1,1,25962,1,12.63445859991619,0,1.0,0,0,0,13.0
0,1,1,8060,269,12.63421406294253,0,1.0,0,0,0,0.0
1,2,2,72784,39107,12.634162981744971,0,10.0,0,0,0,0.0
0,1,1,34901,9,12.63411361170416,0,9.0,0,2,28,65.3
0,1,1,1489,1030,12.6329181152152,0,1.0,0,0,0,0.0
1,1,1,5297,799,12.632288853167388,0,1.0,0,0,0,0.0
1,1,1,1965,53,12.631475831898342,0,1.0,0,0,0,0.0
1,1,1,74938,1782,12.631425099269752,1,3.0,0,1,0,293.0
1,1,1,18097,13907,12.631231960374526,0,1.0,0,0,0,0.0
1,1,1,5236,614,12.631172576897963,0,1.0,0,0,0,0.0
1,1,1,46948,22514,12.630420301693258,0,1.0,0,0,0,0.0
1,1,1,83598,2790,12.629945455697364,0,1.0,0,0,0,0.0
1,1,1,11268,58,12.629936329528077,0,1.0,0,0,0,0.0
1,1,1,15129,6852,12.629584369936724,0,1.0,0,1,21,69.0
1,1,1,192819,7289,12.629439143430272,0,1.0,0,0,0,0.0
1,1,1,22687,22,12.62893834489046,0,1.0,0,0,0,0.0
0,1,1,79833,1736,12.628729647144116,1,1.0,0,0,0,0.0
0,1,1,83711,414,12.628104536235808,0,2.0,0,3,27,90.75
1,1,1,185889,24221,12.627515993380838,0,1.0,0,0,0,0.0
0,1,1,4266,514,12.62738249146688,0,2.0,0,0,0,0.0
1,1,1,3140,3011,12.627118434631123,0,1.0,0,0,0,0.0
0,1,1,2171,586,12.627039372852028,0,1.0,0,0,0,0.0
0,1,1,12140,96,12.626771671886177,0,1.0,0,0,0,0.0
0,1,1,50307,2586,12.626593521456485,0,4.0,0,0,0,0.0
1,1,1,35841,3189,12.625924110601414,0,1.0,0,0,0,0.0
1,1,1,380,199,12.62588415192268,0,6.0,0,0,0,0.0
0,1,1,296756,12408,12.62573005275164,0,1.0,0,0,0,0.0
0,1,1,4896,281,12.623930105987627,0,1.0,0,0,0,0.0
1,1,1,1831,2,12.623623840618905,0,1.0,0,0,0,0.0
0,1,1,8730,2407,12.623416410396072,0,2.0,0,0,0,0.0
0,2,2,10258,133,12.621856944530482,0,19.0,0,0,0,0.0
1,1,1,87776,2528,12.62156398815864,0,1.0,0,0,0,0.0
0,1,1,42634,8635,12.621534169668008,0,5.0,0,0,0,0.0
1,1,1,9138,28,12.62150485818678,0,1.0,0,0,0,0.0
1,1,1,2105,4512,12.62148109212092,0,1.0,0,0,0,0.0
1,1,1,5342,21,12.621445823279185,0,1.0,0,0,0,0.0
0,1,1,35809,13474,12.620709582246912,0,1.0,0,0,0,0.0
0,1,1,2450,276,12.620453257304584,0,1.0,0,0,0,0.0
0,1,1,61476,145,12.620407436329604,0,5.0,0,0,0,0.0
0,1,1,265,6,12.62009803384019,0,1.0,0,0,0,0.0
1,7,3,115204,1223,12.619631299994776,1,166.0,0,200,53,100.92448979591836
1,1,1,6008,5063,12.61878177404857,0,1.0,0,0,0,0.0
1,1,1,3999,277,12.618050919991228,0,1.0,0,0,0,0.0
0,1,1,217882,13078,12.617998793086771,0,1.0,0,0,0,0.0
0,1,1,10298,219,12.617972365221537,0,2.0,0,0,0,0.0
1,1,1,114043,476,12.61783458541572,0,2.0,0,0,0,0.0
0,1,1,4901,2305,12.6164827082134,0,1.0,0,0,0,0.0
0,1,1,3907,178,12.615588311934848,0,2.0,0,0,0,0.0
1,1,1,63911,22396,12.615453257304583,0,1.0,0,0,0,0.0
1,1,1,8237,1,12.613383549849011,0,1.0,0,0,0,0.0
1,1,1,3357,4849,12.613085998704436,0,1.0,0,0,0,0.0
0,1,1,14064,1733,12.612974931956648,0,1.0,0,0,0,0.0
0,1,1,77970,6628,12.612611691406038,0,3.0,0,0,0,0.0
1,1,1,27667,147,12.61241189801237,0,1.0,0,0,0,0.0
1,1,1,29332,4620,12.611842748267142,0,1.0,0,0,0,0.0
1,1,1,19208,293,12.610943535399242,0,1.0,0,0,0,0.0
0,1,1,47434,7312,12.61042822371521,0,1.0,0,0,0,0.0
0,1,1,69606,10504,12.610295545691534,0,3.0,0,0,0,0.0
0,6,3,64841,8158,12.609817404134509,0,92.0,0,0,0,0.0
0,1,1,11028,4280,12.609544252817551,0,1.0,0,0,0,272.3333333333333
0,1,1,5919,6870,12.608042237455166,0,1.0,0,0,0,0.0
0,1,1,11789,340,12.608004560318756,0,1.0,0,0,0,0.0
1,1,1,53929,2584,12.607648829844956,0,1.0,0,0,0,0.0
0,1,1,20206,94,12.606518040431313,0,1.0,0,0,0,0.0
1,1,1,134,1,12.605393208378176,0,1.0,0,0,0,0.0
1,1,1,7038,60,12.60457369105113,0,1.0,0,4,48,69.02857142857142
1,1,1,369826,12947,12.60411370676842,0,1.0,0,0,0,0.0
1,1,1,85467,459,12.603831080713208,0,5.0,0,0,0,0.0
1,1,1,34675,139,12.60378652726174,0,2.0,0,0,0,0.0
0,1,1,9091,9495,12.603640255048392,0,2.0,0,0,0,0.0
0,1,1,65290,5352,12.602037218062057,0,1.0,0,0,0,0.0
0,1,1,3814,384,12.600564609245165,0,1.0,0,0,0,0.0
1,1,1,70006,1412,12.599335143126066,0,8.0,0,0,0,0.0
0,1,1,5202,4,12.599113358199457,0,1.0,0,0,29,72.5
1,1,1,3679,326,12.598931690392018,0,1.0,0,0,0,0.0
1,1,1,47733,1943,12.598907639133367,0,2.0,0,0,0,0.0
1,1,1,38206,1773,12.598625425023297,0,2.0,0,0,0,0.0
0,1,1,55542,20493,12.598285063272083,0,1.0,0,0,0,0.0
1,1,1,14290,383,12.598071865817271,0,1.0,0,0,0,0.0
0,1,1,1903,1459,12.597706502164776,0,1.0,0,0,0,0.0
0,1,1,1876,68,12.597686095036224,0,1.0,0,0,0,0.0
0,1,1,105081,18126,12.596991618903692,0,3.0,0,0,0,0.0
0,1,1,16528,660,12.596651542345272,0,1.0,0,0,0,0.0
1,1,1,4046,303,12.596430993254089,0,1.0,0,0,0,0.0
0,1,1,152,273,12.596098331708214,0,1.0,0,0,0,0.0
1,1,1,49530,11557,12.594151764161886,0,2.0,0,0,0,0.0
1,1,1,120860,5442,12.593733037769512,0,6.0,0,1,0,287.0
0,1,1,5103,1,12.592540298144192,0,2.0,0,0,0,0.0
1,1,1,23436,11530,12.59243420642619,0,9.0,0,0,0,0.0
0,1,1,46792,949,12.592066814736077,0,3.0,0,0,0,0.0
1,4,2,114178,20384,12.59164780315091,0,30.0,0,9,44,73.33333333333333
1,1,1,4733,5442,12.591091994090652,0,1.0,0,0,0,0.0
1,1,1,14369,6629,12.59071265599143,0,2.0,0,0,0,0.0
1,2,2,57229,14045,12.58999409691216,0,13.0,0,0,0,0.0
0,1,1,748,12,12.588800913653609,0,1.0,0,0,0,0.0
0,1,1,15559,573,12.588693079090778,0,6.0,0,0,0,0.0
1,1,1,34700,3853,12.588683382535908,0,5.0,0,0,0,0.0
1,1,1,2376,28,12.588613700430804,0,2.0,0,0,0,0.0
1,1,1,18502,737,12.588594085504448,0,1.0,0,0,0,0.0
1,1,1,100725,6620,12.58824206253692,0,1.0,0,0,0,0.0
1,1,1,61180,1854,12.587649717111416,0,1.0,0,0,0,0.0
0,1,1,1588,1272,12.587293479628208,0,3.0,0,0,0,0.0
1,1,1,24214,3653,12.587228899305243,0,2.0,0,0,0,0.0
1,1,1,12881,27411,12.586437457624,0,3.0,0,0,0,0.0
0,1,1,34055,3537,12.585960615278577,0,3.0,0,0,0,0.0
0,1,1,1767,294,12.585691900293911,0,1.0,0,0,0,0.0
1,1,1,2523,226,12.585133429434276,0,1.0,0,0,0,0.0
0,1,1,16833,169,12.584832360911957,0,3.0,0,0,0,36.0
1,1,1,15543,4401,12.58475434483976,0,1.0,0,0,0,0.0
1,1,1,117271,2092,12.584676709024611,1,5.0,0,0,0,0.0
1,1,1,89418,13493,12.584549956673358,0,1.0,0,0,0,0.0
0,1,1,4492,51,12.584137536210456,0,2.0,0,0,0,0.0
0,1,1,9510,243,12.583919110221157,0,1.0,0,0,0,0.0
0,1,1,5569,3610,12.583339693535477,0,1.0,0,0,0,0.0
0,1,1,33311,459,12.583156219507034,0,1.0,0,0,0,0.0
1,1,1,5014,121,12.583131090853396,0,1.0,0,0,0,0.0
0,1,1,13349,827,12.583120095086926,0,2.0,0,1,44,75.43478260869566
1,1,1,1222,1,12.58218605701052,0,1.0,0,0,0,0.0
1,1,1,14205,7712,12.582058258952364,0,4.0,0,0,0,0.0
1,1,1,4044,2741,12.58197336656511,0,1.0,0,0,0,0.0
1,1,1,121300,1110,12.5806867351356,0,2.0,0,0,0,0.0
1,1,1,379295,12275,12.580092266608206,0,2.0,0,0,0,0.0
1,1,1,3127,699,12.579808563158007,0,1.0,0,0,0,0.0
1,1,1,209,1672,12.579346645901945,0,1.0,0,0,0,0.0
0,1,1,22876,18,12.578885235655283,0,1.0,0,0,0,0.0
1,3,2,170685,624,12.578695582449717,0,20.0,0,0,0,0.0
0,1,1,238,165,12.577829642074022,0,1.0,0,0,0,0.0
1,1,1,10951,5800,12.577810629221334,0,1.0,0,0,0,0.0
0,1,1,3617,64,12.577155953327097,0,1.0,0,0,0,0.0
1,1,1,53315,5452,12.576600904780944,0,2.0,0,0,0,20.0
0,1,1,46929,5050,12.575703973455369,0,1.0,0,0,0,0.0
0,1,1,12585,34413,12.574987347349454,1,3.0,0,0,0,0.0
1,1,1,1551,421,12.574853528554616,0,1.0,0,0,0,0.0
0,1,1,16998,1,12.574811922095316,0,1.0,0,1,3,178.0
0,2,2,168981,2977,12.574601354751792,0,16.0,0,65,52,83.04
0,1,1,12880,900,12.57415518647537,0,1.0,0,0,0,0.0
0,1,1,1075,14,12.573990788675792,0,1.0,0,0,0,0.0
1,1,1,13217,4223,12.573906625114557,0,1.0,0,0,0,0.0
1,1,1,18076,253,12.573630780310136,0,1.0,0,0,0,0.0
1,1,1,374,1,12.573457604910232,0,1.0,0,0,0,0.0
0,1,1,295,21,12.572760783859202,0,1.0,0,0,0,0.0
0,1,1,13857,973,12.572695252893602,0,1.0,0,0,0,0.0
1,5,3,24432,432,12.572202756632796,0,43.0,0,0,0,33.0
1,1,1,4492,1193,12.572058068823836,0,1.0,0,0,0,0.0
1,1,1,90683,912,12.571987214259488,0,2.0,0,0,0,0.0
1,1,1,44217,16873,12.571975236162292,0,1.0,0,0,0,0.0
0,1,1,15610,4605,12.5716795546149,0,1.0,0,0,0,0.0
1,1,1,12069,6,12.57073280961528,0,2.0,0,0,0,0.0
0,1,1,178131,44,12.569868358579711,0,2.0,0,0,0,0.0
0,1,1,3220,647,12.569862211090676,0,1.0,0,0,0,0.0
0,1,1,1337,1561,12.569647239102949,0,1.0,0,0,0,0.0
1,1,1,10931,272,12.56905559081537,0,2.0,0,0,0,0.0
1,1,1,11170,813,12.569018167183662,0,3.0,0,0,0,0.0
0,1,1,25037,49,12.568935524650644,0,1.0,0,1,0,10.0
1,1,1,28476,8594,12.56709210183015,0,1.0,0,0,0,0.0
0,2,2,35435,2971,12.56699383706984,0,12.0,0,3,35,89.75
1,1,1,60090,863,12.566693782566327,0,1.0,0,0,0,0.0
1,1,1,1547,283,12.566447375995486,0,1.0,0,0,0,0.0
0,1,1,13204,1941,12.566390305749334,0,1.0,0,0,0,0.0
1,2,2,106495,562,12.566178629322737,0,14.0,0,2,39,138.0
1,1,1,27686,2151,12.566111197071868,0,1.0,0,0,0,0.0
1,1,1,36,56,12.56590272114214,0,1.0,0,0,0,0.0
0,1,1,4654,8041,12.565441849592972,0,1.0,0,0,0,0.0
0,1,1,3920,2172,12.565248869138184,0,1.0,0,0,0,0.0
1,1,1,4244,11,12.565035196362054,0,1.0,0,0,0,0.0
0,6,3,92417,8828,12.56322685225477,0,93.0,0,0,0,0.0
1,1,1,6737,1927,12.561100391433923,0,1.0,0,0,0,0.0
0,1,1,2899,1535,12.560289113009707,0,7.0,0,0,0,0.0
0,1,1,16922,9894,12.560272952084922,0,1.0,0,0,0,0.0
0,1,1,1112,145,12.560218448573885,0,2.0,0,0,0,0.0
0,1,1,59418,18521,12.558254040634116,0,6.0,0,0,0,0.0
0,1,1,1249,4,12.558186037997666,0,1.0,0,0,0,0.0
0,2,2,66648,36175,12.557956964810858,0,19.0,0,2,54,67.6
1,1,1,374757,67919,12.55782473042041,0,5.0,0,0,0,0.0
0,1,1,3389,5338,12.557724184117776,0,1.0,0,0,0,0.0
1,1,1,17606,47,12.557499198694297,0,3.0,0,0,0,0.0
1,1,1,6155,386,12.557458352749103,0,1.0,0,0,0,0.0
1,1,1,336,64,12.557250193700254,0,1.0,0,0,0,0.0
1,1,1,2327,58,12.556941266532156,0,2.0,0,0,0,0.0
0,1,1,523,56,12.55689221337222,0,2.0,0,0,0,0.0
1,1,1,265974,6029,12.555441215831214,0,1.0,0,0,0,32.0
1,1,1,3348,1,12.554516652493064,0,7.0,0,0,0,0.0
1,1,1,111570,1562,12.554469849187363,1,3.0,0,0,0,0.0
1,1,1,243859,39595,12.55362694605151,0,1.0,0,0,0,0.0
1,1,1,4625,101,12.551975426290818,0,1.0,0,0,0,0.0
0,1,1,294559,114150,12.551737131870455,0,3.0,0,0,0,0.0
0,1,1,133634,4578,12.551659591119575,0,4.0,0,0,0,0.0
1,1,1,16256,750,12.551632022483178,0,1.0,0,0,0,0.0
1,1,1,48692,51785,12.551126597482543,0,1.0,0,0,0,0.0
0,1,1,346449,44446,12.550453384056937,0,3.0,0,0,0,0.0
0,1,1,148596,3220,12.550097336702256,0,7.0,0,4,1974,141.85714285714286
1,1,1,2061,1,12.549962503888608,0,4.0,0,0,0,0.0
1,1,1,19363,4156,12.549817118941718,0,2.0,0,10,22,76.6938775510204
0,1,1,1762,15,12.54977852285076,0,1.0,0,0,0,0.0
0,1,1,19702,46636,12.549750922526274,0,1.0,0,0,0,0.0
1,1,1,22615,7219,12.549747722029403,0,1.0,0,3,11,153.66666666666666
0,1,1,1073,326,12.54966793142429,0,1.0,0,0,0,0.0
1,1,1,44888,57225,12.549430397518035,0,1.0,0,0,0,0.0
0,2,2,25853,1216,12.549068329426673,0,11.0,0,0,0,0.0
1,1,1,17651,879,12.548277331378658,0,3.0,0,0,0,0.0
1,1,1,5089,215,12.548152480312671,0,1.0,0,0,0,0.0
1,1,1,39862,3218,12.548147061649654,0,1.0,0,0,0,0.0
0,1,1,733,1,12.547681880520544,0,1.0,0,0,0,0.0
1,1,1,32769,3446,12.547649083349658,0,1.0,0,0,0,0.0
1,1,1,12803,1,12.547365284835196,0,2.0,0,0,0,0.0
0,1,1,1035,1119,12.54729534922539,0,1.0,0,0,0,0.0
0,1,1,1009,1,12.547068906149873,0,1.0,0,0,0,0.0
0,6,3,35482,61,12.546841987753034,0,83.0,0,0,0,0.0
0,1,1,278,124,12.546489299335663,0,2.0,0,0,0,0.0
0,1,1,47576,2607,12.546447851316804,0,3.0,0,3,42,94.3076923076923
1,1,1,17358,110,12.546085561408823,0,1.0,0,0,0,0.0
1,1,1,4992,10454,12.545892454201686,0,1.0,0,0,0,0.0
0,1,1,7473,3826,12.545201305318376,0,2.0,0,0,0,0.0
1,1,1,27026,3723,12.545040963594037,0,1.0,0,0,0,0.0
1,1,1,14896,9892,12.544396934897303,0,4.0,0,0,0,0.0
0,1,1,187,618,12.54355054607179,0,1.0,0,0,0,0.0
1,1,1,38607,5998,12.54352982206236,0,1.0,0,0,0,0.0
1,1,1,3867,594,12.542943370621186,0,1.0,0,0,0,0.0
1,1,1,6530,33,12.542823557961162,0,1.0,0,0,0,0.0
1,1,1,44530,21428,12.54238534339478,0,2.0,0,0,0,0.0
0,1,1,336445,69020,12.542059811668668,0,5.0,0,0,0,14.0
0,1,1,579741,262594,12.541787230737292,1,1.0,0,0,0,0.0
1,1,1,408852,436,12.541292326181813,0,3.0,0,0,0,0.0
0,1,1,2883,88,12.540098065528277,0,1.0,0,0,0,0.0
1,1,1,87484,21941,12.539577968942986,0,2.0,0,0,0,0.0
1,1,1,147031,20007,12.539563645927291,0,2.0,0,0,0,0.0
0,1,1,4869,31,12.53871652827576,0,6.0,0,0,0,0.0
0,1,1,666,87,12.538129569825182,0,1.0,0,0,0,205.5
1,1,1,2204,1,12.53808929426557,0,2.0,0,0,0,0.0
0,1,1,-71,13,12.537864213777826,0,1.0,0,0,0,0.0
1,1,1,82295,13585,12.53610143714082,0,1.0,0,4,43,48.2
1,1,1,91155,29993,12.5357753984053,0,3.0,0,0,0,0.0
1,1,1,251,1,12.53557899563703,0,1.0,0,0,0,0.0
1,1,1,57,160,12.535478481022484,0,1.0,0,0,0,0.0
1,1,1,5075,544,12.535209290716503,0,1.0,0,0,0,16.0
0,1,1,42043,1,12.53494520219266,0,4.0,0,0,0,0.0
1,1,1,465529,124644,12.534682888201738,0,4.0,0,0,0,0.0
0,1,1,112380,3406,12.534621730192256,0,1.0,0,4,25,99.42857142857144
0,1,1,26235,805,12.534377256594771,0,8.0,0,0,0,0.0
1,1,1,49107,9008,12.533506341189293,0,1.0,0,1,26,264.89473684210526
1,1,1,94499,3655,12.533444042408648,0,4.0,0,0,0,0.0
1,1,1,16487,8525,12.532807745605345,0,1.0,0,0,0,0.0
0,1,1,43176,10996,12.532289740433846,0,1.0,0,0,0,15.0
1,1,1,4299,617,12.531013534385224,0,1.0,0,0,0,0.0
1,1,1,32871,301,12.529833850252084,0,1.0,0,0,0,0.0
1,1,1,30580,1547,12.52980824627713,0,1.0,0,0,0,0.0
1,1,1,548364,3183,12.529125399672823,1,9.0,0,3,17,84.66666666666667
1,1,1,13951,5721,12.529099859074048,0,3.0,0,0,0,0.0
1,1,1,22324,37790,12.528692001695791,0,3.0,0,0,0,0.0
0,1,1,90,30,12.528181981922426,0,2.0,0,0,0,0.0
1,1,1,33088,147,12.52804157200532,0,2.0,0,0,0,0.0
1,1,1,531080,1925,12.52767326136066,0,7.0,0,0,0,0.0
1,1,1,6737,102,12.5276533929296,0,1.0,0,0,0,0.0
1,1,1,18746,153,12.527615177095695,0,2.0,0,0,0,0.0
1,1,1,9912,2105,12.527457718987348,0,1.0,0,0,0,0.0
0,1,1,2422,624,12.52722487491809,0,3.0,0,0,0,0.0
0,1,1,1566,3062,12.526944657157552,0,2.0,0,0,0,0.0
1,2,2,63055,26899,12.526655376603898,0,10.0,0,2,248,145.7
0,1,1,1756,56,12.526400699442137,0,1.0,0,0,0,0.0
0,1,1,10877,851,12.525880285975964,0,1.0,0,0,0,0.0
0,1,1,5961,86,12.525662398684156,0,1.0,0,0,0,0.0
1,1,1,180029,10429,12.525602413133925,0,3.0,0,0,32,6.5
1,1,1,2217,19,12.525358161353054,0,1.0,0,0,0,0.0
0,1,1,436735,79639,12.525357274086597,0,1.0,0,1,0,48.0
0,1,1,11017,2561,12.525215564957891,0,1.0,0,0,0,0.0
0,1,1,11813,3799,12.524660009402336,0,1.0,0,0,0,0.0
1,1,1,155689,13658,12.523935904907695,0,1.0,0,0,0,0.0
1,6,3,15666,122,12.523777908101856,0,62.0,0,5,253,72.15151515151516
0,1,1,9848,715,12.52339546457003,0,4.0,0,0,0,0.0
0,1,1,3321,405,12.523035171011584,0,2.0,0,0,0,0.0
1,1,1,88672,136955,12.5227568862244,0,1.0,0,0,0,0.0
0,1,1,68054,59073,12.522067353433568,0,1.0,0,0,0,0.0
0,1,1,10137,370,12.521969690746923,0,1.0,0,0,0,0.0
1,1,1,364337,452,12.521950646206149,0,1.0,0,0,22,42.0
0,2,2,7727,48,12.521855265061829,0,13.0,0,0,0,0.0
1,1,1,14406,3142,12.5218282984991,0,1.0,0,0,0,0.0
0,1,1,8106,1786,12.52063045709164,0,1.0,0,0,0,0.0
0,1,1,10172,13627,12.520609542953682,0,1.0,0,2,34,126.88888888888889
0,1,1,1996,1,12.52022123712561,0,2.0,0,0,0,0.0
0,1,1,458,4,12.520066662633251,0,4.0,0,0,0,0.0
1,1,1,31360,38907,12.520035006233527,0,1.0,0,0,0,0.0
1,1,1,45761,320,12.51991639772084,0,1.0,0,1,0,37.0
0,1,1,3495,2897,12.51986360536654,0,1.0,0,0,0,0.0
0,1,1,5974,1493,12.51976011207174,0,2.0,0,0,0,0.0
0,2,2,79276,83,12.519672589573196,0,10.0,0,0,0,0.0
0,1,1,21362,4956,12.519463321441274,0,1.0,0,0,0,0.0
1,1,1,11043,4610,12.519285329452025,0,1.0,0,0,35,62.333333333333336
1,1,1,312,4,12.519266253223158,0,1.0,0,0,0,0.0
1,1,1,959,752,12.519130913400105,0,2.0,0,0,0,0.0
1,1,1,119622,15010,12.518860930891927,1,5.0,0,1,10,39.8
0,1,1,10974,3422,12.518649856539,1,1.0,0,0,0,0.0
1,1,1,193061,39683,12.518632935100108,0,1.0,0,0,0,0.0
1,1,1,734,51,12.518479501378913,0,6.0,0,0,0,0.0
0,1,1,68557,4886,12.517542706438864,0,2.0,0,0,0,0.0
0,1,1,13587,456,12.517444758559432,0,2.0,0,0,0,10.0
0,1,1,273266,23282,12.517380748622047,0,1.0,0,0,0,0.0
1,1,1,12661,19,12.51727446677552,0,4.0,0,1,47,93.8076923076923
0,1,1,5019,375,12.517102717339569,0,2.0,0,0,0,0.0
1,1,1,89992,10158,12.517008381902146,0,1.0,0,0,0,0.0
0,1,1,66054,23695,12.51621583113783,0,4.0,0,1,24,389.5
1,1,1,16525,475,12.516170960805484,0,1.0,0,0,0,0.0
1,1,1,115436,17372,12.513969779473571,0,4.0,0,0,0,0.0
0,1,1,3463,687,12.512394374499808,0,1.0,0,0,0,0.0
1,1,1,24590,2791,12.512020645192129,0,1.0,0,0,0,0.0
1,1,1,52911,283,12.51120480368327,0,1.0,0,0,53,98.21875
0,1,1,7242,156,12.5105897378988,0,2.0,0,0,0,0.0
0,1,1,37855,4,12.50955613585048,0,1.0,0,0,0,0.0
1,1,1,2226,43,12.508942305901437,0,1.0,0,0,0,0.0
0,1,1,8337,11,12.508591708897862,0,4.0,0,0,0,0.0
0,1,1,3725,7929,12.508550672824144,0,1.0,0,0,0,0.0
1,1,1,4335,3785,12.508212846119957,0,1.0,0,0,0,0.0
0,1,1,44262,166,12.507844979108524,0,1.0,0,2,47,66.55555555555556
0,1,1,75323,7951,12.506972035665424,0,2.0,0,0,0,0.0
1,1,1,26360,776,12.506613199759016,0,4.0,0,0,0,0.0
0,1,1,36856,22575,12.506519593147614,0,1.0,0,0,0,0.0
1,1,1,147716,14617,12.506135977156536,0,1.0,0,0,0,0.0
1,1,1,18325,3575,12.506005739115622,0,1.0,0,0,0,51.0
1,2,2,16630,429,12.505670289018022,0,12.0,0,0,0,0.0
0,1,1,7223,2804,12.505313798030114,0,1.0,0,0,0,0.0
0,1,1,32101,59,12.504625786267496,0,1.0,0,0,0,0.0
1,1,1,8689,14882,12.50401239995168,0,7.0,0,0,0,0.0
1,1,1,7515,1092,12.503876267926431,0,1.0,0,0,0,0.0
0,1,1,292,3044,12.503536666689328,0,1.0,0,0,0,0.0
0,1,1,9140,2492,12.50347645932248,0,1.0,0,0,0,0.0
0,1,1,68391,14295,12.503463118637512,0,1.0,0,0,0,0.0
0,1,1,2635,161,12.50335876976434,0,1.0,0,0,0,0.0
0,1,1,24459,578,12.502711445506476,0,3.0,0,0,0,0.0
1,1,1,12319,636,12.502531393791516,0,3.0,0,0,0,0.0
0,1,1,48,1,12.50131352551256,0,1.0,0,0,0,0.0
1,1,1,107852,155,12.50129264306269,0,2.0,0,0,0,0.0
0,1,1,17132,183,12.501164876692624,0,1.0,0,0,0,67.0
1,1,1,1239,1,12.501071650338275,0,1.0,0,0,0,0.0
0,1,1,37106,3036,12.501065249344537,0,1.0,0,0,0,0.0
1,1,1,40202,178,12.501020600828806,0,1.0,0,0,0,0.0
0,1,1,3272,13,12.500640945848708,0,3.0,0,0,0,0.0
1,1,1,89,11,12.49992666466129,0,1.0,0,0,0,0.0
0,1,1,10420,1,12.499857901510737,0,1.0,0,0,0,0.0
0,1,1,28347,13138,12.498732087126877,0,2.0,0,0,0,0.0
0,1,1,2756,110,12.498583628435467,0,1.0,0,0,0,103.0
1,1,1,1358,1,12.498096297332976,0,1.0,0,0,0,0.0
0,1,1,74924,966,12.4980091234034,0,1.0,0,0,0,0.0
1,1,1,12014,321,12.497507532661391,0,1.0,0,0,0,0.0
1,1,1,8397,108,12.497290754452656,0,9.0,0,0,0,0.0
0,5,3,50476,6637,12.495610366843966,0,40.0,0,0,29,46.0
0,1,1,3099,777,12.495384113896971,0,1.0,0,0,0,0.0
1,1,1,13215,761,12.495129975432706,0,2.0,0,0,0,0.0
1,2,2,92782,4250,12.494853718683142,0,13.0,0,0,0,0.0
0,1,1,28131,19052,12.494790025626637,0,1.0,0,0,0,0.0
0,1,1,482,149,12.494735395363245,0,1.0,0,0,0,0.0
1,1,1,28209,5120,12.494503692065148,0,1.0,0,0,0,0.0
1,1,1,12595,318,12.494209753362586,0,1.0,0,0,0,0.0
0,1,1,6833,1287,12.49359883871762,0,1.0,0,0,0,0.0
0,1,1,75430,123,12.49301175351469,0,4.0,0,0,0,0.0
1,1,1,72683,9673,12.492878314976904,0,4.0,0,5,28,102.82926829268293
1,1,1,1572,211,12.492635932793217,0,1.0,0,0,0,0.0
0,1,1,45283,1477,12.491885051864374,0,8.0,0,0,0,0.0
1,1,1,51156,1113,12.491616019998832,0,3.0,0,0,0,0.0
0,1,1,2243,938,12.490502120335991,0,9.0,0,0,0,609.0
0,1,1,12275,2828,12.490342000428267,0,1.0,0,0,0,0.0
0,1,1,4437,4839,12.48953877077836,0,1.0,0,0,0,0.0
1,1,1,25041,1559,12.489120709835827,0,2.0,0,0,0,0.0
1,1,1,6102,498,12.488197921030595,0,3.0,0,3,20,130.0
0,1,1,239079,21292,12.487521570484294,0,3.0,0,0,22,36.666666666666664
0,2,2,6764,1037,12.487480819603364,0,14.0,0,0,0,0.0
0,1,1,200236,27994,12.487354859454303,0,2.0,0,0,0,0.0
1,1,1,31918,4,12.48717097348072,0,1.0,0,0,0,0.0
0,1,1,3920,6,12.4871073121123,0,1.0,0,0,0,0.0
1,1,1,9316,391,12.486972099041598,0,1.0,0,0,0,0.0
1,1,1,63,1,12.486412772603591,0,1.0,0,0,0,0.0
0,1,1,46570,1300,12.48611173576936,0,2.0,0,0,0,0.0
1,1,1,281,10,12.48564481179542,0,1.0,0,0,0,0.0
1,1,1,2201,1,12.484838920346132,0,1.0,0,0,0,0.0
0,2,2,9994,5705,12.48444354807448,0,14.0,0,0,0,0.0
1,1,1,314,260,12.484143049937735,0,1.0,0,0,0,0.0
1,1,1,166695,26270,12.484050869290286,0,1.0,0,0,0,0.0
1,1,1,8410,6726,12.484019149514385,0,1.0,0,0,0,5.0
0,1,1,2212,103,12.484000770423451,0,1.0,0,0,0,0.0
0,1,1,19318,1439,12.4836121477145,0,1.0,0,0,0,0.0
1,1,1,1229,1,12.48319728726884,0,2.0,0,0,0,0.0
0,1,1,48637,5842,12.481474247493953,0,1.0,0,1,26,59.166666666666664
0,1,1,24678,6071,12.48145368192496,1,1.0,0,0,0,0.0
1,1,1,659,644,12.481341411029836,0,1.0,0,0,0,0.0
1,1,1,32559,281,12.480784461198416,0,1.0,0,0,0,0.0
1,1,1,19840,705,12.48049087106482,0,1.0,0,0,0,0.0
0,1,1,2159,29,12.48031243544234,0,1.0,0,0,0,0.0
0,1,1,1759,33,12.4800184333636,0,1.0,0,0,0,0.0
0,1,1,22036,7462,12.479589915352092,0,1.0,0,0,0,0.0
1,1,1,407820,6,12.479197902017743,0,3.0,0,0,44,156.0
0,1,1,49256,17547,12.479133290006692,0,7.0,0,0,0,0.0
0,1,1,872,1,12.479126857324864,0,1.0,0,0,0,0.0
0,1,1,104007,6175,12.47908531424174,0,1.0,0,0,0,0.0
1,1,1,155250,49662,12.479044341544196,0,1.0,0,0,0,0.0
0,1,1,2609,10578,12.479029860088064,0,2.0,0,0,0,0.0
0,1,1,6963,420,12.47864665604213,0,3.0,0,0,0,0.0
0,1,1,11487,106,12.478136604580676,0,3.0,0,0,0,0.0
0,1,1,3957,70,12.47800494057581,0,6.0,0,0,0,0.0
1,1,1,119344,8601,12.477854390470604,0,1.0,0,0,0,47.0
0,1,1,10948,273,12.477457814051611,0,1.0,0,0,0,0.0
0,1,1,57085,2080,12.477453029150352,0,4.0,0,0,0,0.0
0,1,1,7698,819,12.476060464443275,0,1.0,0,0,0,0.0
0,1,1,45488,4999,12.475813075541712,0,1.0,0,0,0,0.0
0,1,1,23047,1526,12.475703276317438,0,1.0,0,0,0,0.0
0,1,1,160484,28032,12.475517140489618,0,1.0,0,0,0,54.5
1,1,1,1265,53,12.475414629525538,0,1.0,0,0,0,0.0
1,1,1,10094,96,12.475196552105205,0,1.0,0,0,0,0.0
1,1,1,7488,854,12.475155737848098,0,1.0,0,0,0,0.0
1,1,1,688,14,12.475022901383982,0,2.0,0,0,0,0.0
0,1,1,14845,252,12.472975122085176,0,1.0,0,0,0,0.0
1,1,1,82705,1052,12.472968626027177,0,1.0,0,0,0,0.0
1,1,1,4598,263,12.47287229424022,0,1.0,0,0,0,0.0
0,1,1,4194,783,12.472484907366692,0,1.0,0,0,0,0.0
0,1,1,112281,14386,12.472226839579536,0,1.0,0,0,0,0.0
0,1,1,10378,664,12.471332728493774,0,2.0,0,0,0,0.0
1,1,1,25797,5059,12.47125366671468,0,1.0,0,0,0,0.0
1,3,2,68731,13352,12.470835700836412,0,21.0,0,18,51,74.81481481481481
0,1,1,42134,31466,12.470664268281338,0,3.0,1,5,47,97.5952380952381
1,1,1,258,1,12.470357274086595,0,1.0,0,0,0,0.0
0,1,1,6093,1832,12.470204379062892,0,9.0,0,0,0,0.0
0,1,1,131288,599,12.46947932392562,0,1.0,0,0,0,0.0
1,1,1,431447,3917,12.46926188026704,0,3.0,0,0,0,0.0
0,1,1,50157,1154,12.468504218087409,0,7.0,0,0,0,0.0
1,1,1,3817,163,12.468442521380434,0,1.0,0,0,0,0.0
1,1,1,119036,640,12.468190981339363,0,1.0,0,0,0,64.0
1,1,1,46569,36,12.467692337589524,0,3.0,0,0,0,0.0
0,1,1,16931,2793,12.467614416581588,0,1.0,0,0,0,0.0
1,1,1,12495,290,12.467295412601564,0,1.0,0,0,0,0.0
1,1,1,61737,6411,12.467286571625063,0,1.0,0,0,0,0.0
1,1,1,37679,711,12.467042319844197,0,1.0,0,0,0,0.0
0,1,1,598,1,12.46672258703815,0,1.0,0,0,0,0.0
1,1,1,13030,4941,12.466218936570437,0,1.0,0,0,0,0.0
0,1,1,3427,1,12.465833197477474,0,1.0,0,0,0,0.0
0,1,1,8721,445,12.465610842165283,0,2.0,0,0,0,0.0
1,1,1,116,1,12.465464253071056,0,1.0,0,0,0,0.0
1,1,1,6138,1447,12.46513327099384,0,1.0,0,0,0,0.0
1,1,1,5035,1317,12.46489709967536,0,6.0,0,0,0,0.0
0,1,1,9635,14370,12.464866267165917,0,5.0,0,0,0,0.0
1,2,2,68698,1158,12.464737296648511,0,14.0,0,0,0,0.0
0,1,1,543133,17362,12.464621603439904,0,3.0,0,1,37,71.16666666666667
1,1,1,35116,1589,12.46428130506487,0,1.0,0,0,0,0.0
1,1,1,75753,9699,12.464046559710344,0,1.0,0,2,2,179.75
1,1,1,140835,506,12.463768750244478,0,2.0,0,0,0,0.0
0,1,1,71,942,12.463632966788197,0,1.0,0,0,0,0.0
1,1,1,126485,23689,12.463110842165284,0,1.0,0,0,0,0.0
1,1,1,643828,235107,12.463034632314091,0,8.0,0,9,21,60.333333333333336
1,1,1,6207,972,12.462692654470402,0,1.0,0,0,29,70.0
1,1,1,38286,1402,12.461214310109614,0,3.0,0,0,0,0.0
1,1,1,25266,14953,12.460826321162418,0,4.0,0,0,0,0.0
1,1,1,2637,1975,12.460199340656931,0,1.0,0,0,0,0.0
0,1,1,80922,1432,12.460038523611274,0,1.0,0,0,0,0.0
1,1,1,6362,1,12.460036812454533,0,1.0,0,0,0,0.0
0,1,1,1543,1,12.459521405706235,0,1.0,0,0,0,0.0
0,1,1,2182,37,12.459290082665197,0,1.0,0,0,0,0.0
1,1,1,630,1,12.459008090371738,0,1.0,0,0,0,0.0
1,1,1,65917,22931,12.458878042459348,0,1.0,0,0,0,0.0
1,1,1,33370,2684,12.4586839212334,0,2.0,0,0,0,0.0
1,1,1,14560,3495,12.45853242048556,0,1.0,0,0,0,0.0
1,1,1,8803,320,12.458519903690874,0,1.0,0,0,0,0.0
1,1,1,3429,1,12.45840284789449,0,3.0,0,0,0,0.0
1,1,1,24028,217,12.458322708720408,0,1.0,0,0,0,0.0
0,1,1,30850,9997,12.458297770195298,0,1.0,0,0,0,0.0
0,1,1,333,1865,12.457687204119296,0,1.0,0,0,0,0.0
0,1,1,1527,311,12.457117515676575,0,1.0,0,0,0,0.0
0,1,1,2494,435,12.456637155953404,0,1.0,0,0,0,0.0
1,1,1,13975,90,12.456447059114607,0,1.0,0,0,0,0.0
0,1,1,524,1,12.456413152860646,0,1.0,0,0,0,0.0
0,1,1,4350,28,12.454730071764493,0,2.0,0,0,0,0.0
1,1,1,13784,589,12.454549259535426,0,2.0,0,0,0,0.0
0,1,1,3455,13,12.454477137447562,0,1.0,0,0,0,0.0
1,1,1,23011,2697,12.454152461299818,0,1.0,0,1,20,28.333333333333332
1,1,1,97022,26428,12.453532927494969,1,1.0,0,0,0,0.0
1,1,1,46058,45,12.45338240907785,0,2.0,0,0,0,0.0
1,1,1,29930,192,12.453366976979083,0,1.0,0,0,0,162.0
1,1,1,56638,5049,12.45334761555743,0,4.0,0,0,0,0.0
0,1,1,730,236,12.45276357241093,0,1.0,0,0,0,0.0
1,1,1,12609,11850,12.452484748926254,0,2.0,0,0,0,0.0
0,1,1,8889,52,12.45233014274581,0,1.0,0,0,0,0.0
0,1,1,156,1,12.452077081676526,0,1.0,0,0,0,0.0
0,1,1,96137,1145,12.451556826650796,1,1.0,0,1,1,101.0
0,1,1,29881,2257,12.451411029758765,0,1.0,0,0,0,0.0
0,1,1,33452,930,12.451232784264809,0,1.0,0,0,0,0.0
1,1,1,13810,72,12.451018160846044,0,1.0,0,0,0,0.0
1,1,1,1303,348,12.44976201335701,0,1.0,0,0,0,0.0
1,1,1,2824,393,12.449079198440792,0,1.0,0,0,0,0.0
0,1,1,1523,158,12.448854783402894,0,1.0,0,0,0,0.0
1,1,1,4048,2026,12.448688072372905,0,1.0,0,1,44,64.35
1,2,2,124555,1575,12.448502221737874,0,15.0,0,0,0,89.0
0,1,1,5283,1319,12.44789273305686,1,1.0,0,0,0,0.0
0,1,1,4540,2995,12.447811167918829,0,1.0,0,0,0,0.0
1,1,1,59056,8569,12.447781888125686,0,3.0,0,0,0,0.0
1,1,1,11056,211,12.44714514768915,0,1.0,0,0,0,0.0
1,1,1,262705,6731,12.446641085276292,0,4.0,0,0,0,0.0
0,1,1,2094,1536,12.44601201335701,0,1.0,0,0,0,0.0
1,1,1,29634,2653,12.44600488353725,0,1.0,0,0,0,0.0
0,1,1,10078,156,12.445319438509744,1,1.0,0,0,0,0.0
0,1,1,17487,4101,12.445004142035996,0,2.0,0,0,0,0.0
1,1,1,26795,1692,12.44478476540406,0,1.0,0,0,0,0.0
1,1,1,391640,45183,12.444051281235428,0,1.0,0,0,0,0.0
1,1,1,3169,468,12.443879500111388,0,1.0,0,0,0,0.0
0,1,1,133096,32789,12.443833837576848,0,2.0,0,0,0,0.0
1,1,1,55528,8490,12.443669313024918,0,1.0,0,0,0,0.0
0,1,1,23828,122,12.442956172608664,0,1.0,0,0,0,0.0
1,1,1,2691,1,12.442683148044058,0,1.0,0,0,0,0.0
1,1,1,31537,355,12.442562384741398,0,6.0,0,0,0,0.0
1,1,1,1881,50,12.442403088723957,0,2.0,0,0,0,0.0
0,1,1,9821,239,12.442262171797449,0,1.0,0,0,0,0.0
1,1,1,44371,7766,12.44121320102654,0,1.0,0,0,0,0.0
0,1,1,14343,4764,12.440513432983344,0,1.0,0,0,0,0.0
1,1,1,157245,5186,12.44023571858174,0,2.0,0,1,0,23.666666666666668
1,1,1,153899,2295,12.44002841511126,1,1.0,0,0,0,0.0
1,1,1,2605,21,12.43948252442249,0,1.0,0,0,0,0.0
0,1,1,2315,148,12.43807408398342,0,6.0,0,0,0,0.0
1,1,1,1184,185,12.437963746061651,0,1.0,0,0,0,0.0
0,5,3,256435,23540,12.437791172735416,0,44.0,0,0,0,0.0
1,1,1,31192,24690,12.437744749686768,0,1.0,0,0,0,0.0
1,1,1,2953,3844,12.437660712877886,0,1.0,0,0,0,0.0
0,1,1,16887,568,12.437652283846528,0,1.0,0,0,0,0.0
1,1,1,2586,9350,12.437081296192206,0,1.0,0,0,0,0.0
1,1,1,18131,266,12.436977264199912,0,1.0,0,0,0,0.0
1,1,1,39610,52587,12.435640090270336,0,1.0,0,0,0,0.0
0,1,1,44047,12678,12.435409812936191,0,1.0,0,0,0,0.0
0,1,1,20506,1825,12.43480678862509,0,3.0,0,0,0,0.0
0,1,1,96116,5468,12.434803841632924,0,1.0,0,0,0,0.0
1,1,1,141494,708,12.434709632947852,0,1.0,0,0,0,0.0
0,1,1,17054,7213,12.434582341899103,0,1.0,0,0,0,0.0
0,1,1,12455,14,12.434571853142035,0,1.0,0,0,0,0.0
1,1,1,49931,170893,12.434067473848302,0,1.0,0,0,0,0.0
0,1,1,65396,2417,12.433934257127133,0,2.0,0,0,0,0.0
0,1,1,6251,119,12.433633061852458,0,1.0,0,0,0,0.0
1,1,1,78459,5888,12.43286573480604,0,1.0,0,1,29,77.5
1,1,1,14958,1015,12.4320339858771,0,1.0,0,0,0,0.0
1,1,1,77346,1291,12.4317375438156,0,1.0,0,0,0,0.0
0,1,1,21096,1130,12.431583412956472,0,4.0,0,1,0,307.0
0,1,1,20843,3120,12.431375158843355,0,1.0,0,0,0,0.0
1,1,1,6444,364,12.43120321927888,0,2.0,0,0,0,0.0
0,1,1,46722,13546,12.430315699315384,0,3.0,0,2,10,61.0
1,1,1,67159,542,12.429976668463862,0,1.0,0,0,0,0.0
0,1,1,71560,47414,12.429959556896442,0,1.0,0,0,0,0.0
0,1,1,84,54,12.42987523489477,0,1.0,0,0,0,0.0
1,1,1,2252,49,12.429478341594898,0,1.0,0,0,0,0.0
1,1,1,129010,7872,12.429306623847031,0,2.0,0,1,0,38.0
0,1,1,2505,4402,12.429306497094682,0,1.0,0,0,0,0.0
1,1,1,28844,663,12.42855200372383,0,6.0,0,0,0,0.0
0,1,1,6156,1013,12.428112711762465,0,2.0,0,0,0,0.0
1,1,1,27419,486,12.428091227238928,0,1.0,0,0,0,0.0
0,1,1,11118,68,12.426982207541611,0,4.0,0,0,0,0.0
1,1,1,48271,2152,12.4269458296168,0,1.0,0,2,27,141.75
0,1,1,18896,6952,12.426797941310973,0,2.0,0,0,0,0.0
1,1,1,97368,799,12.426764510378328,0,2.0,0,0,0,0.0
0,1,1,27685,131,12.4266972365679,0,1.0,0,0,0,0.0
0,1,1,1926,4707,12.426676829439348,0,1.0,0,0,0,0.0
0,1,1,2036,245,12.426467117674196,0,1.0,0,0,11,22.25
0,1,1,99537,2195,12.426203314343145,0,1.0,0,0,0,0.0
1,1,1,11489,49,12.424465571295508,0,1.0,0,0,0,0.0
1,1,1,5379,8,12.424362806826728,0,2.0,0,0,0,0.0
0,1,1,5396,640,12.42390193527756,0,3.0,0,0,0,0.0
1,4,2,62178,433,12.423831714474964,0,30.0,0,0,0,0.0
1,1,1,5287,1,12.423822334800972,0,1.0,0,0,0,0.0
0,1,1,1548,1,12.423531501531016,0,1.0,0,0,0,0.0
1,1,1,1169,16,12.423521773288057,0,4.0,0,0,0,0.0
1,1,1,243,305,12.423504123023145,0,2.0,0,0,0,0.0
1,1,1,173032,70093,12.423306325979008,0,1.0,0,3,16,33.483870967741936
1,1,1,29231,9,12.423142181684131,0,2.0,0,0,0,0.0
1,1,1,3080,2811,12.422700544804268,0,1.0,0,0,0,0.0
0,1,1,56864,42,12.422052206527592,0,1.0,0,0,0,0.0
1,1,1,12984,156,12.421836442337666,0,1.0,0,0,0,0.0
0,2,2,10180,418,12.421779530531952,0,17.0,0,3,43,159.0
0,1,1,250212,17741,12.421621090092884,0,1.0,0,0,0,0.0
1,1,1,10096,563,12.421376426366871,0,1.0,0,0,0,0.0
0,1,1,1150,612,12.421129227593832,0,1.0,0,0,0,0.0
0,1,1,10817,254,12.420717535956951,0,1.0,0,0,0,36.0
1,1,1,3470,1936,12.419069755390623,0,1.0,0,0,0,0.0
1,1,1,35075,11,12.41903993689999,0,1.0,0,0,0,0.0
0,3,2,17980,595,12.418792009300931,0,22.0,0,0,0,0.0
0,7,3,137202,49,12.418119936646486,0,187.0,0,0,0,0.0
1,1,1,31061,893,12.416084135444876,0,1.0,0,0,0,0.0
0,1,1,2065,1,12.416068925162724,0,2.0,0,0,0,0.0
1,1,1,34169,64,12.415606057264023,0,2.0,0,0,0,0.0
0,1,1,5196,128,12.415558620196563,0,1.0,0,0,0,0.0
0,1,1,326,69,12.415430917202675,0,1.0,0,0,0,0.0
0,1,1,4604,17,12.413197318956929,0,1.0,0,0,0,0.0
0,1,1,8426,2384,12.41297055900053,0,2.0,0,0,0,0.0
0,1,1,240488,41316,12.412622560420155,0,1.0,0,0,0,0.0
0,1,1,29448,850,12.412393899178491,0,1.0,0,0,0,0.0
0,1,1,73065,3620,12.412094605189088,0,1.0,0,0,0,0.0
1,1,1,19007,439,12.411745117268586,0,1.0,0,0,0,0.0
1,1,1,59163,14503,12.410326695081856,0,1.0,0,0,0,0.0
0,1,1,11035,12731,12.410291394552033,0,1.0,0,0,0,0.0
1,1,1,27305,13,12.40791260148792,0,1.0,0,0,0,0.0
1,1,1,14826,3011,12.407828976624176,0,1.0,0,0,32,83.0
1,1,1,104908,77160,12.407706280348162,0,1.0,0,0,0,0.0
0,1,1,19622,151373,12.407672722663166,0,1.0,0,0,0,0.0
0,1,1,388,49,12.407412880343092,0,1.0,0,0,0,0.0
0,1,1,1866,1104,12.407030436811263,0,1.0,0,0,0,0.0
1,1,1,3411,191,12.405550064412855,0,1.0,0,0,0,0.0
0,1,1,156187,982,12.405474520011508,1,1.0,0,1,1,28.29032258064516
1,1,1,101162,16476,12.405129500111387,0,2.0,0,1,19,67.375
1,1,1,3162,853,12.40498813955165,0,6.0,0,0,0,0.0
1,1,1,39679,1382,12.404473493317465,0,3.0,0,0,0,0.0
0,1,1,54,1,12.404291413564884,0,2.0,0,1,0,47.0
0,1,1,13809,11636,12.404289036958296,0,1.0,0,0,0,0.0
1,1,1,6391,33,12.404125399672823,0,1.0,0,0,0,0.0
1,1,1,35958,10431,12.40391369155814,0,1.0,0,1,0,79.66666666666667
0,1,1,3507,4591,12.403593800311658,0,3.0,0,0,0,0.0
0,1,1,996,453,12.403084097419168,0,2.0,0,0,0,0.0
0,1,1,114400,3437,12.403076460590006,0,3.0,0,0,0,0.0
0,1,1,1521,4062,12.402472168755391,0,1.0,0,0,0,0.0
1,1,1,31669,241,12.402261189466726,0,1.0,0,0,0,0.0
0,1,1,3359,23,12.402218854181406,0,1.0,0,0,0,0.0
1,1,1,10212,2761,12.402189606076352,0,1.0,0,0,0,0.0
1,1,1,49009,466,12.402038263768954,0,1.0,0,0,0,0.0
0,1,1,2088,1255,12.401928908177908,0,1.0,0,0,0,0.0
0,1,1,125687,31441,12.401631610538036,0,1.0,0,0,0,118.0
1,1,1,14949,2397,12.40028401122757,0,1.0,0,0,0,0.0
0,1,1,31113,8002,12.399686944276976,0,1.0,0,0,0,0.0
0,1,1,87529,9460,12.399459708999265,0,1.0,0,0,0,0.0
1,1,1,111865,3785,12.3994533713817,0,1.0,0,0,0,0.0
0,1,1,3229,2015,12.399204112882956,0,1.0,0,0,0,0.0
1,1,1,53622,37157,12.398721566681724,0,2.0,0,0,0,0.0
1,1,1,42334,636,12.39862276322392,0,1.0,0,0,0,0.0
1,1,1,3388,38,12.398555837982457,0,1.0,0,0,0,0.0
1,1,1,228515,8421,12.398555394349229,0,1.0,0,0,38,56.5
0,3,2,46111,50791,12.398323025601286,1,20.0,0,65,51,108.58536585365852
1,1,1,24135,993,12.398042205767078,0,1.0,0,0,0,0.0
0,1,1,27116,1084,12.397469855524982,0,1.0,0,0,0,0.0
0,1,1,11087,2750,12.396987974773593,0,9.0,0,3,0,171.57142857142858
0,7,3,50549,4442,12.39645355517261,0,103.0,0,64,54,123.7710843373494
0,1,1,13599,4319,12.396314222650492,0,2.0,0,0,0,0.0
1,1,1,80840,8635,12.395999147993356,0,3.0,0,0,0,0.0
0,1,1,4241,1,12.39409909855994,0,2.0,0,0,0,0.0
1,1,1,5085,658,12.393638195322684,0,2.0,0,0,0,0.0
0,1,1,3046,350,12.393218359847236,0,5.0,0,0,0,0.0
1,1,1,7541,1685,12.39321031107293,0,1.0,0,0,0,0.0
0,3,2,10420,1,12.392902207795116,0,24.0,0,1,0,181.0
0,1,1,11908,1,12.391812929776508,0,1.0,0,0,0,0.0
0,1,1,93644,14593,12.391792490959867,0,8.0,0,1,0,173.0
1,1,1,47868,2150,12.391343470755544,0,1.0,0,0,0,0.0
0,2,2,154166,390,12.391188769510835,0,11.0,0,3,22,144.1
1,1,1,12099,772,12.390410003064718,0,1.0,0,0,0,0.0
1,1,1,28023,1732,12.3903286597433,0,1.0,0,0,0,0.0
1,1,1,161711,5608,12.390119454987552,0,3.0,0,0,0,13.0
1,1,1,7134,287,12.390068278725732,0,1.0,0,0,0,0.0
0,1,1,36062,2436,12.389803049430729,0,1.0,0,0,0,0.0
1,1,1,6408,1,12.389088736555223,0,2.0,0,0,0,0.0
0,1,1,16422,720,12.38765947704246,0,2.0,0,0,0,0.0
0,1,1,145844,33859,12.3861940614215,0,2.0,0,0,0,0.0
0,1,1,578,521,12.38617016860329,0,1.0,0,0,0,0.0
1,1,1,151587,48,12.386160662176945,0,3.0,0,0,0,0.0
1,1,1,245,5,12.386136103908887,0,1.0,0,4,22,169.66666666666666
1,1,1,1479,52,12.385999750067024,0,1.0,0,1,0,55.0
0,1,1,6925,60,12.38591878700266,0,1.0,0,0,0,0.0
1,5,3,12353,13769,12.385648804494483,0,45.0,1,49,49,113.84615384615384
1,1,1,1722,339,12.385528294696527,0,1.0,0,0,0,0.0
0,1,1,957,48,12.385325205741728,0,1.0,0,0,0,0.0
1,1,1,7347,1,12.385168603211753,0,1.0,0,0,0,0.0
0,1,1,8348,8392,12.384977238849444,0,1.0,0,0,0,0.0
1,1,1,1657768,163259,12.384935188756913,0,7.0,0,0,0,0.0
0,1,1,3600,7357,12.384229368288944,0,1.0,0,0,0,0.0
0,1,1,64030,727,12.383693871292971,0,2.0,0,0,0,0.0
0,1,1,4,1,12.383351449816056,0,1.0,0,0,0,0.0
1,1,1,211644,10813,12.382783092273025,0,2.0,0,0,0,0.0
1,1,1,92534,44258,12.382661378327729,0,1.0,0,0,0,0.0
1,3,2,38941,756,12.382120304228303,0,20.0,0,0,0,0.0
0,1,1,105468,1748,12.38189829748508,0,1.0,0,0,0,0.0
1,1,1,265,59,12.381868035361215,0,1.0,0,0,0,0.0
1,1,1,1607,247,12.380522685904984,0,1.0,0,0,0,0.0
0,1,1,11190,18563,12.380251721066086,0,1.0,0,0,0,0.0
0,1,1,18660,1,12.379646573653105,0,1.0,0,0,0,0.0
1,1,1,520,1924,12.37955702311694,0,1.0,0,0,0,0.0
0,1,1,497,1,12.378748501556364,0,1.0,0,0,0,0.0
1,1,1,23,1,12.378038688389331,0,1.0,0,0,0,0.0
0,1,1,1918,7345,12.378006493292112,0,1.0,0,0,0,0.0
0,1,1,400,92,12.377696171848148,0,1.0,0,0,0,0.0
1,1,1,50707,10959,12.377555635178696,0,1.0,0,0,0,0.0
0,1,1,8951,5874,12.377482308943492,0,1.0,0,0,0,0.0
1,1,1,261149,391,12.376898646054046,0,2.0,0,0,0,0.0
1,1,1,7470,32,12.376774016804672,0,1.0,0,0,0,0.0
0,4,2,86911,13371,12.376637409458109,0,30.0,0,0,0,0.0
1,1,1,7389,2021,12.376631452097598,0,1.0,0,0,0,0.0
1,1,1,232873,21057,12.37561512005714,0,2.0,0,0,0,0.0
0,1,1,4690,43,12.375340320959616,0,1.0,0,0,0,0.0
0,1,1,2755,603,12.374851468828908,0,1.0,0,0,0,0.0
1,1,1,11882,84,12.374602780715744,0,1.0,0,0,0,0.0
1,1,1,38360,5430,12.373960558240016,0,3.0,0,0,0,0.0
1,1,1,2246,897,12.372019948054197,0,1.0,0,0,0,0.0
0,1,1,1420,353,12.371988830351963,0,1.0,0,0,0,0.0
1,1,1,2858,1,12.371794582373663,0,3.0,0,0,0,0.0
1,2,2,10549,975,12.370661638170048,0,11.0,0,1,21,248.75
1,1,1,1033,454,12.370326219760535,0,1.0,0,0,0,0.0
0,1,1,461,185,12.370058518794686,0,1.0,0,0,0,0.0
1,1,1,2192,380,12.369496593933478,0,1.0,0,0,0,0.0
0,1,1,3574,2010,12.369321644000658,0,1.0,0,0,0,0.0
0,1,1,520,10,12.369213143987984,0,1.0,0,0,0,0.0
1,1,1,30661,4024,12.369111488602275,0,1.0,0,0,0,0.0
1,1,1,2667,883,12.369040000276168,0,1.0,0,0,0,0.0
0,1,1,32827,7532,12.368939960982935,0,2.0,0,0,0,0.0
1,1,1,240,989,12.368054183864272,0,1.0,0,0,0,0.0
1,1,1,7451,889,12.36766061781362,0,1.0,0,0,0,0.0
1,1,1,9195,84,12.367458606253807,0,1.0,0,0,0,0.0
0,1,1,9004,4946,12.36710382642264,0,4.0,0,0,0,0.0
0,1,1,64256,29391,12.366867496663724,0,1.0,0,0,0,0.0
0,1,1,88753,18728,12.366784600626003,0,1.0,0,0,0,0.0
1,1,1,3297,1446,12.36674476869962,0,1.0,0,0,0,0.0
0,1,1,3382,130,12.366584933984688,0,1.0,0,0,0,0.0
0,1,1,20853,15397,12.366507995307474,0,3.0,0,0,0,0.0
0,2,2,6727,37,12.366361723094125,0,12.0,0,0,0,0.0
0,1,1,241870,23737,12.36633713313798,0,1.0,0,0,0,0.0
1,1,1,16216,933,12.366074565642354,0,1.0,0,1,3,83.0
0,1,1,11313,948,12.366057866020077,0,1.0,0,1,0,71.72727272727273
1,1,1,16069,544,12.365941158792657,0,4.0,0,2,48,64.63636363636364
1,1,1,6495,13383,12.365175954848125,0,1.0,0,0,0,0.0
0,1,1,21118,657,12.365006645394931,0,3.0,0,0,0,0.0
0,1,1,1136,1937,12.364405649121451,0,1.0,0,0,0,0.0
0,1,1,23680,664,12.36423957185322,0,3.0,0,0,0,0.0
1,1,1,32960,107678,12.364109619005092,0,6.0,0,0,0,0.0
0,1,1,46733,6210,12.36342214593997,0,1.0,0,0,0,33.0
0,1,1,5414,5,12.362959024536568,0,2.0,0,0,0,0.0
0,1,1,4806,404,12.36145311153938,0,1.0,0,0,0,0.0
1,1,1,5033,517,12.360571834129184,0,1.0,0,4,46,32.0
1,1,1,2565,796,12.360388011531777,0,1.0,0,0,0,0.0
1,1,1,448206,17804,12.36012626792643,0,1.0,0,0,0,0.0
1,1,1,9131,23936,12.359546407607525,0,1.0,0,0,0,0.0
1,1,1,37065,1171,12.35887382794367,0,1.0,0,0,0,14.5
1,1,1,1839,23,12.35836890995244,0,1.0,0,1,0,54.0
0,1,1,26121,3266,12.358252329477374,0,4.0,0,0,0,0.0
1,1,1,2970,73,12.358116450956826,0,1.0,0,0,0,0.0
1,1,1,1322,74,12.357865417925163,0,1.0,0,0,0,0.0
1,1,1,148584,868551,12.357657068747786,1,1.0,0,0,0,0.0
1,1,1,8301,2344,12.356698123834358,0,1.0,0,0,0,0.0
0,1,1,3578,10030,12.355899742461885,0,9.0,0,0,0,0.0
0,1,1,1809,226,12.35588066623302,0,1.0,0,0,0,0.0
0,1,1,2874,6108,12.355744787712473,0,1.0,0,0,0,15.0
0,1,1,12131,4655,12.355374195525489,0,1.0,0,0,0,0.0
0,1,1,13994,3,12.355088052092528,0,4.0,0,3,49,68.41666666666667
0,1,1,12447,1043,12.354732226554464,0,1.0,0,0,0,0.0
0,1,1,246034,9371,12.354678673686058,1,1.0,0,4,30,127.5
0,1,1,1001,980,12.354614536996325,0,1.0,0,0,0,0.0
0,2,2,143933,3008,12.354394304786014,0,15.0,0,0,0,0.0
0,1,1,103597,1172,12.353306421043271,0,1.0,0,0,39,36.095238095238095
0,3,2,2684,198,12.352957503508351,0,22.0,0,15,48,118.85
1,1,1,105989,5589,12.352768959385855,0,1.0,0,0,0,0.0
1,1,1,33240,5465,12.352610550634877,0,1.0,0,0,0,0.0
0,2,2,46424,4086,12.352559279308792,0,19.0,0,0,0,0.0
1,1,1,32897,1917,12.352241923109334,0,1.0,0,0,0,0.0
0,1,1,6944,26,12.352119512026109,0,1.0,0,0,0,0.0
1,1,1,7509,719,12.351004661720635,0,1.0,0,0,0,0.0
0,1,1,27793,7345,12.350830028668693,0,1.0,0,0,0,0.0
1,3,2,11716,124,12.35081282203701,0,22.0,0,0,0,0.0
1,1,1,53695,576,12.350697477397366,0,1.0,0,0,0,66.0
1,1,1,26021,2195,12.350435258470704,0,1.0,0,0,0,21.0
0,1,1,54895,714,12.350297161784011,0,3.0,0,0,0,0.0
1,1,1,20865,18390,12.349496625621567,0,1.0,0,0,0,0.0
0,1,1,6283,817,12.349173407125864,0,1.0,0,1,47,152.0
1,1,1,4467,1,12.348991992823128,0,1.0,0,0,0,0.0
0,1,1,3057,6491,12.348112521633938,0,1.0,0,0,0,0.0
1,1,1,4840,285,12.348014161809363,0,1.0,0,0,0,0.0
1,1,1,144,1,12.347720318171064,0,2.0,0,0,0,0.0
0,1,1,1180,10,12.347424161302351,0,1.0,0,0,0,0.0
0,1,1,8813,5,12.347279631933834,0,4.0,0,0,0,0.0
1,1,1,215,1840,12.34707847595239,0,1.0,0,0,0,0.0
0,1,1,7284,45,12.346847596544578,0,1.0,0,0,0,0.0
1,1,1,10747,2773,12.34654370778244,0,1.0,0,0,0,0.0
0,1,1,47944,148,12.345885672950894,0,1.0,0,0,23,78.75
1,1,1,192769,5571,12.3458383309477,1,1.0,0,3,44,92.76470588235294
1,6,3,66995,41,12.345028668615964,0,70.0,0,1,0,352.0
0,1,1,3333,254,12.344997962858873,0,1.0,0,0,0,0.0
1,1,1,9313,19,12.344942255200497,0,1.0,0,0,0,0.0
0,1,1,533,82,12.34434290670758,0,1.0,0,0,0,0.0
1,1,1,220,4,12.34426349635952,0,1.0,0,0,0,0.0
1,1,1,11681,1073,12.343990883740055,0,2.0,0,0,0,0.0
0,2,2,68732,187,12.342535132985878,0,14.0,0,0,0,0.0
0,1,1,1154,1,12.341267514409054,0,1.0,0,0,0,0.0
0,1,1,29128,646,12.341048201153292,0,1.0,0,0,0,0.0
1,1,1,40909,1,12.339997867794608,0,2.0,0,0,0,0.0
1,1,1,14053,3850,12.339649488957182,0,1.0,0,0,0,0.0
0,1,1,24343,9566,12.339311535500643,0,1.0,0,0,0,0.0
1,1,1,16813,5790,12.339255827842267,0,3.0,0,0,0,0.0
0,1,1,2688,101,12.339136617255912,0,1.0,0,0,0,0.0
1,1,1,564054,74,12.338965628334067,0,4.0,0,0,0,0.0
0,1,1,43150,19734,12.33890992067569,0,1.0,0,0,0,0.0
1,1,1,4675,403,12.33863363223804,0,1.0,0,0,0,0.0
1,1,1,45034,9353,12.338409977714248,0,1.0,0,0,0,0.0
0,1,1,50412,2440,12.338367832557456,0,1.0,0,0,0,25.0
1,1,1,1782,162,12.338277965140415,0,2.0,0,1,0,77.0
0,1,1,8030,17,12.337849700633608,0,1.0,0,0,0,0.0
1,1,1,4431,1982,12.337793042332596,0,1.0,0,0,0,0.0
1,1,1,589,332,12.337771906378023,0,5.0,0,0,0,0.0
1,1,1,2974,37,12.33752873199214,0,1.0,0,0,0,0.0
1,1,1,26399,8215,12.3369544170886,0,2.0,0,0,0,0.0
1,1,1,2753,1306,12.336595834686896,0,1.0,0,0,0,0.0
0,1,1,26046,269,12.336422374094202,0,2.0,0,0,0,0.0
0,1,1,19032,143,12.336175967523358,0,1.0,0,0,0,0.0
0,1,1,60848,8906,12.335932381192332,0,1.0,0,0,0,0.0
1,1,1,7738,658,12.3358786381954,0,1.0,0,0,0,0.0
1,1,1,3743,395,12.335803632491544,0,1.0,0,0,0,0.0
0,1,1,206256,3555,12.33559464955241,0,1.0,0,0,0,0.0
0,1,1,8526,1481,12.335589135825131,0,1.0,0,0,0,0.0
1,1,1,22918,7326,12.335232771589574,0,1.0,0,0,0,0.0
1,1,1,1601,194,12.334370570408243,0,1.0,0,0,0,0.0
0,1,1,15058,3853,12.333964455874815,0,5.0,0,0,0,0.0
0,1,1,273,207,12.333895597659998,0,1.0,0,0,0,0.0
0,1,1,35660,1889,12.33313191474368,0,8.0,0,6,46,46.592592592592595
1,1,1,11753,3722,12.333024587190254,0,1.0,0,0,0,0.0
0,1,1,1991,11190,12.332901447281008,0,1.0,0,0,0,0.0
1,1,1,1963,109,12.33183698103516,0,1.0,0,0,0,0.0
0,1,1,59084,13565,12.331729209848504,0,2.0,0,0,0,0.0
0,1,1,4937,78,12.331673850759094,0,1.0,0,0,0,0.0
0,1,1,5946,1614,12.331517818614696,0,1.0,0,0,0,0.0
1,1,1,44104,3027,12.331195994394855,0,2.0,0,1,42,47.07692307692308
0,1,1,18901,26579,12.331079033662736,0,1.0,0,0,0,0.0
0,1,1,36290,5071,12.331072220723856,0,1.0,0,0,0,0.0
0,1,1,35285,1356,12.330872459018275,0,3.0,0,1,0,162.0
0,1,1,154,1,12.330240345042562,0,1.0,0,0,0,0.0
1,1,1,49364,91,12.330089256239864,0,1.0,0,2,27,97.42424242424242
1,1,1,615981,43855,12.330021412043855,0,1.0,0,0,0,129.28571428571428
0,1,1,57164,1646,12.330013711838516,0,2.0,0,0,0,0.0
0,1,1,56225,2543,12.329980819603366,0,1.0,0,0,0,0.0
0,1,1,3619,3,12.329835307904125,0,2.0,0,0,0,0.0
1,1,1,2795,17,12.329801528402513,0,1.0,0,0,0,0.0
1,1,1,1716,3366,12.329201989781073,0,1.0,0,0,0,0.0
0,1,1,88491,6173,12.328826834509442,0,2.0,0,0,0,0.0
1,1,1,96330,22069,12.328710222346286,0,1.0,0,0,0,0.0
0,1,1,6835,406,12.328353446165588,0,1.0,0,0,0,0.0
0,1,1,56291,31,12.327751467561384,0,1.0,0,0,0,0.0
0,1,1,93257,6752,12.32760975843268,0,2.0,0,0,0,156.0
1,1,1,8726,8614,12.32674058587203,0,1.0,0,0,0,0.0
1,1,1,9238,211,12.32536750933896,0,1.0,0,0,0,213.0
1,1,1,174,210,12.325360094326411,0,1.0,0,0,0,0.0
0,1,1,404,9,12.32521775143595,0,1.0,0,0,0,0.0
0,1,1,7599,15,12.32471749159363,0,1.0,0,0,0,0.0
0,1,1,54075,98,12.324537566631022,0,1.0,0,0,0,0.0
0,1,1,1422,98,12.324419782008617,0,1.0,0,0,0,0.0
1,1,1,4778,4055,12.32402602582944,0,3.0,0,0,0,0.0
1,1,1,16584,2119,12.322422830402664,0,6.0,0,0,0,0.0
0,1,1,494,1,12.322187292845944,0,2.0,0,1,0,239.0
0,1,1,3014,2603,12.321658735541206,0,1.0,0,0,6,118.5
1,1,1,17250,597,12.32143599997196,0,1.0,0,0,0,0.0
0,1,1,17490,2672,12.320430822138412,0,1.0,0,0,0,0.0
1,1,1,25242,17618,12.319879322658096,0,1.0,0,4,17,237.16666666666663
1,1,1,187709,14790,12.319763946330363,1,1.0,0,0,28,53.875
0,1,1,62065,30287,12.319000358478313,0,3.0,0,0,0,0.0
1,2,2,172340,5692,12.317880216262171,0,15.0,0,0,0,0.0
0,1,1,649,410,12.317805115494052,0,1.0,0,0,0,0.0
0,1,1,15529,498,12.31766556115532,0,1.0,0,0,0,0.0
0,1,1,18163,7296,12.317632352039292,0,1.0,0,1,7,167.25
0,1,1,4610,3239,12.317521507108118,0,1.0,0,1,0,168.0
1,1,1,3178,1,12.31742799556098,0,1.0,0,0,0,0.0
1,1,1,30345,1058,12.317235807308387,0,4.0,0,0,0,0.0
0,1,1,180996,9385,12.317148728443074,0,2.0,0,0,0,0.0
0,1,1,1854,2520,12.316986326993026,0,1.0,0,0,0,0.0
1,1,1,2872,25,12.316829914591578,0,1.0,0,0,0,0.0
1,1,1,21445,32,12.316195424009276,0,4.0,0,0,0,0.0
0,1,1,3289,28,12.315520467738835,0,4.0,0,0,0,0.0
0,1,1,4221,511,12.315059120868352,0,2.0,0,0,0,0.0
0,1,1,11148,1325,12.314413349326792,0,1.0,0,0,0,0.0
0,1,1,6418,4648,12.314245402461378,0,1.0,0,0,0,0.0
1,1,1,50882,37478,12.31381976806586,0,3.0,0,0,0,0.0
1,1,1,8707,939,12.312187704791086,0,1.0,0,0,0,0.0
1,1,1,30857,97,12.311609555628918,0,1.0,0,0,0,0.0
1,1,1,20894,759,12.311377979083174,0,3.0,0,0,0,0.0
1,1,1,17060,3834,12.310944074096737,0,1.0,0,0,0,0.0
0,1,1,117895,7348,12.310816371102844,0,1.0,0,0,0,0.0
1,1,1,124692,99,12.309565705653002,0,6.0,0,0,0,0.0
0,1,1,933,1,12.309312264326664,0,4.0,0,1,0,750.0
1,1,1,2598,1318,12.308682146700482,0,1.0,0,0,0,0.0
0,1,1,21302,335,12.307934624708947,0,1.0,0,3,39,175.3
1,1,1,163207,23432,12.305998862800566,0,2.0,0,0,0,0.0
1,1,1,2195,167,12.305640090270336,0,6.0,0,0,0,0.0
0,1,1,4995,2737,12.30509397776495,0,1.0,0,0,0,0.0
1,1,1,289071,3,12.304923305723982,1,6.0,0,1,2,214.57894736842104
1,1,1,27659,8181,12.303974374246303,0,4.0,0,0,0,0.0
0,1,1,5566,3426,12.303959005523714,0,3.0,0,0,0,0.0
0,1,1,149,2,12.30376599338084,0,3.0,0,0,0,0.0
1,1,1,3224,5179,12.30339169368758,0,1.0,0,0,0,0.0
1,1,1,16323,4747,12.30281880474799,0,1.0,0,0,0,0.0
1,1,1,1974,839,12.301746701672975,0,2.0,0,1,0,181.0
1,1,1,71309,1381,12.301443731865389,0,1.0,0,0,3,51.666666666666664
0,1,1,42587,1386,12.301143392169086,0,1.0,0,0,0,0.0
1,1,1,55220,202,12.30107447057809,0,2.0,0,1,0,194.0
0,1,1,66968,6771,12.30062133092235,0,1.0,0,0,0,0.0
0,1,1,86745,23045,12.298549500364894,0,2.0,0,0,0,0.0
1,1,1,31224,2653,12.298262659794,0,1.0,0,0,0,0.0
1,1,1,29749,5014,12.298125038428624,0,7.0,0,0,0,0.0
1,1,1,237,1,12.29808698103516,0,1.0,0,0,0,0.0
0,1,1,17,119,12.298076650718532,0,1.0,0,0,0,0.0
1,1,1,23807,7195,12.297911238900143,0,1.0,0,0,0,0.0
0,1,1,21,1,12.297816586581842,0,1.0,0,0,0,0.0
1,1,1,1,1,12.297560103199077,0,1.0,0,1,0,446.0
0,1,1,25095,1059,12.297337621134533,0,8.0,0,0,0,0.0
1,1,1,79249,3687,12.297259351557631,0,3.0,0,0,0,0.0
1,1,1,78885,15666,12.297127243919537,0,1.0,0,0,0,0.0
1,2,2,12633,428,12.296636680632089,0,14.0,0,0,0,0.0
1,1,1,30013,1221,12.29644674223373,0,1.0,0,0,0,0.0
1,1,1,5898,9964,12.29633323550318,0,1.0,0,0,0,0.0
1,1,1,119886,14298,12.295947749914925,0,1.0,0,0,0,0.0
1,1,1,6397,1189,12.295383670263744,0,1.0,0,0,0,0.0
1,1,1,18427,1773,12.29500784954227,0,2.0,0,0,0,0.0
1,1,1,15017,11670,12.29498015415352,0,1.0,0,0,0,0.0
1,1,1,389,60,12.294961775062587,0,1.0,0,0,0,0.0
0,1,1,43395,1865,12.294810306002836,0,1.0,0,0,0,0.0
0,3,2,55303,1083,12.294765815927546,0,23.0,0,53,52,88.9059405940594
1,1,1,203764,6039,12.294689447635914,0,4.0,0,0,0,0.0
0,1,1,2001,160,12.294437939282934,0,1.0,0,0,0,0.0
0,1,1,18880,49,12.294108034600702,0,6.0,0,0,0,0.0
1,1,1,5560,63,12.29379641394514,0,1.0,0,0,0,0.0
1,1,1,145,42,12.293678756075089,0,1.0,0,0,0,0.0
0,1,1,68102,21151,12.293193199505511,0,1.0,0,0,0,0.0
1,1,1,232,985,12.292879740940856,1,1.0,0,0,0,0.0
1,1,1,27255,6666,12.29284589806307,0,1.0,0,0,0,0.0
1,1,1,706,1,12.292343356678428,0,1.0,0,0,0,0.0
0,1,1,43212,1201,12.292206939460389,0,1.0,0,0,0,0.0
0,1,1,78486,2745,12.2921325358302,0,1.0,0,0,0,0.0
0,1,1,735,2958,12.292034176005624,0,1.0,0,0,0,0.0
1,1,1,23272,37185,12.29045230666195,0,1.0,1,0,9,29.6875
1,1,1,10074,43791,12.28978638149654,0,1.0,0,0,0,0.0
0,4,2,6569,1486,12.28970621063437,0,31.0,0,0,0,0.0
0,1,1,8434,13513,12.289426214690444,0,1.0,0,0,0,0.0
0,1,1,20351,265,12.28933698103516,0,1.0,0,0,0,0.0
0,1,1,3366,252,12.287962636978577,0,1.0,0,0,0,0.0
1,1,1,547,2378,12.28793056863371,0,1.0,0,0,0,0.0
0,1,1,70120,15857,12.287927114632138,0,4.0,0,0,0,0.0
0,1,1,15611,1,12.28730054607179,0,2.0,0,0,0,0.0
1,1,1,254173,48220,12.287091753261183,0,2.0,0,0,0,0.0
1,1,1,586,10,12.287021247265798,0,1.0,0,0,0,0.0
0,1,1,40556,941,12.286759503660454,0,3.0,0,0,0,0.0
0,1,1,500,1,12.286395756100436,0,1.0,0,0,0,0.0
1,1,1,3296,3104,12.286366064362156,0,1.0,0,0,0,0.0
1,1,1,18287,5380,12.28582036380191,0,1.0,0,0,0,0.0
1,1,1,34832,1715,12.285323621337335,0,1.0,0,0,0,0.0
0,1,1,922,2404,12.28509353413172,0,1.0,0,0,0,0.0
0,1,1,1252,587,12.284109048619513,0,4.0,0,2,94,214.0
0,1,1,48158,1579,12.283609771107916,0,1.0,0,0,0,0.0
1,1,1,15602,50128,12.282394596316424,0,1.0,0,0,0,0.0
1,1,1,13896,3472,12.282231022407126,0,1.0,0,0,0,0.0
0,1,1,8736,1373,12.281482613149135,0,1.0,0,0,0,0.0
1,1,1,347,1,12.281455202953175,0,1.0,0,0,0,0.0
1,1,1,180084,2707,12.281237379037542,0,2.0,0,1,0,123.0
1,1,1,9,1,12.281211521557886,0,1.0,0,0,0,0.0
0,1,1,45636,11218,12.280972656751944,0,1.0,0,0,0,0.0
1,1,1,85746,9094,12.280479875298347,0,1.0,0,1,0,70.71428571428571
1,1,1,807,13,12.280012602755445,0,1.0,0,0,0,0.0
1,1,1,18449,241,12.279973563031255,0,1.0,0,0,0,0.0
1,1,1,7185,768,12.27956412124861,0,1.0,0,0,0,0.0
0,1,1,16234,689,12.279483601817477,0,1.0,0,0,0,0.0
1,1,1,232049,30442,12.279470514637207,0,1.0,0,0,0,0.0
0,1,1,11249,16928,12.27884613255492,0,1.0,0,0,0,0.0
1,1,1,755,1,12.278579033662735,0,1.0,0,0,0,0.0
1,1,1,32039,375,12.278411498742464,0,1.0,0,0,14,39.6
0,1,1,25277,17401,12.278111856184092,0,1.0,0,0,0,0.0
1,1,1,13209,194,12.278098040177806,0,1.0,0,0,0,0.0
0,1,1,13243,4472,12.277770987423478,0,1.0,0,0,0,0.0
1,1,1,1161,4705,12.277330396250512,0,3.0,0,0,0,0.0
1,1,1,3203,1,12.27710312928471,0,1.0,0,0,0,0.0
1,1,1,5004,97,12.276351709658377,0,2.0,0,0,0,0.0
1,1,1,3663,2383,12.27570223061054,0,1.0,0,0,0,0.0
1,1,1,44,1,12.275585016373714,0,1.0,0,0,0,0.0
0,1,1,1056,398,12.27551463713068,0,2.0,0,0,0,0.0
1,1,1,4452,225,12.275192147460997,0,1.0,0,0,0,0.0
0,2,2,7321,673,12.274972612388622,0,14.0,0,0,0,0.0
1,1,1,257,1,12.274952839021823,0,1.0,0,1,1228,77.5
0,6,3,130415,491,12.27371348621933,0,62.0,0,20,48,42.76470588235294
0,1,1,213,11,12.273344446748649,0,1.0,0,0,0,0.0
0,1,1,449583,5414,12.27332093418749,0,5.0,0,2,21,152.33333333333334
1,1,1,15485,986,12.272540836841683,0,1.0,0,0,0,0.0
1,1,1,55967,227,12.271699898367276,0,1.0,0,0,0,0.0
0,1,1,1463,350,12.27155964689061,0,1.0,0,0,0,0.0
0,7,3,146364,93151,12.27154776385768,0,427.0,0,15,24,122.41379310344828
1,1,1,262,2,12.270264903310618,0,1.0,0,0,0,0.0
0,1,1,40975,76579,12.269740465457296,0,3.0,0,0,0,0.0
0,1,1,2826,10623,12.268785228050142,0,1.0,0,0,0,0.0
0,1,1,2733,546,12.268557580827286,0,1.0,0,0,0,0.0
1,1,1,413,158,12.268454816358505,0,1.0,0,2,21,40.333333333333336
1,1,1,1098,4248,12.268308005447665,0,2.0,0,0,0,0.0
1,1,1,862,1,12.268133277331456,0,1.0,0,0,0,0.0
1,1,1,102,1,12.26805275790032,0,5.0,0,0,0,0.0
0,1,1,12054,3602,12.268036470223183,0,2.0,0,0,0,0.0
1,1,1,37072,57,12.267966756429994,0,1.0,0,0,0,0.0
0,1,1,10695,1097,12.267880818335842,0,1.0,0,0,0,0.0
1,1,1,6824,4510,12.26771949428078,0,1.0,0,0,0,0.0
0,1,1,2953,6,12.267501448548533,0,1.0,0,0,0,0.0
0,1,1,4203,131,12.266917310337767,0,2.0,0,1,0,113.0
0,2,2,64419,2989,12.265836239533904,0,14.0,0,2,0,100.33333333333331
0,1,1,29359,1671,12.265589896339238,0,1.0,0,0,0,52.0
0,1,1,135436,7739,12.265467643696452,1,1.0,0,0,0,0.0
0,1,1,5499,3959,12.26524503487956,0,1.0,0,0,0,0.0
1,1,1,11954,12485,12.264381883055592,0,1.0,0,0,0,0.0
0,2,2,57520,927,12.264183230433083,0,17.0,0,0,0,0.0
0,1,1,14770,23572,12.263918571523662,0,3.0,0,0,0,0.0
0,1,1,247922,820,12.263887105252463,0,2.0,0,0,0,0.0
1,1,1,19226,18505,12.262992233652596,0,4.0,0,0,0,0.0
1,1,1,1075,1,12.26206412124861,0,1.0,0,0,0,0.0
1,1,1,20422,4471,12.26039156059761,0,1.0,0,0,0,0.0
0,1,1,1220155,6835,12.260241042180494,1,2.0,0,1,0,106.0
1,1,1,130870,4982,12.260089826625444,0,2.0,0,0,0,0.0
1,1,1,91131,56781,12.26002812991847,0,9.0,0,1,0,48.5
0,1,1,34186,1678,12.258387447483813,0,3.0,0,0,21,63.666666666666664
1,1,1,3105,123,12.258021513445737,0,1.0,0,0,0,0.0
0,1,1,203344,51402,12.257852203992543,0,1.0,0,0,0,0.0
1,3,2,19427,5350,12.25736911909382,0,24.0,0,5,27,122.73684210526316
1,1,1,28155,18750,12.257188306864752,0,1.0,0,0,49,29.5
0,2,2,12323,69,12.25696252923908,0,17.0,0,65,52,69.78740157480316
1,1,1,3121,3396,12.256784854130704,0,1.0,0,0,0,0.0
0,7,3,21293,10,12.256478462009632,0,132.0,0,79,54,135.26178010471205
1,1,1,4393,59,12.25646341016792,0,1.0,0,0,0,0.0
1,2,2,4501,1,12.254700855347528,0,11.0,0,0,0,0.0
1,7,3,214117,8039,12.254554393005652,0,132.0,0,8,38,117.0
0,1,1,3846,1193,12.25407907168844,0,3.0,0,0,0,0.0
0,1,1,89584,3354,12.253674921816462,0,1.0,0,0,0,0.0
0,1,1,2803,575,12.25365492663305,0,2.0,0,2,36,158.0
1,1,1,4134,1,12.253464322784849,0,1.0,0,0,0,0.0
0,2,2,18732,66,12.25317076433934,0,19.0,0,0,0,0.0
0,1,1,506942,13931,12.25268527114594,0,1.0,0,0,0,0.0
0,1,1,109770,100253,12.252539379189646,0,5.0,0,0,0,0.0
1,1,1,1840,118,12.252306756937005,0,2.0,0,0,0,0.0
0,1,1,23461,10557,12.252159819273809,0,8.0,0,19,45,258.6111111111111
1,1,1,323,1,12.251978531723426,0,2.0,0,0,0,0.0
0,1,1,13745,29002,12.251175048568811,0,1.0,0,0,0,0.0
0,1,1,16848,7748,12.25085240045869,0,2.0,0,0,0,0.0
0,1,1,57575,81,12.250716046616828,0,3.0,0,0,0,0.0
0,1,1,51678,799,12.250655332240576,0,2.0,0,0,0,36.0
1,1,1,61412,594,12.24982478745897,0,2.0,0,0,0,0.0
0,1,1,39031,11111,12.24978242048556,0,1.0,0,0,0,0.0
1,1,1,4450,663,12.24937323220762,0,1.0,0,0,0,0.0
0,1,1,92967,46,12.249300222853297,0,1.0,0,0,0,0.0
0,1,1,437,117,12.24923332929992,0,2.0,0,0,0,0.0
0,1,1,593,1,12.249026247646055,0,3.0,0,1,0,46.0
1,1,1,47620,5040,12.248850759015742,0,1.0,0,0,0,0.0
1,1,1,22626,549,12.248529029860164,0,1.0,0,0,0,0.0
0,1,1,18037,624,12.247979463353207,0,4.0,0,0,0,0.0
0,1,1,63781,31498,12.247277001822544,1,1.0,0,0,0,0.0
0,1,1,5441,1027,12.24654500699404,0,4.0,0,0,0,0.0
0,1,1,116742,139958,12.246413469741524,0,2.0,0,0,0,0.0
1,1,1,24845,556,12.245260023345097,1,2.0,0,1,11,176.5
0,1,1,10683,2380,12.245161473391994,0,3.0,0,0,0,0.0
1,1,1,18284,849,12.24444396001962,0,2.0,0,0,0,0.0
0,1,1,45889,244,12.244362965267166,0,2.0,0,0,0,369.0
0,1,1,182151,1,12.244362141376884,0,7.0,0,0,0,0.0
0,1,1,11491,1585,12.243807504775877,1,1.0,0,0,0,0.0
0,4,2,116180,3292,12.243728759877657,0,36.0,0,0,0,20.0
1,1,1,937,495,12.24351530891814,0,1.0,0,0,0,0.0
0,1,1,435054,10300,12.243323627674954,0,2.0,0,0,0,0.0
1,1,1,130900,5274,12.242795133746393,0,1.0,0,0,0,0.0
0,1,1,18948,11708,12.242660554437446,0,1.0,0,0,0,0.0
0,1,1,305,1,12.242637485509515,0,1.0,0,1,0,181.0
1,1,1,145663,7182,12.242634316700736,0,8.0,0,0,0,0.0
1,3,2,16632,619,12.242092862344258,0,22.0,0,24,41,66.0
0,1,1,5922,237,12.241362737112937,0,1.0,0,0,0,0.0
0,1,1,8020,120,12.24102446677552,0,1.0,0,0,0,29.0
1,1,1,3113,2274,12.240656029378506,0,1.0,0,0,0,0.0
1,1,1,44971,2000,12.240462510226228,0,1.0,0,0,0,0.0
1,1,1,121,1,12.240196995738431,0,1.0,0,0,0,0.0
1,1,1,997,48,12.239726807891447,0,1.0,0,0,0,0.0
0,1,1,16104,50725,12.239432742436534,0,1.0,0,0,0,0.0
1,1,1,122529,3253,12.238020657867365,0,1.0,0,0,0,11.0
0,1,1,6265,2072,12.237991061193346,0,1.0,0,0,0,0.0
0,2,2,73923,31285,12.237981839959792,0,10.0,0,0,0,0.0
0,1,1,56173,4671,12.237893493570969,0,1.0,0,0,0,0.0
0,1,1,4386,5890,12.237761449309046,0,1.0,0,0,0,0.0
0,1,1,841,48,12.23700673412158,0,1.0,0,0,0,0.0
0,1,1,451,1,12.236999731054173,0,1.0,0,0,0,0.0
0,1,1,30237,5275,12.236853458840825,0,3.0,0,0,0,0.0
1,1,1,55132,1383,12.236518040431312,0,1.0,0,0,0,0.0
1,1,1,285790,1594,12.236185822518667,0,2.0,0,0,0,0.0
1,2,2,44425,59771,12.23576845871407,0,14.0,0,0,0,0.0
1,1,1,197691,11100,12.235270258597458,0,2.0,0,0,0,0.0
1,1,1,96790,9464,12.2343308969223,0,3.0,0,0,0,0.0
1,7,3,102860,2632,12.234308461756129,0,117.0,0,0,0,0.0
1,1,1,1999,728,12.233950861685145,0,1.0,0,0,0,0.0
0,1,1,58377,3525,12.2335362230561,0,2.0,0,0,0,58.5
1,1,1,19423,9288,12.233211451844094,0,1.0,0,0,0,0.0
1,1,1,6394,3903,12.233147758787586,0,3.0,0,0,24,89.0
0,1,1,24195,5311,12.233094427735796,0,1.0,0,0,0,0.0
0,1,1,17550,1,12.23259353413172,0,2.0,0,0,0,0.0
0,1,1,105564,6328,12.23244523388075,0,2.0,0,0,0,0.0
1,1,1,12568,167,12.232370101424545,0,2.0,0,0,0,0.0
0,1,1,34201,3317,12.232236155877352,0,1.0,0,0,0,0.0
1,1,1,47379,9830,12.232159819273807,0,1.0,0,0,0,0.0
1,1,1,478028,15340,12.231628631857784,0,1.0,0,5,44,118.0
0,1,1,26496,11188,12.2304321530381,0,3.0,0,0,0,0.0
1,1,1,25503,1032,12.230280937483052,0,2.0,0,0,0,0.0
1,1,1,5489,145,12.23018992929485,0,1.0,0,0,0,0.0
0,1,1,459,1,12.230064159274315,0,2.0,0,0,0,0.0
1,1,1,1283,1,12.229923527540596,0,1.0,0,0,0,0.0
1,1,1,4995,1,12.22990131419104,0,1.0,0,0,0,0.0
1,1,1,208,1,12.229875615151824,0,1.0,0,0,0,0.0
1,1,1,278346,36792,12.229705830377316,0,1.0,0,0,0,0.0
1,1,1,364,9,12.22964109161391,0,1.0,0,0,0,0.0
0,1,1,8072,265,12.229435309171649,0,1.0,0,0,0,0.0
1,1,1,34032,2372,12.228968100004916,0,1.0,0,0,0,515.0
0,1,1,3189,50,12.228840555451464,0,1.0,0,0,0,0.0
0,1,1,5429,1125,12.228567847767737,0,1.0,0,0,0,0.0
0,1,1,2417,3782,12.228463498894566,0,2.0,0,0,0,0.0
1,1,1,721,3873,12.228344161555858,0,1.0,0,0,0,0.0
1,1,1,11027,1027,12.22794143764783,0,2.0,0,0,0,0.0
1,1,1,156342,6164,12.22764556597191,0,1.0,0,0,0,0.0
1,1,1,7137,9928,12.227514915985854,0,1.0,0,0,0,0.0
0,1,1,53037,164,12.227503254769536,0,2.0,0,0,0,28.5
1,1,1,16115,35,12.227362718100082,0,1.0,0,0,0,0.0
1,1,1,17804,1,12.227361957585977,0,1.0,0,0,0,0.0
0,1,1,841,512,12.227169103883538,0,1.0,0,0,0,0.0
0,1,1,11905,5359,12.227017349630996,0,1.0,0,0,0,0.0
0,1,1,37302,665,12.226443256544073,0,1.0,0,0,0,0.0
0,1,1,29157,2509,12.22603403657804,0,2.0,0,0,0,0.0
1,1,1,44823,22464,12.225850309044894,0,1.0,0,0,0,0.0
0,1,1,334,19,12.225327233779348,0,1.0,0,0,0,0.0
1,1,1,5516,1280,12.224912500086038,0,1.0,0,0,0,0.0
0,1,1,83364,3562,12.2247433173852,0,1.0,0,0,0,0.0
1,2,2,41073,1883,12.224707256341269,0,17.0,0,43,51,86.70212765957447
0,1,1,7255,848,12.224430999591704,0,1.0,0,0,0,0.0
1,1,1,13096,848,12.224099066871853,0,1.0,0,0,0,0.0
0,1,1,44005,6746,12.22387176821796,0,1.0,0,0,0,0.0
0,1,1,2253,1,12.22351952343382,0,3.0,0,0,0,0.0
1,1,1,21719,1606,12.223198364663826,0,6.0,0,1,0,27.0
0,1,1,3408,367,12.221705855727786,0,2.0,0,0,0,0.0
1,1,1,40291,1662,12.220894894184449,0,1.0,0,0,0,0.0
1,1,1,45255,3423,12.220861431563716,0,1.0,0,0,0,0.0
0,1,1,40042,182,12.220853097596622,0,1.0,0,0,0,72.0
1,1,1,19623,1733,12.220708378099577,0,1.0,0,0,0,0.0
0,1,1,98739,1536,12.220485991099295,0,3.0,0,0,0,0.0
0,1,1,18718,298,12.22016470557695,0,3.0,0,0,0,0.0
1,1,1,154611,1882,12.21914026138601,0,4.0,0,0,0,117.33333333333331
1,1,1,268035,23566,12.219083032699418,0,1.0,0,0,0,0.0
1,1,1,353,1,12.218909762235253,0,1.0,0,0,0,0.0
1,1,1,104366,13435,12.218814729659895,0,1.0,0,0,0,100.0
0,1,1,1467,20,12.218802466369912,0,1.0,0,0,0,0.0
1,1,1,5478,10396,12.218185372547822,0,6.0,0,0,0,0.0
1,1,1,18647,358,12.218041635381498,0,1.0,0,0,0,0.0
1,1,1,9922,3805,12.217717117674194,0,2.0,0,0,0,0.0
1,2,2,239443,124,12.217711128625597,0,12.0,0,0,0,0.0
1,1,1,10175,5953,12.217700481428093,0,2.0,0,1,0,267.0
0,1,1,182687,5702,12.21729839128182,0,1.0,0,0,0,0.0
1,2,2,62893,1082,12.217277001822543,0,11.0,0,0,0,0.0
1,1,1,6075,1317,12.21642078968981,0,1.0,0,0,0,0.0
1,1,1,18257,9643,12.216237727606508,0,4.0,0,11,42,92.52941176470588
0,1,1,15999,1873,12.216141966205134,0,1.0,0,0,0,0.0
0,1,1,67734,31182,12.21597446297295,1,1.0,0,0,0,0.0
1,1,1,100115,9577,12.215815262019772,1,4.0,0,0,0,0.0
1,1,1,31598,1748,12.215459373105531,0,7.0,0,0,0,0.0
1,1,1,3477,3774,12.215112420232057,0,1.0,0,0,0,0.0
0,1,1,17679,182,12.214907746872866,0,2.0,0,0,0,0.0
1,1,1,75,2290,12.214337519732652,0,1.0,0,0,0,0.0
0,1,1,847,1,12.213680403855651,0,1.0,0,0,0,0.0
1,1,1,56488,2188,12.2132829401702,0,1.0,0,0,0,0.0
0,1,1,18866,12319,12.212710336423402,0,1.0,0,0,0,0.0
0,1,1,2600,136,12.212520144520342,0,2.0,0,0,0,0.0
0,1,1,11149,3460,12.212488361368266,0,1.0,0,0,0,0.0
0,1,1,51884,364,12.212408539075062,1,1.0,0,0,0,0.0
1,1,1,3087,5,12.212236662886758,0,1.0,0,0,0,0.0
1,1,1,11,1,12.212056421043272,0,2.0,0,1,0,1153.0
0,1,1,3241,226,12.211867940296951,0,1.0,0,0,0,0.0
0,1,1,7011,123,12.211055109156437,0,1.0,0,0,0,0.0
0,1,1,13465,119,12.210631122541484,0,2.0,0,0,0,0.0
0,1,1,770475,10538,12.210599180948968,0,1.0,0,0,0,0.0
1,1,1,1492,70,12.210540272793722,0,1.0,0,0,0,0.0
0,1,1,38710,546,12.210478290893958,0,1.0,0,0,0,0.0
0,1,1,58806,2658,12.210246143962632,0,1.0,0,0,0,0.0
0,1,1,69879,621,12.209957053537504,0,2.0,0,0,0,0.0
0,1,1,527,1100,12.20974315894476,0,1.0,0,0,0,0.0
1,1,1,34020,220,12.209695785253478,0,3.0,0,0,0,0.0
1,1,1,14097,92,12.209691380609272,0,3.0,0,0,0,0.0
1,1,1,23250,20939,12.209591911701624,0,1.0,0,0,0,0.0
1,1,1,5530,3635,12.209461832101146,0,3.0,0,0,0,102.0
0,1,1,155,43,12.20945584305255,0,2.0,0,0,0,0.0
1,1,1,41732,1398,12.208550862952668,0,1.0,0,0,0,0.0
0,1,1,376,113,12.20769572821492,0,1.0,0,0,0,0.0
0,1,1,187,11,12.207597368390346,0,1.0,0,0,0,0.0
0,1,1,6766,7323,12.20721213630679,0,2.0,0,0,0,0.0
0,1,1,34973,971,12.20589660534119,0,1.0,0,0,0,205.0
0,1,1,161003,409,12.204965862825915,0,1.0,0,0,37,44.333333333333336
0,1,1,213,198,12.204949131515551,0,1.0,0,0,0,0.0
0,1,1,7449,731,12.204882808347756,0,1.0,0,0,0,0.0
1,1,1,37664,297,12.204577525309755,0,2.0,0,2,33,65.16666666666667
0,1,1,15546,1066,12.20453991154952,0,1.0,0,0,0,0.0
0,1,1,3353,9,12.20444773090207,0,1.0,0,0,0,0.0
1,1,1,1652,1,12.203885742664689,0,1.0,0,0,0,0.0
0,1,1,9999,53,12.203830256822926,0,1.0,0,0,0,0.0
1,1,1,36369,8666,12.203762127434125,0,2.0,0,0,0,0.0
1,1,1,5449,249,12.203712598952873,0,4.0,0,0,0,0.0
0,1,1,3977,626,12.202372066085989,0,1.0,0,0,0,0.0
1,1,1,1636,7521,12.202224526349124,0,1.0,0,0,0,0.0
1,1,1,18611,181,12.202192014371027,0,4.0,0,0,0,0.0
0,1,1,39024,4738,12.202056484419447,0,1.0,0,0,0,0.0
0,1,1,6902,444,12.20201700106203,0,1.0,0,0,0,0.0
1,1,1,182,68,12.20174942684853,0,1.0,0,0,0,0.0
1,1,1,17897,1864,12.201431278446876,0,1.0,0,0,0,0.0
1,1,1,258896,1036,12.201398988285394,0,1.0,0,1,13,31.666666666666668
1,1,1,55676,3634,12.201313176943591,0,6.0,0,0,0,0.0
1,1,1,4339,1,12.20056175731726,0,4.0,0,6,63,119.33333333333331
1,1,1,70666,2675,12.199344047478744,0,3.0,0,0,0,0.0
0,1,1,4720,1067,12.199227435315589,0,1.0,0,0,0,0.0
1,1,1,4371,3,12.199219259788933,0,2.0,0,0,0,0.0
1,1,1,13254,5558,12.199172773364108,0,1.0,0,0,0,0.0
1,1,1,313419,5884,12.19898746142657,0,1.0,0,0,0,0.0
1,1,1,7,1,12.198851266025146,0,1.0,0,6,28,137.88888888888889
0,1,1,3427,217,12.197275956115648,0,1.0,0,0,0,0.0
0,1,1,820,4259,12.197095397391283,0,1.0,0,0,0,0.0
1,1,1,71643,3719,12.19706367761538,0,2.0,0,0,0,0.0
1,2,2,38386,3411,12.196795849897176,0,12.0,0,1,44,32.81818181818182
0,1,1,1425,48,12.196570072271502,0,1.0,0,0,0,0.0
0,1,1,71582,22587,12.1965219697542,0,1.0,0,0,0,0.0
1,1,1,25076,6812,12.196142948535856,0,1.0,0,0,0,0.0
1,1,1,10266,16,12.195834306560547,0,1.0,0,0,0,0.0
0,1,1,17499,118,12.19514848127599,0,1.0,0,0,0,0.0
0,1,1,382,1,12.194749052929094,0,3.0,0,0,0,0.0
0,1,1,5958,4219,12.194431538289196,0,1.0,0,0,0,0.0
1,1,1,10138,2887,12.194292522647956,0,1.0,0,0,0,0.0
0,1,1,84759,2996,12.194170174940906,0,1.0,0,0,0,0.0
0,1,1,9864,1713,12.194031476180545,0,2.0,0,0,0,0.0
0,2,2,4734,903,12.193839224551777,1,12.0,0,0,0,0.0
1,1,1,14253,320,12.193825345169314,0,1.0,0,0,0,0.0
1,1,1,5198,211,12.19371972877263,0,1.0,0,0,0,0.0
0,1,1,2418,155,12.193444200849086,0,2.0,0,0,0,0.0
1,1,1,55540,30015,12.193182964253149,0,3.0,0,0,18,33.0
1,1,1,17094,9749,12.19316078259168,0,1.0,0,0,0,0.0
1,1,1,372,798,12.193129094503863,0,1.0,0,0,0,0.0
0,1,1,9624,913,12.193087202851776,0,2.0,0,0,0,0.0
1,1,1,556,79,12.192814368415696,0,1.0,0,0,0,0.0
1,1,1,89347,525,12.192320319438586,0,1.0,0,0,0,0.0
0,7,3,55564,4761,12.191913000757824,0,221.0,0,0,0,0.0
0,1,1,38206,13427,12.19184290670758,0,5.0,0,0,0,0.0
0,1,1,5814,35,12.191793473290591,0,1.0,0,0,1,55.8
1,1,1,127697,1111,12.191520005092755,0,1.0,0,0,0,26.333333333333332
1,1,1,4795,360,12.191406941995435,0,1.0,0,0,0,0.0
0,1,1,8563,547,12.191304747912236,0,1.0,0,1,0,93.0
0,1,1,10530,127,12.1911701369152,0,1.0,0,0,0,0.0
0,1,1,96174,47896,12.190969044309933,0,1.0,0,0,0,33.0
0,1,1,6249,5780,12.190901041673484,0,2.0,0,0,0,0.0
1,1,1,19232,3375,12.190628080485054,0,2.0,0,0,0,0.0
1,1,1,6270,3696,12.189073494584983,0,1.0,0,0,0,0.0
1,1,1,20521,7736,12.189049982023828,0,1.0,0,0,0,0.0
1,1,1,1311,1,12.189023078837272,0,2.0,0,0,0,0.0
0,1,1,80568,2841,12.188943383296422,0,1.0,0,0,0,0.0
0,1,1,17239,13531,12.188326923236088,0,2.0,0,0,0,0.0
1,1,1,13588,167,12.188244217326892,0,1.0,0,0,0,0.0
0,1,1,30894,22274,12.187785342127258,0,3.0,0,0,0,0.0
1,1,1,7084,10084,12.187692305901436,0,1.0,0,0,0,0.0
1,1,1,278,14,12.186377947395084,0,3.0,0,0,0,0.0
1,2,2,14448,539,12.186350949144268,0,14.0,0,2,23,60.333333333333336
0,1,1,2506,1,12.186215450880775,0,3.0,0,0,0,0.0
1,1,1,77917,16893,12.185669686944356,1,1.0,0,0,0,0.0
1,1,1,390214,339847,12.184770283947929,0,2.0,0,0,0,0.0
0,1,1,19368,5071,12.184548562397492,0,1.0,0,0,0,0.0
1,1,1,456691,11174,12.184374594795395,0,1.0,0,0,0,0.0
1,1,1,110,53,12.184083888277788,0,1.0,0,0,0,0.0
1,1,1,3983,1049,12.184066142948613,0,1.0,0,0,0,0.0
0,1,1,84,5,12.18379219942946,0,1.0,0,0,0,0.0
0,1,1,1577,5,12.183713676347857,0,1.0,0,0,0,0.0
1,1,1,631,8,12.183357026919513,0,1.0,0,0,0,0.0
0,1,1,16782,121,12.183226503685804,0,1.0,0,0,0,0.0
1,1,1,7496,60,12.183194181836232,0,1.0,0,0,0,0.0
0,1,1,59304,380,12.182907721522396,0,6.0,0,0,0,0.0
1,1,1,2192,24,12.182829483633585,0,1.0,0,0,0,0.0
0,1,1,6035,259,12.182729380964178,0,2.0,0,0,0,0.0
0,1,1,14765,42,12.182590904020431,0,1.0,0,0,0,0.0
1,1,1,13907,80,12.18254191423667,0,1.0,0,0,0,0.0
0,1,1,43943,92,12.182236979767636,0,2.0,0,0,0,0.0
0,1,1,80245,17288,12.181985661543182,0,1.0,0,0,0,0.0
0,1,1,18396,8331,12.181081537021672,0,1.0,0,0,0,39.0
0,1,1,24058,5178,12.18099835579116,0,1.0,0,1,12,143.0
0,1,1,23913,3225,12.180437603389205,0,2.0,0,0,0,0.0
0,1,1,7532,2,12.180426861127437,0,2.0,0,0,0,0.0
1,1,1,1488,30,12.180111279460895,0,1.0,0,0,0,0.0
0,1,1,1569,878,12.179930245415214,0,5.0,0,0,0,0.0
1,1,1,6471,4634,12.17955353742728,0,1.0,0,0,0,0.0
0,1,1,343,3,12.179437685778232,0,1.0,0,0,0,0.0
0,2,2,857,1,12.179169731307676,0,13.0,0,0,0,0.0
0,1,1,5990,1187,12.179157879962837,0,1.0,0,0,0,0.0
1,1,1,6441,17398,12.178436500643748,0,2.0,0,0,0,0.0
1,1,1,6981,2980,12.178204448776686,0,1.0,0,1,6,77.5
1,1,1,1986,39,12.177564222650492,0,1.0,0,0,0,0.0
0,1,1,199674,832,12.17751624688554,0,1.0,0,0,0,0.0
0,1,1,1854,1,12.177287870836665,0,2.0,0,0,0,0.0
0,1,1,61028,8275,12.176992316041623,0,4.0,0,0,0,0.0
1,1,1,36894,12720,12.175895401193854,0,1.0,0,0,0,0.0
1,1,1,10228,8774,12.175185081017414,0,1.0,0,0,43,63.166666666666664
0,1,1,12499,10730,12.174989850708393,0,2.0,0,0,0,0.0
0,1,1,249,9,12.174639538897608,0,1.0,0,0,0,0.0
0,1,1,26361,6213,12.174272210583668,0,3.0,0,0,0,0.0
1,1,1,13413,1087,12.17284111316181,0,2.0,0,0,0,30.0
0,1,1,1518,771,12.172589224551777,0,1.0,0,0,0,0.0
0,1,1,3144,22,12.172553828957687,0,1.0,0,0,0,0.0
1,1,1,276394,647,12.17236595028504,0,1.0,0,0,0,0.0
1,1,1,324672,189,12.172219424566986,0,1.0,0,0,0,0.0
1,1,1,300208,16568,12.172180131338097,0,3.0,0,0,0,0.0
1,1,1,1275,1,12.171989337361367,0,2.0,0,0,0,0.0
0,1,1,19380,18475,12.17179030448181,0,1.0,0,0,0,0.0
1,1,1,2870,378,12.171706838058508,0,2.0,0,0,0,0.0
0,1,1,69837,7,12.171470603363854,0,4.0,0,0,0,0.0
0,1,1,27792,1,12.17107925547935,0,9.0,0,1,3,32.875
1,1,1,67053,230,12.17027574063665,0,2.0,0,3,41,66.5
1,1,1,158692,11170,12.169940417291402,0,2.0,0,0,0,0.0
1,1,1,34385,39731,12.169631648563742,0,1.0,0,0,0,0.0
1,1,1,76538,5966,12.16957876114518,0,1.0,0,0,0,0.0
0,1,1,34896,89079,12.169534049253276,0,3.0,0,0,0,0.0
0,1,1,39025,16632,12.169447635837804,0,1.0,0,0,0,0.0
1,1,1,8098,93,12.169365500314193,0,2.0,0,0,0,0.0
0,1,1,113107,2867,12.169362173064972,0,2.0,0,0,0,0.0
0,6,3,12635,152,12.169325002937963,0,68.0,0,16,52,125.05035971223022
1,1,1,605353,37757,12.16931723935645,0,1.0,0,0,0,63.0
1,1,1,44849,1461,12.168392042256546,0,2.0,0,0,0,0.0
1,1,1,58643,552,12.167116660098204,0,1.0,0,0,0,51.0
0,1,1,267,176,12.16710918170948,0,1.0,0,0,0,0.0
0,1,1,7950,21684,12.16702806020468,0,1.0,0,0,0,0.0
0,1,1,8913,348,12.166887523535223,0,1.0,0,0,0,0.0
0,1,1,1697,615,12.166797275861128,0,1.0,0,0,0,0.0
0,1,1,572,17,12.16632699294988,0,1.0,0,0,0,0.0
0,1,1,13392,2596,12.16628725608776,0,2.0,0,0,0,0.0
0,1,1,52099,1166,12.165411650845284,0,8.0,0,0,0,0.0
0,1,1,70840,18864,12.164786413184626,0,1.0,0,0,0,0.0
0,1,1,1628,1,12.164674554234642,0,4.0,0,0,0,0.0
1,1,1,9692,1011,12.16443702032839,0,1.0,0,0,0,0.0
0,1,1,10926,189,12.16377670395452,0,1.0,0,0,0,0.0
1,1,1,97,13,12.163640350112656,0,3.0,0,0,0,0.0
0,1,1,10674,9006,12.163621052067176,0,1.0,0,0,0,0.0
0,1,1,866,1,12.163411878999517,0,1.0,0,0,0,0.0
0,1,1,15760,9315,12.163350467485332,0,1.0,0,0,0,0.0
0,1,1,13917,149,12.163052567771793,0,1.0,0,0,0,0.0
0,1,1,747,446,12.162782173318476,0,4.0,0,0,0,0.0
0,1,1,224306,2049,12.16247337290273,0,5.0,0,0,19,72.0
1,1,1,653,9,12.162369942984103,0,1.0,0,0,0,0.0
0,1,1,97320,5694,12.161896142695108,0,2.0,0,0,0,0.0
0,1,1,1830,1147,12.16174492714006,0,1.0,0,0,0,0.0
0,1,1,14914,1414,12.161559044816943,0,2.0,0,0,0,0.0
0,1,1,41528,8537,12.16084603115304,0,1.0,0,0,0,0.0
1,1,1,19942,193,12.160698871673231,0,2.0,0,0,0,0.0
0,1,1,18083,1640,12.160599751334548,0,2.0,0,0,0,0.0
1,1,1,2278,2085,12.160550254541382,0,2.0,0,0,0,0.0
0,2,2,19294,3266,12.160533745047632,0,17.0,0,0,0,0.0
1,1,1,1311,7,12.160341905364003,0,1.0,0,0,0,0.0
0,1,1,54015,16738,12.160249376147588,0,1.0,0,0,0,0.0
1,1,1,16247,503,12.160112483608232,0,1.0,0,0,0,0.0
1,1,1,1157,39,12.159475077721853,0,3.0,0,0,0,0.0
0,1,1,35305,19598,12.159167101196388,0,1.0,0,0,0,0.0
0,1,1,5128,162,12.159001689378,0,3.0,1,5,34,129.08695652173913
1,1,1,2400,109,12.158985528453217,0,1.0,0,1,0,102.0
0,1,1,2067,1,12.15896369536071,0,2.0,0,0,0,0.0
1,1,1,83,10,12.158738361368265,0,1.0,0,0,0,0.0
1,1,1,10997,1,12.158700050470095,0,6.0,0,0,0,0.0
1,1,1,27010,27,12.158154444974116,0,2.0,0,0,0,0.0
0,1,1,1226,1,12.158099180948968,0,3.0,0,0,0,0.0
1,1,1,51066,13175,12.157635932793214,0,1.0,0,0,0,39.0
0,1,1,5566,1036,12.15692786247101,0,1.0,0,0,0,0.0
0,1,1,4886,17064,12.156490693611527,0,1.0,0,0,0,0.0
0,1,1,10230,4499,12.156482866653835,0,1.0,0,0,0,0.0
1,1,1,71872,2107,12.156348699290032,0,1.0,0,0,0,0.0
1,1,1,18223,1792,12.156028808043551,0,6.0,0,0,0,0.0
0,1,1,46564,47,12.155546451970846,0,6.0,0,0,0,0.0
0,1,1,8,2,12.15545303548797,0,1.0,0,1,0,23.0
0,5,3,97731,635,12.155429459550636,0,42.0,0,0,0,0.0
1,1,1,157172,1374,12.155058550482773,0,1.0,0,0,31,29.8
0,1,1,1975,154,12.15468634220331,0,1.0,0,0,0,0.0
1,1,1,10159,555,12.15379162904388,0,5.0,0,0,0,0.0
1,1,1,457,1,12.153747360785204,0,1.0,0,0,0,0.0
0,1,1,1109,1,12.153505517299006,0,1.0,0,0,0,0.0
1,1,1,1146,841,12.15314119935341,0,1.0,0,0,0,0.0
0,1,1,43174,34402,12.15306362691444,0,2.0,0,0,0,43.0
1,1,1,2529,1206,12.15235549321606,0,2.0,0,0,0,0.0
1,1,1,19800,3246,12.152099865411664,0,4.0,0,0,0,0.0
0,1,1,94318,10964,12.151432894539354,0,1.0,0,0,0,0.0
0,1,1,24165,4683,12.151405674471922,0,2.0,0,0,0,0.0
0,1,1,464,1,12.151331746163052,0,2.0,0,0,0,0.0
1,1,1,33905,1296,12.150957604910232,0,2.0,0,0,0,0.0
1,6,3,6571,3,12.150651149412983,0,50.0,0,3,4,128.44827586206895
0,1,1,2642,939,12.150607641668412,0,1.0,0,0,0,0.0
0,1,1,9820,41,12.150560077848606,0,1.0,0,0,0,0.0
1,1,1,3001,78,12.150296749838873,0,1.0,0,0,0,0.0
1,1,1,5569,2949,12.149990959791465,0,1.0,0,0,0,0.0
1,1,1,2379,1119,12.149485788295534,0,2.0,0,0,0,0.0
0,1,1,3607,245,12.148364315179707,0,2.0,0,0,0,0.0
0,5,3,30443,688,12.148324768446116,0,43.0,0,0,0,0.0
0,1,1,16184,329,12.147721015308996,1,3.0,0,1,0,171.0
1,1,1,771,1,12.147085890964938,0,1.0,0,0,0,0.0
0,1,1,5461,2626,12.147076859859911,0,6.0,0,0,0,0.0
1,1,1,30019,2495,12.146841195550838,0,1.0,0,0,0,0.0
1,1,1,6363,1932,12.146417113871625,0,1.0,0,0,0,0.0
1,1,1,35,1,12.1458848807487,0,4.0,0,0,0,0.0
0,1,1,13287,792,12.145310534157067,0,3.0,0,0,0,0.0
0,1,1,6942,2415,12.144770474076456,0,1.0,0,0,0,0.0
0,1,1,49771,778,12.14449165059178,0,2.0,0,0,0,0.0
1,1,1,14745,1912,12.143825376857402,0,1.0,0,4,35,181.75
0,1,1,101,4,12.143461882802088,0,1.0,0,0,0,0.0
0,1,1,570,71,12.143368593071562,0,2.0,0,0,0,0.0
0,1,1,111088,9647,12.142845866374982,0,2.0,0,0,24,33.5
0,1,1,60240,42877,12.142660554437446,0,1.0,0,0,0,0.0
0,1,1,178,1,12.142096950107586,0,4.0,0,1,0,760.0
1,1,1,2557,207,12.141893702712348,0,1.0,0,0,0,0.0
1,1,1,9805,395,12.141733392676096,0,1.0,0,0,0,0.0
0,1,1,74369,4318,12.141717009934696,0,3.0,0,0,0,0.0
0,1,1,10560,259,12.141676195677592,0,1.0,0,0,0,0.0
0,5,3,6287,600,12.141312257989046,0,42.0,0,0,0,0.0
0,1,1,14397,1896,12.141270144520345,0,1.0,0,0,0,0.0
0,1,1,3312,546,12.140336803581867,0,4.0,0,0,0,0.0
0,1,1,96415,6763,12.139864809513876,0,3.0,0,1,0,37.0
0,1,1,31936,9909,12.139364201102593,0,1.0,0,0,0,0.0
1,1,1,14935,3718,12.138889450170964,0,1.0,0,0,0,0.0
0,1,1,31071,465,12.138875919357464,0,1.0,0,0,0,0.0
1,1,1,39439,786,12.138684998628388,0,2.0,0,0,0,0.0
1,1,1,76685,115,12.138468759117142,0,1.0,0,0,0,0.0
0,1,1,1447,20,12.13846793522686,0,2.0,0,0,0,0.0
0,4,2,15592,5,12.137858763426722,0,34.0,0,0,0,0.0
1,1,1,145942,753,12.137577246454583,0,1.0,0,0,0,0.0
0,1,1,90859,22653,12.137302954366463,0,2.0,0,0,0,0.0
1,1,1,12,19,12.136330700456154,0,1.0,0,0,0,0.0
1,1,1,6,1,12.136281393791515,0,1.0,0,0,0,0.0
0,1,1,2357,1,12.136184396554718,0,1.0,0,0,0,0.0
1,1,1,28968,2548,12.136099884424516,0,1.0,0,0,0,0.0
1,1,1,35502,8631,12.13588659190544,0,1.0,0,0,0,0.0
1,1,1,61444,17812,12.135801319261134,0,2.0,0,0,0,0.0
1,1,1,2001,4081,12.135180391180418,0,1.0,0,0,0,0.0
1,1,1,86691,55991,12.134639412145257,0,1.0,0,0,0,0.0
1,1,1,143,64,12.133876743247749,0,1.0,0,0,0,0.0
0,1,1,73957,80,12.133192438991404,0,3.0,0,0,0,0.0
1,1,1,9619,7224,12.132939061041244,0,1.0,0,0,0,0.0
0,1,1,75523,4545,12.13118810406099,0,6.0,0,0,0,0.0
0,1,1,71646,568,12.131030455824115,0,1.0,0,0,0,0.0
1,1,1,13679,11973,12.130875564450882,0,1.0,0,0,0,0.0
1,1,1,628,26,12.130508362889293,0,1.0,0,0,0,0.0
0,1,1,1818,47,12.130409876312369,0,1.0,0,0,0,0.0
0,1,1,483,50,12.130369220495702,0,1.0,0,0,0,0.0
1,1,1,66918,1359,12.13008770352356,0,4.0,0,0,0,0.0
1,1,1,372,191,12.13005712451882,0,1.0,0,0,0,0.0
0,1,1,1795,45,12.128968892207112,0,1.0,0,0,0,0.0
0,1,1,61889,3732,12.128882256975029,0,1.0,0,0,0,58.583333333333336
1,1,1,11598,2897,12.128551845283392,0,1.0,0,0,25,136.0
1,3,2,10913,246,12.128379842342737,0,23.0,0,0,0,0.0
1,1,1,3749,1848,12.12824903391624,0,1.0,0,0,0,0.0
0,1,1,414,14,12.128203308005524,0,1.0,0,0,0,0.0
0,1,1,1503,1,12.128186481630896,0,2.0,0,0,0,0.0
0,1,1,9478,656,12.12796824577012,0,2.0,0,0,0,0.0
1,1,1,8292,1262,12.127867667779398,0,1.0,0,0,0,0.0
0,1,1,18,1,12.126812993152685,0,1.0,0,1,0,283.0
0,1,1,25676,868,12.126434320503307,0,2.0,0,0,0,0.0
0,1,1,16720,1672,12.125754864524398,0,1.0,0,0,0,0.0
1,1,1,5750,3100,12.12559059347717,0,1.0,0,0,0,34.0
1,1,1,3661,108,12.125242341392092,0,1.0,0,0,0,0.0
0,1,1,51943,5060,12.12515849471174,0,3.0,0,0,0,0.0
0,1,1,15978,2589,12.124894025930844,0,2.0,0,0,0,0.0
0,6,3,35951,18442,12.124449093489844,1,87.0,0,0,0,0.0
0,1,1,3968,1176,12.122961369455064,0,6.0,0,0,0,0.0
1,1,1,333408,5335,12.122182191063803,1,2.0,0,0,0,0.0
1,1,1,3366,3758,12.12217762797916,0,1.0,0,0,0,0.0
0,1,1,224,534,12.12196988087545,0,1.0,0,0,0,0.0
0,1,1,3965,454,12.12100199992126,0,1.0,0,0,0,0.0
1,1,1,23325,151,12.120663697895758,0,1.0,0,0,0,0.0
1,1,1,6185,51,12.120492201964508,0,2.0,0,0,0,0.0
0,1,1,1177,253,12.120489381724692,0,2.0,0,0,0,0.0
1,1,1,184266,85960,12.120231852635028,0,2.0,0,0,0,0.0
1,1,1,8103,273,12.119715780436888,0,1.0,0,0,0,0.0
1,1,1,126265,1174,12.119187128067887,0,1.0,0,0,0,0.0
1,1,1,1212,2369,12.11887338431044,0,3.0,0,0,0,0.0
0,1,1,20230,3508,12.117985705906506,0,2.0,0,0,0,0.0
0,1,1,9796,319,12.117920523509872,0,2.0,0,0,0,0.0
1,1,1,484,36,12.117686633733715,0,1.0,0,0,0,0.0
0,1,1,15179,12,12.117679979235277,0,2.0,0,0,0,0.0
0,1,1,3681,1,12.116465755086418,0,1.0,0,0,0,0.0
0,1,1,6665,39,12.1162281261159,0,1.0,0,0,0,0.0
1,1,1,282,8,12.115662620500771,0,1.0,0,0,0,0.0
1,1,1,459400,19759,12.115386870760616,0,1.0,0,0,0,0.0
0,1,1,12149,7380,12.114865728468423,0,1.0,0,0,0,0.0
1,1,1,14033,2887,12.114471813848809,0,1.0,0,0,0,0.0
1,1,1,23561,3142,12.114291381876797,0,4.0,0,0,0,0.0
0,1,1,843013,7492,12.1141392473672,1,1.0,1,0,15,63.92079207920792
1,1,1,7261,1240,12.113699987093922,0,1.0,0,0,0,0.0
0,1,1,52978,2754,12.1131022230054,0,1.0,0,0,0,0.0
0,2,2,766104,62113,12.11274893251436,1,10.0,0,0,0,0.0
1,1,1,3525,1904,12.112284353458918,0,2.0,0,0,0,0.0
0,1,1,2061,1,12.11216327327538,0,1.0,0,0,0,0.0
0,1,1,81813,4898,12.111662791616446,0,1.0,0,0,0,0.0
0,1,1,4703,7297,12.111509231142898,0,1.0,0,0,0,0.0
1,1,1,2628,1441,12.110852463834863,0,1.0,0,0,0,0.0
1,1,1,13965,5966,12.11080572390534,0,1.0,0,0,0,0.0
1,1,1,18504,1905,12.11047914647233,0,1.0,0,0,0,0.0
0,1,1,6036,994,12.108871990034576,0,1.0,0,0,0,0.0
1,1,1,19608,6566,12.107811358047352,0,1.0,0,0,0,0.0
0,2,2,66107,422,12.107412975407357,0,10.0,0,0,0,0.0
1,1,1,19203,635,12.1073343255734,0,2.0,0,0,32,58.7
0,1,1,991870,25938,12.107317404134507,0,5.0,0,0,0,0.0
0,1,1,273,1,12.107190303214288,0,1.0,0,0,0,0.0
1,1,1,27356,3357,12.106989147232843,0,1.0,0,0,0,0.0
1,1,1,1734,389,12.106857926861204,0,1.0,0,0,0,0.0
1,1,1,4624,1141,12.10655720690785,0,1.0,0,0,0,0.0
1,1,1,3543,1,12.105936944276978,0,2.0,0,0,0,0.0
1,1,1,866,1,12.105557067480262,0,2.0,0,0,0,0.0
0,1,1,66539,14386,12.10535895355525,0,1.0,0,0,0,42.0
0,1,1,17771,5547,12.105261069051991,0,1.0,0,0,0,0.0
0,1,1,76874,77,12.104994920802442,0,1.0,0,0,0,0.0
1,1,1,3707,1,12.104611590004156,0,3.0,0,0,0,0.0
1,1,1,9152,207,12.104237448751336,0,2.0,0,0,0,0.0
0,1,1,17531,4036,12.103883334370014,0,1.0,0,0,0,0.0
1,1,1,99,1,12.103288580649831,0,3.0,0,1,0,203.0
0,1,1,11201,9788,12.10267804626192,0,2.0,0,0,0,18.0
1,1,1,395,1,12.101963194688922,0,1.0,0,0,0,0.0
0,1,1,7493,2451,12.101830136408193,0,2.0,0,0,0,0.0
1,1,1,102700,34937,12.101824559304736,0,1.0,0,1,0,42.0
0,1,1,170,157,12.10179680053981,0,1.0,0,0,0,0.0
1,1,1,93712,15354,12.101097856386897,0,1.0,0,0,0,0.0
0,1,1,65290,249,12.100846252969651,0,1.0,0,0,0,0.0
0,1,1,5889,179,12.10066208180328,0,1.0,0,0,0,0.0
0,1,1,10841,1,12.100565623263972,0,1.0,0,0,0,0.0
0,1,1,8237,64,12.10046796057733,0,1.0,0,0,0,0.0
1,1,1,255532,5285,12.10022849369772,0,1.0,0,0,0,0.0
0,1,1,65624,2223,12.100100980832355,0,1.0,0,0,0,0.0
0,1,1,43218,669,12.099879037465309,0,1.0,0,1,0,80.0
1,1,1,6493,2477,12.099806249927598,0,1.0,0,0,0,0.0
0,1,1,2082,1722,12.098759845891802,0,1.0,0,0,0,0.0
1,1,1,22694,32,12.098620703498211,0,1.0,0,0,0,0.0
1,1,1,83229,35142,12.098591645521685,0,1.0,0,1,9,43.48484848484848
0,1,1,5138,909,12.098440208150022,0,1.0,0,0,0,0.0
0,1,1,4611,1804,12.098342798968082,0,8.0,0,0,0,0.0
1,1,1,25063,127,12.09797955841747,0,2.0,0,0,0,0.0
1,1,1,4,1,12.097966851494256,0,1.0,0,0,0,0.0
0,1,1,1525,103,12.097904489337438,0,1.0,0,3,35,48.53846153846154
1,1,1,30961,1439,12.097560705272745,0,1.0,0,0,0,0.0
1,1,1,102520,194,12.0973873714324,0,2.0,0,0,0,90.0
0,1,1,156059,11521,12.096968518287676,0,1.0,0,0,0,0.0
0,3,2,74764,1917,12.096360835827666,0,24.0,0,8,51,189.35135135135135
1,1,1,33490,2990,12.096152074705149,0,8.0,0,2,50,66.58682634730539
0,1,1,3317,542,12.096116393918267,0,1.0,0,0,0,0.0
1,1,1,48,1,12.09600374276609,0,1.0,0,0,0,0.0
0,1,1,15227,3510,12.09520412555819,0,1.0,0,1,0,42.0
1,1,1,2642,586,12.095099649932669,0,2.0,0,0,0,0.0
0,1,1,1759,7510,12.095098065528276,0,1.0,0,0,0,0.0
1,1,1,9793,5528,12.094745503863258,0,1.0,0,0,27,87.5
0,1,1,7628,71,12.094134557530204,0,2.0,0,0,0,0.0
1,1,1,15490,23198,12.094044975305954,0,1.0,0,0,0,0.0
0,1,1,36559,4247,12.093047719494358,0,1.0,0,0,0,0.0
1,1,1,407,90,12.092773395718153,0,1.0,0,0,0,0.0
0,2,2,1237,1,12.092746143962632,0,14.0,0,0,0,0.0
1,1,1,4799,696,12.092601614594113,0,1.0,0,0,0,0.0
0,1,1,21676,5207,12.092580700456155,0,1.0,0,0,0,0.0
0,1,1,2798,1870,12.092473119398026,0,1.0,0,0,0,0.0
0,1,1,1460,535,12.091987689580804,0,1.0,0,0,0,0.0
1,1,1,18817,9129,12.091738177577357,0,2.0,0,0,0,0.0
1,2,2,40739,1393,12.090504084997438,0,17.0,0,0,0,0.0
0,1,1,624,7599,12.090459499857884,0,1.0,0,0,0,0.0
0,1,1,3672,891,12.089661593806726,0,7.0,0,0,0,0.0
1,1,1,2235,6768,12.089270657867363,0,1.0,0,0,0,0.0
1,1,1,5171,98,12.08892963066631,0,2.0,0,0,0,0.0
0,1,1,23922,1235,12.0887481529874,0,2.0,0,0,0,0.0
0,1,1,9918,1,12.088490940778613,0,1.0,0,0,0,0.0
1,1,1,43489,770,12.08736911909382,0,1.0,0,0,0,0.0
1,1,1,21513,210,12.086743564552284,0,1.0,0,0,0,0.0
1,1,1,2310,3474,12.085571992569625,0,1.0,0,0,0,0.0
0,1,1,19779,153,12.085298144114734,0,1.0,0,0,0,0.0
0,1,1,443083,53646,12.085118536033004,0,2.0,0,0,0,0.0
1,1,1,23689,749,12.084649837526149,0,1.0,0,0,0,0.0
0,1,1,8635,862,12.084477295888,0,1.0,0,0,0,0.0
1,1,1,55003,1329,12.084258901586786,0,1.0,0,0,0,78.0
0,2,2,15475,59,12.083768528427864,0,10.0,0,0,0,0.0
1,1,1,68524,342,12.083633949118918,0,1.0,0,0,0,54.0
1,1,1,15551,5291,12.083321567949248,0,1.0,0,0,0,0.0
1,1,1,11416,1,12.08268165870393,0,1.0,0,0,0,0.0
1,1,1,2357,1,12.082620564070623,0,2.0,0,0,0,0.0
1,1,1,8781,2549,12.08234823664395,0,3.0,0,0,0,0.0
0,1,1,2847,1,12.08130759984014,0,5.0,0,0,0,0.0
1,1,1,18520,19,12.08110375037123,0,1.0,0,0,0,0.0
1,1,1,8010,49,12.08037923393145,0,1.0,0,0,0,0.0
0,1,1,3119,86,12.08019788300489,0,1.0,0,0,0,0.0
1,1,1,207,7,12.079992956140998,0,1.0,0,0,0,0.0
1,1,1,26786,9113,12.079823710063984,0,1.0,0,1,28,58.25
1,1,1,14576,1007,12.079709791388291,0,4.0,0,1,53,107.96052631578948
1,1,1,8946,488,12.0796754415011,0,1.0,0,0,0,0.0
0,1,1,327785,46526,12.079518522090249,1,5.0,0,0,0,0.0
1,1,1,53652,6287,12.079178699036529,0,7.0,0,0,0,0.0
0,1,1,1556,2,12.079109587317006,0,4.0,0,0,0,0.0
0,1,1,11102,5296,12.078779555882424,0,2.0,0,0,0,0.0
0,1,1,8659,2319,12.077522869695894,0,1.0,0,0,0,0.0
1,1,1,1978,2068,12.076972701115269,0,1.0,0,0,0,0.0
1,1,1,2353,1,12.076711686335942,0,7.0,0,0,0,0.0
0,1,1,48470,845,12.076690613757547,0,2.0,0,0,0,0.0
0,2,2,89863,3878,12.076591430042688,0,12.0,0,0,0,0.0
0,1,1,14886,1904,12.076138353763124,0,1.0,0,0,0,0.0
1,2,2,22309,1578,12.07607386850442,0,14.0,0,0,0,0.0
0,1,1,49,747,12.075960361773872,0,1.0,0,0,0,0.0
1,1,1,2040,5854,12.075909724209543,0,1.0,0,0,0,0.0
1,1,1,35824,771,12.07584774230978,0,1.0,0,0,0,0.0
0,1,1,8428,2150,12.074548403957056,0,2.0,0,0,0,0.0
0,1,1,1471,212,12.074329185765556,0,3.0,0,0,0,0.0
0,1,1,13148,42,12.074184529644686,0,1.0,0,0,0,0.0
0,1,1,57046,18818,12.073160338958449,0,1.0,1,0,0,0.0
0,1,1,1559,62,12.07235042312201,0,4.0,0,0,0,0.0
1,1,1,3337,572,12.071491327373284,0,1.0,0,0,0,0.0
0,1,1,49068,19052,12.070385539860926,0,2.0,0,0,1,172.0
1,1,1,20849,1479,12.070364277154004,0,1.0,0,0,0,0.0
1,1,1,4323,286,12.070054589471797,0,3.0,0,0,0,0.0
1,1,1,73312,423,12.069799943998122,0,1.0,0,7,39,45.52941176470589
1,1,1,52963,209,12.069487943085504,1,1.0,0,0,0,0.0
0,1,1,8255,19,12.069162474735569,0,2.0,0,0,0,0.0
0,1,1,1792,17,12.068646972923007,0,1.0,0,0,0,0.0
1,1,1,42512,38811,12.06820948718265,0,1.0,0,1,0,70.0
1,1,1,760,57,12.067682450906126,0,3.0,0,1,0,182.0
1,1,1,3173,1037,12.067526513825992,0,2.0,0,0,0,0.0
1,1,1,3718,630,12.067525499807182,0,2.0,0,0,0,0.0
1,1,1,69,1,12.067337431006006,0,1.0,0,0,0,0.0
0,1,1,463,37,12.067204943110855,0,5.0,0,0,0,0.0
0,1,1,23340,48806,12.067190620095165,1,5.0,1,3,5,32.17777777777778
1,2,2,16283,663,12.067074926886557,0,14.0,0,0,0,0.0
1,1,1,1583,9,12.066166524473193,0,1.0,0,0,0,0.0
1,1,1,50849,34668,12.065859530278448,0,1.0,0,0,0,0.0
0,1,1,381,1,12.065309900395311,0,1.0,0,0,0,0.0
0,1,1,4709,707,12.064936044335283,0,1.0,0,0,0,0.0
0,1,1,1599,458,12.06433000965584,0,1.0,0,0,0,0.0
0,2,2,30310,3462,12.063794037338551,0,16.0,0,1,18,128.0
0,1,1,21374,9808,12.063378067809818,0,2.0,0,0,0,0.0
1,1,1,4177,2679,12.063351196311352,0,7.0,0,0,0,0.0
1,1,1,18,5,12.06328050018744,0,1.0,0,0,0,0.0
0,1,1,1049,547,12.06274123230902,0,1.0,0,0,0,0.0
0,1,1,9273,14662,12.062598667601945,0,1.0,0,1,38,110.25
0,1,1,2024,30,12.062340314621997,0,1.0,0,0,0,0.0
1,1,1,54775,18430,12.062061871394375,0,1.0,0,0,0,0.0
0,1,1,771,319,12.06194541767166,0,1.0,0,0,0,0.0
1,1,1,34380,190,12.0603653228609,0,1.0,0,0,0,0.0
1,1,1,972,50,12.060039569318173,0,1.0,0,0,0,0.0
1,1,1,3833,2493,12.059710488526225,0,1.0,0,0,0,0.0
0,1,1,83832,1191,12.059661657182902,0,1.0,0,1,0,125.0
1,1,1,242651,392402,12.059142067607016,0,1.0,0,1,39,60.166666666666664
1,1,1,-32,23,12.059068456179023,0,2.0,0,0,0,0.0
0,1,1,174135,220,12.059048619436052,0,1.0,0,0,0,0.0
0,1,1,6972,2484,12.05773559182939,0,1.0,0,0,0,0.0
0,1,1,1839,72,12.057523313329124,0,1.0,0,0,0,0.0
1,1,1,93762,6680,12.05676378155231,0,1.0,0,0,0,0.0
0,1,1,5832,44,12.0565812581665,0,1.0,0,0,0,0.0
1,1,1,167833,11312,12.056466769105228,0,7.0,0,0,0,0.0
1,1,1,12822,782,12.056419870735263,0,1.0,0,0,0,0.0
1,1,1,28766,448,12.055978265543487,0,1.0,0,0,0,0.0
1,1,1,49590,50,12.055969171062284,0,1.0,0,0,0,0.0
1,1,1,3375,819,12.055480160491138,0,1.0,0,0,0,0.0
1,2,2,13536,63,12.055249819780816,0,13.0,0,1,6,58.166666666666664
0,3,2,95370,417,12.05473675795102,0,28.0,0,0,0,0.0
1,1,1,109,32,12.054329692774962,0,1.0,0,0,0,0.0
0,1,1,88997,893,12.054090923033284,0,1.0,0,0,0,0.0
0,1,1,488,30,12.053606792427662,0,1.0,0,0,0,0.0
0,1,1,21270,2201,12.052541280474914,0,1.0,0,0,0,0.0
1,1,1,578,47,12.052418901079776,0,1.0,0,0,0,0.0
0,1,1,593,46,12.052327195753644,0,1.0,0,0,0,0.0
1,1,1,6695,2374,12.052113079344284,0,1.0,0,0,0,0.0
1,1,1,18528,26,12.051895318804824,0,1.0,0,0,0,0.0
0,1,1,42984,337,12.051875006740536,0,1.0,0,0,0,0.0
1,1,1,6301,354,12.050949746264454,0,1.0,0,0,0,0.0
1,1,1,6081,3883,12.049889272717673,0,1.0,0,0,0,0.0
1,1,1,20168,5354,12.04941943343965,0,1.0,0,0,0,0.0
0,1,1,28031,2543,12.048796065376171,0,1.0,0,0,0,31.0
1,2,2,18530,221,12.048674699999848,0,14.0,0,0,0,0.0
0,1,1,15241,4089,12.048394482239306,0,2.0,0,0,0,0.0
1,1,1,50658,1056,12.048166898392626,0,1.0,0,0,0,0.0
1,1,1,2220,51,12.047704886072298,0,2.0,0,1,0,112.0
1,1,1,12363,1027,12.046687033003623,0,1.0,0,0,0,0.0
1,1,1,446,47,12.04626162042472,0,1.0,0,0,0,0.0
0,1,1,9,1,12.046206990161329,0,1.0,0,0,0,0.0
1,1,1,41144,1022,12.045853763046466,0,1.0,0,0,0,0.0
1,1,1,18700,1930,12.045808068823838,0,1.0,0,0,0,0.0
0,1,1,1958,280,12.045787661695286,0,1.0,0,0,0,0.0
1,1,1,57,1,12.045430346817096,0,1.0,0,0,0,0.0
1,1,1,9805,10149,12.045413837323345,0,2.0,0,0,0,0.0
0,1,1,1828,3303,12.045407689834308,0,1.0,0,0,0,0.0
0,1,1,13230,464,12.044056858338884,0,1.0,0,0,0,0.0
0,1,1,569,177,12.043564267013814,0,1.0,0,0,0,0.0
1,1,1,59384,134,12.043559228607853,0,1.0,0,0,0,31.0
1,1,1,4499,1,12.04326338862002,0,1.0,0,0,0,0.0
1,7,3,425107,35408,12.04293766676538,0,271.0,0,0,0,0.0
1,1,1,10923,3724,12.042883860392273,0,1.0,0,0,0,0.0
0,1,1,4565,37,12.042647182064387,0,1.0,0,0,0,0.0
0,1,1,121430,29720,12.042308880038886,0,1.0,0,0,0,0.0
0,1,1,243,825,12.040583463657413,0,1.0,0,0,0,0.0
1,1,1,328261,12731,12.0405821961339,1,2.0,0,0,0,0.0
0,1,1,9261,80,12.039846208606331,0,1.0,0,0,0,0.0
0,1,1,5,1,12.03948005275164,0,1.0,0,1,0,628.0
0,1,1,80935,10155,12.038999978221256,0,3.0,0,0,0,0.0
0,1,1,5828,11,12.038616964303849,0,1.0,0,0,0,0.0
0,1,1,107675,30696,12.038377814305116,0,1.0,0,0,0,0.0
1,1,1,10766,553,12.038225774859784,0,1.0,0,0,0,0.0
1,1,1,82655,36852,12.037947838641568,0,3.0,0,0,0,0.0
0,1,1,1605,1318,12.037659572106724,0,1.0,0,0,0,0.0
0,1,1,13260,4818,12.037602977181889,0,1.0,0,0,0,0.0
0,1,1,73639,1182,12.03759077726808,0,1.0,0,0,0,0.0
0,1,1,242778,36076,12.036854599611983,0,3.0,0,0,0,0.0
0,1,1,27005,996,12.036231643493648,0,1.0,0,0,0,0.0
1,1,1,969,44,12.035716902195198,0,1.0,0,0,0,0.0
0,1,1,5145,476,12.035430790450324,0,1.0,0,1,0,76.4
0,1,1,3884,6758,12.034447318956929,0,1.0,0,0,0,0.0
0,1,1,31467,1008,12.034380583843992,0,1.0,0,0,0,40.0
0,1,1,148248,22690,12.033416410396072,0,1.0,0,0,0,98.5
0,1,1,63984,3590,12.032593344003192,0,1.0,0,0,0,0.0
0,2,2,3158,78,12.03206164957776,0,13.0,0,0,0,0.0
0,1,1,110735,126,12.031896174383196,0,1.0,0,0,0,0.0
1,1,1,83159,2419,12.03028502524638,0,1.0,0,0,0,0.0
0,2,2,10622,116,12.029543714120058,1,11.0,0,0,0,0.0
1,1,1,6906,4001,12.02947425383157,0,1.0,0,0,0,0.0
1,1,1,10697,5368,12.02943584786914,0,1.0,0,0,0,0.0
0,1,1,363,86,12.027647530633354,0,1.0,0,0,0,0.0
1,1,1,1541,2895,12.02740508507349,0,1.0,0,0,0,0.0
1,1,1,26,1,12.026965793112124,0,1.0,0,0,0,0.0
0,1,1,16445,5093,12.026797054044511,0,1.0,0,0,0,0.0
1,1,1,10383,1,12.026629740940855,0,1.0,0,0,0,0.0
0,1,1,2089,1210,12.026290805153597,0,1.0,0,0,0,0.0
0,1,1,1075,4,12.02539200423084,0,1.0,0,0,0,0.0
0,1,1,79726,67,12.024508540342584,0,1.0,0,0,0,0.0
0,1,1,37820,9789,12.02410578474647,0,5.0,0,0,0,0.0
1,1,1,5809,507,12.023476839579535,0,1.0,0,0,0,0.0
1,1,1,10604,1225,12.023203783326842,0,1.0,0,0,0,0.0
1,1,1,4313,8306,12.02315888130641,0,1.0,0,0,0,0.0
0,7,3,50556,1027,12.02232795626775,0,130.0,0,3,25,196.0
0,1,1,3034,1,12.022002012596497,0,1.0,0,0,0,0.0
0,1,1,1117,1,12.021773224602478,0,1.0,0,0,0,0.0
1,1,1,35261,3966,12.021617572715137,0,1.0,0,0,0,0.0
1,1,1,81973,9292,12.021112401219204,0,1.0,0,0,0,0.0
0,1,1,5368,725,12.021082487664309,0,1.0,0,0,0,0.0
1,1,1,46844,2986,12.020956812708038,0,4.0,0,0,0,10.5
1,1,1,10081,60,12.020735091157604,0,1.0,0,0,0,0.0
0,1,1,40950,1151,12.020502088647904,0,3.0,0,0,0,0.0
1,1,1,3435,1,12.020014123783657,0,1.0,0,0,0,0.0
1,1,1,11922,253,12.01996478543093,0,1.0,0,0,0,0.0
0,1,1,251,1,12.019671448802036,0,1.0,0,0,0,0.0
0,1,1,223806,704,12.019624613808247,0,1.0,0,0,0,0.0
0,1,1,2981,249,12.018910617813622,0,1.0,0,0,0,0.0
1,1,1,71480,1012,12.01886701500479,0,5.0,0,0,23,123.72727272727272
1,1,1,21361,11736,12.018836943009454,0,6.0,0,0,0,0.0
0,1,1,723,1918,12.01870971533688,0,1.0,0,0,0,0.0
0,2,2,1471,1,12.018478423983924,0,10.0,0,0,0,0.0
1,1,1,151,553,12.018176373130885,0,1.0,0,0,0,0.0
0,1,1,6515,19,12.018103078583769,0,1.0,0,0,0,0.0
1,1,1,17450,496,12.017382301338351,0,1.0,0,0,0,0.0
0,1,1,15496,18,12.016887618599489,0,1.0,0,0,0,0.0
1,1,1,3539,1,12.016764098433187,0,1.0,0,0,0,0.0
0,1,1,138079,872,12.016661967726163,0,2.0,0,0,0,16.0
1,1,1,6119,2777,12.0165066327197,0,1.0,0,0,0,0.0
1,1,1,1,1,12.016452889722766,0,1.0,0,0,0,0.0
1,1,1,45720,2411,12.016346798004763,0,2.0,0,0,19,38.0
1,1,1,1877,1,12.015815515524476,0,2.0,0,0,0,0.0
0,1,1,10543,721,12.015348686614798,0,3.0,0,0,0,0.0
0,1,1,15490,160,12.015080225134838,0,1.0,0,0,0,0.0
0,1,1,221,28,12.013791692420057,0,1.0,0,0,0,0.0
0,1,1,395195,30219,12.013708542877632,1,2.0,0,0,0,55.0
1,1,1,48503,50818,12.013657778560953,0,3.0,0,0,0,0.0
1,1,1,50656,933,12.01347604737734,0,1.0,0,0,0,0.0
0,1,1,6911,2210,12.013194118460058,0,1.0,0,0,0,0.0
1,1,1,20196,290,12.01302246408837,0,5.0,0,0,0,59.0
0,1,1,6409,4598,12.012773490782417,0,1.0,0,0,0,0.0
1,1,1,9783,268,12.012586245871525,0,2.0,0,0,0,0.0
1,1,1,74497,7093,12.01244105105316,0,1.0,0,0,0,0.0
0,1,1,2395,847,12.012381826017034,0,1.0,0,0,0,0.0
0,1,1,199993,34119,12.01209615790539,0,1.0,0,0,0,0.0
1,1,1,503358,4809,12.012003723753237,1,6.0,0,0,0,0.0
0,1,1,2305,814,12.01165883060547,0,1.0,0,0,0,0.0
1,1,1,46,1,12.010797928635736,0,2.0,0,0,0,0.0
0,1,1,822,271,12.010333508020736,0,4.0,0,0,0,0.0
0,1,1,5310,3085,12.009974101728748,0,1.0,0,0,0,0.0
1,1,1,25898,2351,12.009942857274163,0,1.0,0,0,0,0.0
1,1,1,14300,93,12.009705069863209,0,1.0,0,0,0,0.0
0,1,1,40138,582,12.009683553651582,0,3.0,0,5,55,551.0666666666667
0,1,1,3,1,12.008420276342788,0,1.0,0,0,0,0.0
0,1,1,55130,379,12.007768896009685,0,1.0,0,0,0,0.0
0,1,1,26403,1508,12.007652030341823,0,9.0,0,2,43,52.875
1,1,1,43855,11602,12.006846899406645,0,1.0,0,0,0,0.0
0,1,1,4914,466,12.005670225641849,0,1.0,0,1,0,220.0
1,1,1,15061,9177,12.005587171163686,0,1.0,0,0,0,0.0
1,6,3,93602,286,12.005532699340732,0,96.0,0,0,0,0.0
1,4,2,27151,352,12.004658741878822,0,38.0,0,0,0,0.0
1,1,1,2862,2076,12.004589249902248,0,1.0,0,0,0,0.0
0,1,1,665,1,12.004492189289271,0,2.0,0,0,0,0.0
0,1,1,18691,1415,12.003006429915937,0,1.0,0,0,0,0.0
1,1,1,997,2030,12.002381477448068,0,1.0,0,0,0,0.0
1,1,1,83601,14536,12.001518008743224,0,1.0,0,0,0,0.0
1,1,1,12953,806,12.000512925973938,0,1.0,0,0,0,0.0
1,1,1,9189,977,11.999942635457549,0,2.0,0,0,0,33.0
1,1,1,10757,5708,11.999662797954064,0,1.0,0,0,0,0.0
0,1,1,28558,879,11.999468708416202,1,1.0,0,0,0,0.0
1,1,1,2209,4573,11.998778129918472,0,1.0,0,0,0,0.0
1,1,1,1673,2999,11.998549468676805,0,1.0,0,0,0,0.0
1,1,1,16212,902,11.998384056858416,0,2.0,0,0,0,0.0
0,1,1,64942,373,11.997763667475192,0,2.0,0,0,0,0.0
0,1,1,29816,7588,11.99755525492164,0,1.0,0,0,0,0.0
1,1,1,6478,248,11.997432558645624,0,1.0,0,0,0,0.0
0,1,1,9,1,11.996966109993002,0,1.0,0,0,0,0.0
0,1,1,31705,25469,11.996750630995866,0,1.0,0,0,0,0.0
0,1,1,351,22,11.996529036197783,0,1.0,0,0,0,0.0
1,1,1,31248,22,11.996273186576772,0,1.0,0,0,0,0.0
1,1,1,4166,1,11.996157208175372,0,1.0,0,0,0,0.0
1,1,1,6431,692,11.994697718226837,0,1.0,0,0,0,0.0
0,1,1,30371,240,11.994623473037086,0,3.0,0,0,0,0.0
0,1,1,1175,788,11.993793276824446,0,1.0,0,0,0,0.0
1,1,1,172,2,11.992263375944786,0,1.0,0,0,0,0.0
0,1,1,181561,45393,11.99225979519086,0,6.0,0,0,0,0.0
0,1,1,4492,1487,11.991795184447334,0,1.0,0,0,0,0.0
0,1,1,3875,42,11.991400731130224,0,1.0,0,0,0,0.0
1,1,1,6201,27,11.991229488703675,0,1.0,0,0,0,0.0
1,1,1,4581,6706,11.990764561079269,0,2.0,0,0,0,0.0
1,3,2,19084,4443,11.990307175219762,0,21.0,0,0,0,0.0
0,1,1,438,4,11.988719887213067,0,1.0,0,0,0,0.0
0,1,1,29228,7734,11.988626850987249,0,1.0,0,0,0,0.0
1,2,2,44328,2467,11.988207522521204,0,14.0,0,8,44,110.71641791044776
1,1,1,8201,3,11.988077759801604,0,3.0,0,0,0,0.0
1,7,3,86958,4948,11.988022147207491,1,216.0,1,30,52,267.68503937007875
1,1,1,659,10,11.987106836790984,0,1.0,0,0,0,0.0
1,1,1,1683,316,11.987073532610692,0,1.0,0,1,0,66.0
0,7,3,135613,11595,11.986842209569648,0,177.0,0,47,54,94.392
0,1,1,3774,588,11.9867364981087,0,1.0,0,0,0,0.0
0,1,1,55747,18545,11.986335960678732,0,1.0,0,1,0,179.0
0,1,1,30731,4195,11.985224089053514,0,2.0,0,0,0,0.0
1,1,1,4674,480,11.983919300349683,0,1.0,0,0,0,0.0
1,1,1,32546,1336,11.983809247620703,0,1.0,0,0,0,21.5
1,1,1,1626,958,11.98370638808766,0,1.0,0,0,0,0.0
0,1,1,644464,110003,11.983618643772504,0,8.0,0,0,0,0.0
1,1,1,68389,2815,11.982701907392045,0,5.0,0,2,25,59.0
1,1,1,60259,861,11.982535513242931,0,3.0,0,0,0,0.0
1,1,1,1740,1,11.982081581384996,0,1.0,0,0,0,0.0
0,1,1,7235,3076,11.981977169135648,0,2.0,0,0,0,0.0
0,1,1,422,9,11.981594250282503,0,1.0,0,0,0,0.0
0,1,1,17236,11585,11.981504668058252,0,1.0,0,0,0,0.0
1,1,1,144408,25247,11.981316979514132,1,1.0,0,0,0,0.0
1,1,1,1469,1,11.981248343115926,0,3.0,0,0,0,0.0
1,1,1,49051,5824,11.98081456488184,0,4.0,0,0,0,323.0
1,1,1,3193,40,11.980734330643497,0,1.0,0,0,0,0.0
1,1,1,86764,58,11.980379233931451,0,5.0,0,1,18,181.75
0,1,1,17835,386,11.979844846018556,0,2.0,0,0,0,0.0
1,1,1,71143,4606,11.978524688592136,0,1.0,0,0,0,37.0
0,1,1,6041,3,11.977192394628082,0,3.0,0,0,0,0.0
0,1,1,332805,73303,11.977117579052752,0,2.0,0,0,0,0.0
0,1,1,18034,1,11.976506410903085,0,1.0,0,0,0,0.0
0,1,1,15219,3607,11.975515397644788,0,1.0,0,0,0,0.0
0,1,1,41016,1896,11.975266551091185,0,1.0,0,0,0,0.0
0,1,1,18453,504,11.974747658653229,0,1.0,0,1,18,127.75
0,1,1,13648,3,11.972856893829542,0,1.0,0,0,0,692.0
0,1,1,1047,554,11.972230230204932,0,1.0,0,0,0,0.0
1,1,1,36525,3013,11.97221765003407,0,1.0,0,0,0,0.0
0,1,1,32246,240,11.972173635280097,0,2.0,0,0,1,63.75
1,1,1,1041,45,11.97092186074718,0,7.0,0,0,0,0.0
1,1,1,17219,3398,11.970864917253376,0,1.0,0,0,0,0.0
1,1,1,78186,8650,11.97082876114518,0,1.0,0,0,0,0.0
1,1,1,875,408,11.970680048949069,0,1.0,0,0,0,0.0
0,1,1,5906,1,11.970479526729385,0,1.0,0,0,0,0.0
1,1,1,57988,39784,11.96973951481466,0,1.0,0,0,0,0.0
0,1,1,5881,25,11.969536806116915,0,1.0,0,0,0,0.0
0,1,1,22626,840,11.96938885443491,0,1.0,0,0,0,0.0
0,1,1,101479,1,11.96901718485294,0,1.0,0,0,0,0.0
1,1,1,66415,5443,11.96858217078343,0,1.0,0,0,0,0.0
1,1,1,1388,16,11.968517146827237,0,1.0,0,0,0,0.0
0,1,1,965,1,11.967788606000305,0,2.0,0,0,0,0.0
1,1,1,175978,288370,11.966962465862904,0,1.0,0,0,0,0.0
1,1,1,33123,2429,11.966835333254592,0,1.0,0,0,0,0.0
1,1,1,18284,1373,11.96668028344092,0,1.0,0,0,0,7.0
1,1,1,6511,1,11.966124125811696,0,1.0,0,0,0,0.0
0,1,1,20582,1876,11.964754313151673,0,3.0,0,0,30,102.33333333333331
1,2,2,58346,955,11.964515068088676,0,10.0,0,0,0,0.0
1,2,2,49561,3644,11.964448364663824,0,15.0,0,19,51,164.77777777777777
1,1,1,9456,378,11.964377953732702,0,1.0,0,2,5,253.25
1,1,1,5346,505,11.963214430524348,0,1.0,0,0,0,0.0
0,1,1,16794,8,11.96307902732512,0,2.0,0,0,0,0.0
0,1,1,1412,27,11.963001930207469,0,1.0,0,0,0,0.0
0,1,1,35,1,11.962925435163484,0,1.0,0,1,0,74.0
0,1,1,4273,53,11.962248450855425,0,1.0,0,0,0,0.0
0,1,1,38348,13278,11.961956983823711,0,1.0,0,0,0,0.0
1,1,1,3106,4392,11.961807162544526,0,1.0,0,0,0,0.0
1,1,1,100329,78,11.96160096815712,0,5.0,0,17,42,60.89411764705882
0,1,1,3661,1,11.961535405503431,0,1.0,0,0,0,0.0
0,1,1,1153,928,11.961464962884223,0,3.0,0,0,0,0.0
1,1,1,2054,1,11.961370247189748,0,3.0,0,0,0,0.0
0,1,1,166508,34394,11.96108996605303,0,2.0,0,0,0,0.0
0,1,1,9440,35,11.961042624049837,0,2.0,0,0,0,0.0
1,1,1,11382,538,11.960520657867365,0,1.0,0,0,0,0.0
0,1,1,1054,95,11.960471794835955,0,1.0,0,0,0,0.0
1,1,1,672,1,11.960049392625397,0,1.0,0,0,0,0.0
1,1,1,2513,69,11.958928077950008,0,1.0,0,0,0,0.0
0,1,1,31007,2558,11.958317765378707,0,1.0,0,2,1,322.5
0,1,1,6524,1,11.958154920295431,0,6.0,0,0,0,0.0
0,1,1,875,951,11.957831765175904,0,1.0,0,0,0,0.0
1,1,1,751,15,11.957434935252213,0,1.0,0,0,0,0.0
1,1,1,2832,50,11.9566746112732,0,1.0,0,0,0,0.0
0,1,1,6030,2876,11.956176316092323,0,1.0,0,0,0,0.0
0,1,1,59981,70921,11.955716775442848,0,1.0,0,0,0,0.0
1,1,1,94,1,11.955534378809388,0,1.0,0,0,0,0.0
1,1,1,40920,16770,11.95449659393348,0,1.0,0,0,0,0.0
1,1,1,2417,4,11.954111742106978,0,1.0,0,0,0,0.0
0,1,1,50305,5028,11.953751004915302,0,1.0,0,0,0,0.0
0,1,1,60585,3129,11.95361769312987,0,2.0,0,4,47,58.33962264150944
0,1,1,928,3295,11.952955285342204,0,2.0,0,0,28,119.875
0,6,3,491004,7117,11.952523028136332,0,61.0,0,31,47,96.37837837837836
1,2,2,8693,2530,11.951443319920246,1,14.0,0,0,0,0.0
0,1,1,3574,1,11.950760505004029,0,2.0,0,0,0,23.0
1,1,1,274,1059,11.950050058075238,0,2.0,0,0,0,0.0
0,1,1,127185,1,11.949704055844396,0,1.0,0,0,0,0.0
1,1,1,63820,1011,11.948408108117066,0,2.0,0,0,10,77.14285714285714
1,1,1,9453,4977,11.948371698504168,0,1.0,0,0,0,0.0
1,1,1,1214,6109,11.948080611729509,0,3.0,0,0,0,0.0
0,1,1,6475,2211,11.948055641516312,0,1.0,0,0,0,0.0
0,1,1,49263,104437,11.947789049633531,0,1.0,0,0,0,0.0
0,1,1,46414,5479,11.947677063931197,0,1.0,0,0,0,0.0
0,1,1,141124,3676,11.947398620703575,0,1.0,0,0,0,41.0
0,1,1,38490,789,11.9473153444088,0,1.0,0,0,0,0.0
1,1,1,48858,5629,11.945725964988313,0,3.0,0,0,0,0.0
1,1,1,2376,1082,11.945372547744922,0,1.0,0,0,0,0.0
1,1,1,83148,1538,11.945021602172382,0,1.0,0,0,0,0.0
1,1,1,8901,1544,11.944997804418431,0,1.0,0,1,0,155.66666666666666
0,1,1,40519,1773,11.944911676195757,0,2.0,0,0,0,0.0
1,1,1,66380,5244,11.944758305850735,0,1.0,0,0,0,0.0
0,1,1,992593,116245,11.94427461887834,0,4.0,0,0,0,0.0
1,1,1,14597,6283,11.94413607855842,0,1.0,0,0,0,0.0
1,1,1,51491,1446,11.942972523661975,0,1.0,0,0,0,0.0
1,1,1,3502,1,11.942811009478389,0,1.0,0,0,0,0.0
0,1,1,67414,19094,11.942764554741652,0,1.0,0,0,0,0.0
0,1,1,691,1,11.942677380812077,0,4.0,0,1,0,105.0
1,1,1,4758,111,11.942626965064363,0,1.0,0,1,18,217.71428571428572
1,1,1,50051,547,11.942602628612924,0,1.0,0,0,0,0.0
0,1,1,22227,3076,11.942350391433925,0,5.0,0,1,48,54.48
0,1,1,107930,1248,11.942218347172002,0,9.0,0,32,50,56.01428571428571
1,1,1,57757,1,11.942128796635838,0,1.0,0,0,0,0.0
0,1,1,175802,17529,11.941672488171315,0,1.0,0,0,0,0.0
1,1,1,243908,26878,11.94087182525652,1,1.0,0,0,0,0.0
0,1,1,47,1,11.940838552764315,0,1.0,0,0,0,0.0
0,1,1,97415,3596,11.94014471039354,0,2.0,0,0,0,0.0
1,1,1,12769,11883,11.939543650743882,0,1.0,0,0,0,0.0
0,1,1,109504,11290,11.939491428775163,0,3.0,0,0,0,0.0
1,1,1,103981,3689,11.939342399698177,0,2.0,0,0,0,0.0
0,1,1,117934,36041,11.93932015466053,0,1.0,0,0,0,0.0
1,1,1,8348,1,11.938646719418308,0,1.0,0,0,0,0.0
0,1,1,5150,2201,11.938632554843052,0,1.0,0,0,0,0.0
0,1,1,2968,478,11.9372560559965,0,1.0,0,0,0,0.0
0,1,1,68009,7310,11.936157429991988,0,1.0,0,0,0,0.0
1,1,1,512,58,11.935781482518165,0,4.0,0,7,31,322.2
1,1,1,69145,4163,11.934744679972974,0,2.0,0,0,0,77.0
0,1,1,3831,191,11.934521912715642,0,6.0,0,0,0,0.0
1,1,1,9585,40215,11.934383023826753,0,1.0,0,0,0,0.0
0,1,1,831,649,11.934250662683954,0,3.0,0,0,0,0.0
1,1,1,26487,4030,11.93401791367896,0,1.0,0,0,0,0.0
1,1,1,12075,21549,11.933535842799046,0,1.0,0,0,0,0.0
1,1,1,303864,20093,11.93338038104023,0,1.0,0,0,0,0.0
1,1,1,13947,762,11.932794721801251,0,1.0,0,0,0,0.0
1,1,1,12013,3,11.932094636877176,0,1.0,0,0,0,0.0
0,1,1,6943,683,11.93200892059964,0,1.0,0,0,0,0.0
0,1,1,2736,6,11.930539290463,0,1.0,0,0,0,0.0
1,1,1,6751,22085,11.9294648107814,0,1.0,0,0,0,0.0
1,2,2,1194,1,11.92943090452744,0,13.0,0,13,49,161.34285714285716
1,1,1,11699,20411,11.929215615658832,0,1.0,0,0,0,0.0
1,1,1,215715,15392,11.92862637566593,0,1.0,0,0,0,0.0
0,1,1,457653,559748,11.926651795849974,0,1.0,0,0,0,0.0
1,1,1,-7,1,11.926339636496918,0,1.0,0,0,0,0.0
0,1,1,4265,473,11.926187026666003,0,2.0,0,0,0,0.0
1,1,1,210,1,11.92605289099029,0,1.0,0,0,0,0.0
0,1,1,48498,995,11.925372325928308,0,2.0,0,0,0,0.0
0,1,1,58642,8537,11.923466160693945,1,1.0,0,0,0,0.0
1,1,1,5327,214,11.923319001214134,0,1.0,0,0,0,0.0
0,1,1,433201,7808,11.923038783453594,0,1.0,0,3,44,21.5
0,1,1,217,1,11.922859333812305,0,1.0,0,0,0,0.0
0,1,1,48749,17203,11.92255496972885,0,1.0,0,0,0,0.0
0,1,1,54585,68564,11.92225922480528,0,1.0,0,0,0,0.0
0,1,1,28505,1237,11.921504953251045,0,1.0,0,0,0,0.0
0,1,1,185031,10197,11.920799322911602,0,4.0,0,0,0,0.0
0,1,1,2512,718,11.920470780817146,0,6.0,0,0,0,0.0
1,1,1,15251,138,11.920143506246202,0,1.0,0,1,9,69.66666666666667
0,1,1,8,38,11.919841994090651,0,1.0,0,0,0,0.0
1,1,1,35182,12436,11.917953352368848,0,1.0,0,0,0,34.0
1,1,1,58717,520,11.91771962103313,0,2.0,0,0,15,98.33333333333331
0,1,1,239,804,11.917690721497046,0,1.0,0,0,0,0.0
0,1,1,369,2,11.917577658399724,0,1.0,0,0,0,0.0
0,1,1,43256,2419,11.917363732118892,0,1.0,0,0,0,0.0
1,1,1,221421,6351,11.91722880424098,0,3.0,0,0,0,0.0
1,1,1,38136,3206,11.915368618422033,0,2.0,0,1,16,134.14285714285714
1,1,1,11267,4310,11.914241916771717,0,1.0,0,1,39,43.5
0,1,1,37081,226,11.914099478816992,0,1.0,0,0,0,0.0
1,1,1,1923,474,11.91395412555819,0,2.0,0,0,0,0.0
0,1,1,46059,197,11.9139109346945,0,2.0,0,0,0,0.0
1,1,1,3064,3288,11.912900908583516,0,1.0,0,0,0,0.0
1,1,1,5134,207,11.912641129639615,0,2.0,0,0,0,0.0
1,1,1,40089,43,11.912540012951402,0,1.0,0,0,0,2.0
1,1,1,1149,668,11.91235650723487,0,1.0,0,0,0,0.0
0,2,2,43153,5036,11.911907772223335,0,13.0,0,0,0,0.0
0,1,1,1976,92,11.91170766194879,0,2.0,0,1,53,85.33333333333333
1,1,1,2560,30,11.911256455266406,0,1.0,0,0,0,0.0
0,1,1,16105,315,11.911129195905746,0,1.0,0,0,0,0.0
1,1,1,75,125,11.911070826447991,0,2.0,0,0,0,0.0
0,1,1,6441,3756,11.910947274593603,0,1.0,0,0,0,0.0
0,1,1,15371,17024,11.910171106570688,0,1.0,0,0,0,29.0
0,1,1,105662,640,11.9098962124089,0,1.0,0,0,0,0.0
1,1,1,76901,5843,11.909858281767788,0,1.0,0,0,0,0.0
1,1,1,23116,2768,11.909780931145434,0,1.0,0,0,0,0.0
0,1,1,133,3,11.907196007070093,0,1.0,0,0,0,0.0
0,1,1,1083,2724,11.907149172076304,0,1.0,0,0,0,0.0
1,1,1,56038,211,11.906916993456887,0,1.0,0,0,0,0.0
0,1,1,648,202,11.906875418685678,0,3.0,0,0,0,0.0
1,1,1,23643,310,11.906591271602249,0,1.0,0,0,0,0.0
1,1,1,44444,5010,11.906417874385731,0,1.0,0,0,0,91.0
1,1,1,5899,248,11.90560640583299,0,1.0,0,0,0,0.0
0,1,1,42942,247,11.905600416784392,0,6.0,0,0,0,0.0
1,1,1,4626,120,11.904372028060282,0,2.0,0,0,0,168.33333333333334
1,1,1,3125,231,11.90387151471326,0,1.0,0,0,0,0.0
0,1,1,447,7,11.903588761905697,0,1.0,0,0,0,0.0
1,1,1,10908,218,11.9030608700508,0,1.0,0,2,7,29.5
0,1,1,20291,2028,11.90270022792339,0,2.0,0,0,9,37.333333333333336
0,1,1,3637,2578,11.9021073121123,0,1.0,0,0,0,0.0
1,1,1,181,1,11.9016909940146,0,2.0,0,0,0,0.0
1,1,1,128653,43300,11.901411853649046,0,8.0,0,3,35,340.3333333333333
0,1,1,3950,463,11.901298537047024,0,1.0,0,0,0,0.0
1,1,1,23686,266,11.900378821986308,0,1.0,0,0,0,0.0
1,1,1,994,3294,11.900333254516031,0,1.0,0,0,0,0.0
0,1,1,10802,1767,11.900148988285396,0,1.0,0,0,0,47.0
0,1,1,8198,918,11.899834103756788,0,1.0,0,0,0,0.0
0,1,1,41019,15291,11.898975261512762,1,2.0,0,1,0,217.5
1,1,1,20,1,11.898240858389585,0,1.0,0,0,0,0.0
1,1,1,3410,4873,11.898132168248384,0,2.0,0,0,0,0.0
1,1,1,25808,7909,11.897417475115825,0,1.0,0,0,11,248.0
1,1,1,20517,2581,11.89715557307004,0,1.0,0,1,0,354.0
0,1,1,2412,264,11.896867750168427,0,1.0,0,0,0,0.0
0,1,1,507,9,11.895793999312849,0,1.0,0,0,0,0.0
1,1,1,4906,6,11.895762913298704,0,1.0,0,0,0,0.0
0,1,1,105138,177605,11.895665916061905,0,1.0,0,0,0,0.0
1,1,1,130,92,11.895628872687247,0,1.0,0,1,0,234.0
0,1,1,604,165,11.895110233753998,0,1.0,0,0,0,0.0
0,1,1,4264,3,11.89348691639146,0,2.0,0,0,0,0.0
1,1,1,9460,91,11.892586372623873,0,1.0,0,0,0,0.0
1,1,1,3257,2664,11.89113882908444,0,1.0,0,0,0,0.0
0,1,1,3532,37,11.891052193852357,0,1.0,0,0,0,0.0
0,1,1,5263,3142,11.890602603262453,0,1.0,0,0,0,0.0
1,1,1,22473,7200,11.890351031533296,0,1.0,0,0,0,0.0
0,1,1,45733,248,11.890035037921615,0,1.0,0,0,0,0.0
1,1,1,5059,72,11.889634183610768,0,1.0,0,0,0,0.0
1,1,1,19641,1787,11.889613681417952,0,1.0,0,0,0,0.0
0,1,1,265598,60517,11.886457547871675,0,1.0,0,0,0,0.0
1,1,1,10822,100,11.885918279993255,0,1.0,0,0,0,0.0
1,1,1,1838,3000,11.88467981445722,0,2.0,0,0,0,0.0
0,1,1,7109,724,11.884478658475777,0,1.0,0,0,0,0.0
1,1,1,760,2034,11.88394179889203,0,6.0,0,0,0,0.0
1,1,1,9898,337,11.883637434808575,0,4.0,0,0,0,0.0
1,1,1,5981,219,11.883166423071309,0,1.0,0,0,0,0.0
1,1,1,139972,38412,11.88224170129272,0,4.0,0,0,0,0.0
1,1,1,5964,391,11.882212548251932,0,9.0,0,4,28,59.0
1,1,1,1828,2005,11.882123219532383,0,1.0,0,0,0,0.0
0,1,1,290,45,11.88015890665688,0,1.0,0,0,0,0.0
1,1,1,171731,11,11.879591563132657,0,1.0,0,0,0,0.0
1,1,1,165,171,11.879145236415797,0,1.0,0,0,0,0.0
0,2,2,10210,1,11.87898904583096,0,10.0,0,0,0,0.0
0,1,1,40888,1748,11.87862276322392,0,1.0,0,0,0,0.0
0,1,1,3044,71,11.87858939566745,0,1.0,0,0,0,0.0
0,1,1,65167,235,11.878302776913172,0,2.0,0,1,0,121.0
1,1,1,10162,96,11.877467003597078,0,1.0,0,0,0,0.0
0,1,1,97560,8181,11.877442825586076,0,2.0,0,0,0,0.0
1,1,1,75500,8487,11.877251619664206,0,5.0,0,0,0,97.0
0,1,1,7547,2511,11.877087570433591,0,1.0,0,0,0,0.0
0,1,1,130688,3276,11.87641150508008,0,2.0,0,0,0,0.0
0,1,1,7774,5,11.875933933908636,0,1.0,0,0,0,0.0
1,1,1,106541,10260,11.874240300679238,0,2.0,0,0,0,57.0
1,1,1,15472,1,11.873865937609803,0,4.0,0,0,0,0.0
0,1,1,153327,23,11.873716750092376,0,2.0,0,0,0,0.0
1,2,2,7132,37,11.872786261081805,0,11.0,0,0,0,148.0
0,1,1,8141,853,11.872762938649172,0,3.0,0,0,0,0.0
0,1,1,336418,12345,11.872593248938928,0,1.0,0,0,0,0.0
1,1,1,4762,2,11.871448865335614,0,1.0,0,0,0,0.0
1,1,1,17924,6904,11.871427412500164,0,1.0,0,0,0,0.0
0,1,1,39184,11106,11.87133295031039,0,1.0,0,0,0,9.0
1,1,1,7463,1720,11.871232752576722,0,2.0,0,0,0,0.0
0,1,1,682,1,11.871097919763072,0,1.0,0,0,0,0.0
0,1,1,186,234,11.8709569077723,0,1.0,0,0,0,0.0
0,1,1,5014,455,11.870722701115268,0,2.0,0,0,0,89.0
1,1,1,8757,6340,11.870530607926938,0,1.0,0,0,0,0.0
1,1,1,16944,293,11.870311326359266,0,2.0,0,0,0,0.0
1,1,1,162,1,11.868804050774305,0,1.0,0,0,0,0.0
1,1,1,137,1,11.868179478563489,0,1.0,0,0,0,0.0
1,1,1,40239,7032,11.867723328539403,0,5.0,0,0,0,0.0
0,1,1,1867,129,11.866970894894262,0,3.0,0,0,0,0.0
0,1,1,6897,540,11.866455202953176,0,3.0,0,0,0,123.5
0,1,1,3265,1,11.865173039544043,0,3.0,0,0,0,0.0
0,1,1,21057,520,11.864106830453366,0,1.0,0,0,0,0.0
1,1,1,876,1,11.863812860062716,0,1.0,0,0,0,0.0
1,1,1,78476,7107,11.863482606811518,0,2.0,0,0,0,0.0
1,1,1,55109,1589,11.8625387137398,0,1.0,0,0,4,157.0
1,1,1,14509,608,11.861523173901537,0,2.0,0,0,0,0.0
0,1,1,2624,4,11.861242734324383,0,1.0,0,0,0,0.0
1,1,1,267,110,11.860618257177832,0,1.0,0,0,0,0.0
1,7,3,170164,9313,11.860034752728824,1,477.0,0,40,52,108.28497409326424
1,1,1,2259,30,11.859774244958905,0,1.0,0,0,0,0.0
1,1,1,43782,146,11.859152207795116,0,1.0,0,0,0,0.0
1,1,1,21777,531,11.85898819025259,0,2.0,0,0,0,0.0
0,1,1,11586,573,11.85721752328172,0,1.0,0,1,40,58.333333333333336
0,1,1,13858,595,11.857024542826933,0,1.0,0,0,0,0.0
1,1,1,2799,343,11.85697526785038,0,3.0,0,0,0,0.0
1,1,1,35359,12955,11.856915504116763,0,1.0,0,1,0,183.0
1,1,1,47232,1158,11.856321257405986,0,1.0,0,0,0,0.0
0,1,1,5839,909,11.85599401452313,0,1.0,0,0,0,0.0
0,1,1,31290,765,11.85531588944391,0,8.0,0,0,0,0.0
0,1,1,19354,5803,11.85524123230902,0,1.0,0,0,0,0.0
0,1,1,237,178,11.854515765226608,0,1.0,0,0,0,0.0
1,1,1,315,1,11.851795881585264,0,2.0,0,0,0,0.0
0,1,1,12557,585,11.851720051991126,1,4.0,0,0,0,0.0
0,1,1,94,1,11.851582620754275,0,1.0,0,0,0,0.0
0,1,1,6,1,11.850996327753542,0,1.0,0,0,0,0.0
0,1,1,129911,8015,11.849624835624862,0,7.0,0,0,0,0.0
1,1,1,56374,1813,11.84950933254478,0,1.0,0,0,0,0.0
0,1,1,23395,6605,11.849290557986512,0,1.0,0,3,51,52.370370370370374
1,1,1,23929,6561,11.84887845440449,0,1.0,0,1,3,124.66666666666669
0,1,1,106,1,11.848024460437902,0,1.0,0,1,0,274.0
0,1,1,159014,5867,11.846510276849797,0,1.0,0,0,0,0.0
0,1,1,249277,30813,11.84647833525728,0,7.0,0,0,0,0.0
0,1,1,5149,1275,11.846416131540902,0,2.0,0,0,0,0.0
1,3,2,10173,6121,11.846355955862142,0,22.0,0,0,0,0.0
0,1,1,190326,12132,11.845907125786344,0,6.0,0,0,0,0.0
0,1,1,2125,2584,11.845674059900473,0,1.0,0,0,0,0.0
0,6,3,26605,4942,11.845490205614976,0,80.0,0,10,42,85.73076923076923
1,6,3,7968,1,11.84540737295343,0,55.0,0,0,0,0.0
1,1,1,13845,3275,11.845108237404466,0,3.0,0,0,0,0.0
1,1,1,140,57,11.84381019826334,0,1.0,0,0,0,0.0
1,1,1,8472,1465,11.843611038631428,0,1.0,0,0,0,0.0
0,1,1,58504,2028,11.842574426214767,0,2.0,0,0,0,0.0
1,1,1,591,1229,11.84220589375349,0,1.0,0,0,0,0.0
1,1,1,22022,492,11.842085922653029,0,3.0,0,0,0,0.0
0,1,1,2826,876,11.84141514921018,0,1.0,0,1,23,88.83333333333333
0,1,1,9646,127,11.840831169439854,0,1.0,0,0,0,0.0
0,6,3,148299,13301,11.840269276266737,0,88.0,0,0,0,0.0
0,1,1,168,90,11.8401635331177,0,1.0,0,0,0,0.0
0,1,1,29694,15286,11.838992214639743,0,3.0,0,7,38,121.11111111111111
0,1,1,14178,190,11.838663355664409,0,1.0,0,0,0,0.0
0,1,1,16802,7618,11.837578989299413,0,1.0,0,0,0,0.0
0,1,1,28585,383,11.837506613706845,0,2.0,0,0,13,53.78947368421053
0,1,1,3071,2,11.837082722156158,0,1.0,0,0,0,0.0
0,1,1,6007,1,11.83636844096874,0,1.0,0,0,0,0.0
1,2,2,22025,6697,11.835763166803403,0,14.0,0,0,0,0.0
0,1,1,14466,12996,11.835715761424035,0,2.0,0,0,0,23.857142857142858
1,1,1,45348,4683,11.835711388467915,0,1.0,0,0,0,0.0
1,1,1,25902,1706,11.83562624257596,0,1.0,0,0,0,0.0
1,1,1,7491,20,11.835254477929729,0,1.0,0,0,0,0.0
1,1,1,19795,5052,11.83468865543372,0,1.0,0,0,0,0.0
0,1,1,28765,2492,11.834491302022814,0,1.0,0,0,0,0.0
0,1,1,26590,8281,11.834286153342306,0,1.0,0,0,0,0.0
0,1,1,2256,642,11.833960273047229,0,1.0,0,0,0,0.0
0,1,1,59007,242,11.833085713511649,0,3.0,0,1,0,95.0
1,2,2,1465,1,11.832970305495827,0,12.0,0,0,0,0.0
1,1,1,6400,3891,11.832787813798108,0,2.0,0,0,0,0.0
0,1,1,19742,13064,11.832554431031356,0,2.0,0,0,0,0.0
1,1,1,5479,3454,11.832545590054856,0,1.0,0,0,0,0.0
1,1,1,770,39,11.8322849238445,0,1.0,0,0,0,0.0
0,1,1,18311,513,11.830625577126115,0,1.0,0,0,0,0.0
1,1,1,3649,1,11.830556718911296,0,2.0,0,0,0,0.0
1,1,1,114015,32382,11.830549494027276,0,1.0,0,0,0,0.0
1,1,1,8664,261,11.829912975407357,0,3.0,0,41,52,102.55882352941175
1,1,1,35051,12869,11.829617388924223,0,2.0,0,0,0,0.0
1,1,1,22264,2065,11.82875493423819,0,1.0,0,0,0,0.0
1,2,2,2208,5,11.828612179402588,0,13.0,0,0,0,0.0
0,1,1,14240,4173,11.827020835320656,0,2.0,0,0,0,0.0
1,1,1,14281,23269,11.825488367705882,0,4.0,0,0,0,0.0
0,1,1,7722,2399,11.825394380837428,0,2.0,0,0,0,0.0
1,1,1,25858,6082,11.825369505688492,0,1.0,0,0,0,0.0
1,1,1,308472,88421,11.82489000154369,0,1.0,0,1,35,50.333333333333336
1,1,1,30432,49,11.8246614036782,0,1.0,0,0,0,0.0
0,1,1,6028,1,11.824485788295537,0,1.0,0,0,0,0.0
1,1,1,474,153,11.8238893551067,0,1.0,0,0,0,0.0
1,2,2,56087,495,11.82194975893969,0,10.0,0,0,0,0.0
1,1,1,788541,133421,11.821045127408777,1,1.0,0,0,0,0.0
1,1,1,20220,3989,11.820974558037213,0,2.0,0,0,0,28.0
1,1,1,65784,390,11.820275138562982,0,1.0,0,2,13,43.75
1,1,1,8582,893,11.82012671155966,0,1.0,0,0,0,0.0
0,1,1,4816,411,11.819535506905314,0,5.0,0,0,0,0.0
0,6,3,7418,6,11.818896104669404,0,71.0,0,0,0,0.0
1,1,1,29970,232,11.817927019567874,0,2.0,0,0,0,0.0
1,1,1,302,58,11.817806826650797,0,1.0,0,0,0,0.0
1,1,1,97460,1845,11.816554228227597,0,1.0,0,0,0,100.0
0,1,1,211646,2605,11.816255916568911,0,1.0,0,0,0,0.0
0,1,1,22572,7599,11.815702991124647,0,3.0,0,0,0,0.0
1,1,1,553,1,11.815170884754073,0,1.0,0,0,0,0.0
0,1,1,14725,336,11.815066345752374,0,1.0,0,0,0,0.0
0,1,1,8816,5787,11.814845131211346,0,1.0,0,1,0,142.0
1,1,1,2247,290,11.814396301135549,0,1.0,0,1,0,428.0
0,1,1,111234,18565,11.814259535348542,0,3.0,0,0,0,0.0
1,1,1,341,1,11.814188997665068,0,1.0,0,0,0,0.0
0,1,1,2891,146,11.813527667272387,0,1.0,0,0,0,0.0
1,1,1,21933,9978,11.812956172608663,0,1.0,0,0,0,0.0
1,1,1,1806,56,11.812839782262122,0,1.0,0,0,0,60.0
1,1,1,89893,4106,11.81281196012102,0,1.0,0,0,0,0.0
1,1,1,267,5,11.812669965799529,0,1.0,0,0,0,0.0
1,1,1,335162,56914,11.810355055920448,0,5.0,0,0,0,0.0
1,1,1,1840,248,11.810057251271171,0,3.0,0,0,0,0.0
1,1,1,261,37,11.809830364562425,0,1.0,0,0,0,0.0
1,1,1,39081,1842,11.80837819456217,0,1.0,0,0,0,0.0
1,1,1,17597,236,11.808284841455473,0,1.0,0,0,0,0.0
0,1,1,4086,6001,11.808138600930208,0,2.0,0,0,0,0.0
1,1,1,640,8,11.808074622680913,0,2.0,0,0,0,0.0
1,1,1,13139,438,11.807890958523942,0,1.0,0,0,0,0.0
0,1,1,17796,665,11.806070319438588,0,2.0,0,0,0,0.0
0,1,1,739,17,11.805390990212029,0,1.0,0,0,0,0.0
1,1,1,8514,1098,11.805326790146118,0,1.0,0,0,0,0.0
1,1,1,2835,337,11.805237017793342,0,1.0,0,0,0,0.0
1,1,1,134879,19538,11.804626515093515,0,1.0,0,1,14,15.4
1,1,1,171722,1482,11.803112553322023,0,1.0,0,0,0,0.0
1,1,1,86,1,11.80299188508363,0,2.0,0,0,0,0.0
0,1,1,99379,4918,11.80173592772312,0,5.0,0,0,0,0.0
1,1,1,25126,4667,11.79989145919573,0,4.0,0,0,0,0.0
1,1,1,36299,27963,11.799450107508656,0,1.0,0,0,0,0.0
1,1,1,17243,1175,11.799374404666867,0,1.0,0,0,0,0.0
0,1,1,41828,1797,11.799331087050826,0,8.0,0,3,48,109.66666666666669
1,1,1,10535,926,11.798010517679264,0,1.0,0,0,0,0.0
0,1,1,18161,3140,11.79795984842685,0,4.0,0,2,38,144.5
1,1,1,3066,34,11.79795753519644,0,1.0,0,0,0,0.0
0,1,1,25671,190,11.79790011638132,0,1.0,0,0,0,0.0
0,1,1,1093,271,11.79789111696438,0,1.0,0,0,0,0.0
0,1,1,12165,4962,11.797815382434504,0,1.0,0,0,0,0.0
0,1,1,17265,15006,11.797758470628793,0,1.0,0,0,0,0.0
0,1,1,15511,2136,11.797677919509567,0,4.0,0,0,0,0.0
0,1,1,3758,653,11.797676620297969,0,1.0,0,0,0,0.0
1,1,1,64,18,11.797630228937408,0,2.0,0,0,0,0.0
1,1,1,66,1,11.797617046692878,0,1.0,0,0,0,0.0
1,1,1,8289,12446,11.79748988239648,0,1.0,0,0,0,0.0
1,1,1,8148,201,11.79746263064096,0,1.0,0,0,0,0.0
1,1,1,5045,838,11.797380590181607,0,4.0,1,6,14,220.85507246376812
1,1,1,178,54,11.797349028846146,0,1.0,0,0,0,0.0
1,1,1,2833,1,11.797340314621998,0,1.0,0,0,0,0.0
1,1,1,33453,390,11.797339078786573,0,1.0,0,0,0,0.0
0,1,1,2114,1004,11.797317752703474,0,1.0,0,0,0,0.0
0,1,1,1764,138,11.797240275328768,0,1.0,0,0,0,0.0
1,1,1,54,1,11.797226142441604,0,1.0,0,0,0,0.0
1,1,1,2730,259,11.797198890686085,0,1.0,0,0,0,0.0
0,1,1,16573,1499,11.796996213676424,0,1.0,0,1,7,91.25
1,1,1,729,1,11.796966236745352,0,2.0,0,0,0,0.0
1,1,1,12016,2624,11.796897885539938,1,1.0,0,0,0,0.0
1,1,1,2618,1,11.796874468043043,0,1.0,0,0,0,0.0
1,1,1,19338,1338,11.796819013889367,0,2.0,0,0,0,0.0
1,1,1,52682,10569,11.796710101931552,0,1.0,0,0,0,0.0
1,1,1,145461,14156,11.79662764952706,1,1.0,0,0,0,0.0
0,1,1,88326,546,11.796465913526855,0,1.0,0,0,0,0.0
1,1,1,8717,1852,11.796401174763451,0,1.0,0,0,0,0.0
1,1,1,48869,95,11.796348223968716,0,1.0,0,0,0,0.0
1,1,1,372,54,11.795888619943062,0,1.0,0,0,0,0.0
0,1,1,170881,23199,11.795882218949323,0,3.0,0,0,0,0.0
0,1,1,9793,584,11.79582049055426,0,1.0,0,0,0,0.0
1,1,1,27633,3488,11.7952254199532,0,1.0,0,0,0,0.0
0,1,1,10869,878,11.79511612773833,0,1.0,0,1,40,140.33333333333334
1,1,1,60888,2359,11.794827354194082,1,1.0,0,0,0,8.0
0,1,1,754,689,11.79438248512926,0,1.0,0,0,0,0.0
1,1,1,15319,2123,11.7943321961339,0,1.0,0,0,0,0.0
1,1,1,21764,259,11.794317080916011,0,3.0,0,0,0,0.0
1,1,1,20191,2661,11.794256873549166,0,2.0,0,0,0,0.0
1,1,1,5673,1117,11.794153507006715,0,4.0,0,0,0,0.0
0,1,1,110,1,11.793886186297916,0,1.0,0,0,0,0.0
1,1,1,3342,1202,11.793685885894844,0,1.0,0,0,0,0.0
0,1,1,100974,3893,11.793621717517022,0,2.0,0,0,0,0.0
1,1,1,47186,620,11.79358286792136,0,1.0,0,0,0,0.0
1,1,1,6390,1373,11.793501334471417,0,1.0,0,0,0,0.0
0,1,1,36601,993,11.792984913704313,0,1.0,0,0,0,0.0
1,1,1,5198,4138,11.792764016044158,0,1.0,0,0,0,0.0
0,1,1,7552,569,11.792448339313356,0,1.0,0,0,0,0.0
0,1,1,3085,168,11.79224518698238,0,1.0,0,0,0,0.0
1,1,1,6063,317,11.79166865391269,0,2.0,0,0,0,0.0
1,1,1,752,274,11.791640293074098,0,1.0,0,0,0,0.0
1,2,2,49664,1071,11.791247741042255,0,17.0,0,0,0,0.0
0,1,1,70838,2142,11.79100852766735,0,3.0,0,0,0,0.0
0,1,1,3415,2,11.790864790501026,0,1.0,0,0,0,0.0
1,1,1,15452,4019,11.79055608514954,0,1.0,0,0,0,0.0
0,1,1,18250,21129,11.79030866455989,0,1.0,0,0,0,0.0
1,1,1,1708,186,11.789949955405834,0,1.0,0,0,0,0.0
1,1,1,18962,888,11.789795602730091,0,1.0,0,0,0,0.0
1,1,1,2141,1,11.78971346720648,0,7.0,0,0,0,0.0
1,1,1,4376,21,11.7896210964305,0,8.0,0,0,0,0.0
1,1,1,145033,59463,11.789620494356832,0,1.0,0,0,0,0.0
0,1,1,16884,1659,11.789136395439296,0,1.0,0,0,0,0.0
1,1,1,28538,3867,11.788921613580094,0,6.0,0,0,0,0.0
0,1,1,6382,148,11.788834439650516,0,1.0,0,0,0,0.0
0,1,1,374,1,11.788748501556364,0,1.0,0,0,0,0.0
0,1,1,21010,2241,11.788583723499732,0,1.0,0,0,0,0.0
1,1,1,10180,5172,11.788392739394476,0,1.0,0,0,0,0.0
0,1,1,131749,4844,11.788275905414707,0,3.0,0,0,0,0.0
0,1,1,127,110,11.786950868022764,0,2.0,0,0,0,0.0
0,1,1,7644,5338,11.786342963746138,0,1.0,0,0,0,0.0
1,6,3,69822,54,11.785830187109132,0,78.0,0,35,44,121.52173913043478
1,1,1,6097,2366,11.78578861233792,0,1.0,0,0,0,0.0
1,1,1,8736,36,11.785231567442237,0,1.0,0,0,0,0.0
0,1,1,63699,6493,11.78435158924364,0,2.0,0,0,0,0.0
1,1,1,266801,27818,11.783568069584351,0,1.0,0,0,0,0.0
0,1,1,83934,7051,11.783311934770552,0,1.0,0,0,44,41.04
1,1,1,6889,34,11.783084319235783,0,1.0,0,0,0,349.0
0,1,1,34697,395,11.783003007602453,0,1.0,0,0,0,0.0
0,1,1,63466,221,11.78148125056136,0,1.0,0,0,0,0.0
0,1,1,18342,256,11.780731858972644,0,2.0,0,0,0,0.0
1,1,1,23655,904,11.78058666415428,0,2.0,0,6,46,42.422222222222224
1,1,1,58,19,11.780400274821758,0,1.0,0,0,0,0.0
0,1,1,5964,23,11.780302358630411,0,2.0,0,0,0,0.0
0,1,1,96566,32474,11.779739736631276,0,1.0,0,0,0,0.0
1,1,1,12506,278,11.77861392224742,0,1.0,0,0,0,0.0
1,1,1,2793,108,11.77818812941146,0,6.0,0,0,0,0.0
0,1,1,883,5,11.778069330770249,0,1.0,0,0,0,0.0
0,1,1,89599,10531,11.778030893119729,0,1.0,0,0,0,0.0
0,1,1,9038,180,11.777393582297613,0,1.0,0,1,5,303.5
1,2,2,29404,166,11.777380970438664,0,15.0,0,0,0,0.0
1,1,1,22817,10406,11.777105981212612,0,4.0,0,0,0,0.0
1,1,1,9260,3780,11.777034809767382,0,1.0,0,0,0,0.0
1,1,1,6678,525,11.776999572613732,0,1.0,0,0,0,0.0
1,1,1,14861,100,11.775452972111792,0,1.0,0,0,0,0.0
1,1,1,22811,2791,11.77540984462428,0,1.0,0,0,0,0.0
0,1,1,3522,47,11.775182324153777,0,1.0,0,0,0,0.0
1,1,1,335554,3117,11.775168413083223,0,2.0,0,1,0,9.0
0,1,1,19781,7018,11.774668153240905,0,1.0,0,0,0,0.0
0,1,1,156691,371505,11.77439874111831,0,2.0,0,0,0,0.0
0,2,2,62817,2385,11.774127586150884,0,15.0,0,0,0,0.0
0,1,1,210,1,11.774053816282454,0,1.0,0,0,0,0.0
0,1,1,25760,2998,11.773131819679415,0,1.0,0,0,0,0.0
1,1,1,53780,5854,11.7730684118157,0,1.0,0,0,0,0.0
1,1,1,5684,3462,11.773052852964584,0,1.0,0,0,0,0.0
1,1,1,39207,36851,11.77267167695627,0,2.0,0,0,0,0.0
0,1,1,998,17,11.772538967244504,0,1.0,0,0,0,0.0
1,1,1,7531,3592,11.77168912441742,0,1.0,0,0,0,0.0
0,1,1,69847,15963,11.76959761555743,0,1.0,0,0,0,0.0
0,1,1,1032,80,11.769396079318932,0,1.0,0,0,0,0.0
1,1,1,25779,1924,11.769278453136968,0,1.0,0,0,0,0.0
0,1,1,3078,240,11.769146820820188,0,2.0,0,0,0,0.0
0,1,1,2149,84,11.769144729406392,0,1.0,0,0,0,0.0
1,1,1,118457,3915,11.769124544094456,0,2.0,0,0,0,61.0
0,1,1,10379,9427,11.768561668590614,1,1.0,0,0,0,0.0
1,1,1,4979,54,11.768359403526096,0,1.0,0,0,0,0.0
1,1,1,5338,3328,11.767885286356224,0,1.0,0,0,0,0.0
1,1,1,38930,1683,11.766772305647931,0,1.0,0,0,0,133.57142857142858
1,1,1,5410,75,11.76651778692661,0,4.0,0,0,0,0.0
1,1,1,5652,2890,11.766385330719546,0,1.0,0,0,0,0.0
0,1,1,37586,1153,11.766314444467106,0,1.0,0,0,0,0.0
1,1,1,179538,113,11.76588861994306,0,1.0,0,0,0,0.0
0,1,1,33148,7150,11.7639829617181,0,1.0,0,0,0,0.0
1,1,1,15532,135,11.763912645851242,0,1.0,0,0,0,0.0
1,1,1,28346,9037,11.762739457776105,0,2.0,0,0,0,0.0
0,1,1,2444,370,11.761445633150656,0,2.0,0,0,0,0.0
0,1,1,110495,10341,11.761278953808754,0,1.0,0,0,0,0.0
1,1,1,22646,2498,11.761097634570282,0,1.0,0,0,0,0.0
1,1,1,14787,27248,11.760732112477347,0,3.0,0,0,0,0.0
0,1,1,58727,485,11.75879815678997,0,1.0,0,2,54,120.16666666666669
1,1,1,1261,4804,11.758569432172129,0,1.0,0,0,0,0.0
1,1,1,12964,362,11.756700912386084,0,1.0,0,0,0,0.0
0,1,1,9547,2343,11.755500757748218,0,1.0,0,0,0,0.0
1,1,1,253784,4784,11.755402524675992,0,8.0,0,0,0,0.0
1,1,1,3721,7040,11.755098350721068,0,1.0,0,0,0,0.0
1,1,1,10967,267,11.754922418457523,0,1.0,0,0,0,0.0
1,1,1,6219,914,11.75358983930068,0,2.0,0,0,0,0.0
0,1,1,59686,8933,11.753471452604607,0,1.0,0,1,0,29.0
1,1,1,55544,7280,11.75280834767901,0,2.0,0,1,0,49.0
0,1,1,8744,368,11.7513883093998,0,1.0,0,0,0,0.0
1,1,1,9025,178,11.75009321725084,0,1.0,0,0,0,0.0
1,1,1,38938,72,11.74966197406378,0,5.0,0,0,0,0.0
0,1,1,33085,1227,11.74842300151834,0,2.0,0,0,0,0.0
0,1,1,1725,1,11.748100955481885,0,5.0,0,1,0,84.0
1,1,1,53592,610,11.74778863768839,0,2.0,0,0,0,0.0
1,1,1,118960,1805,11.74767440213182,0,1.0,0,0,0,88.5
0,1,1,1093,423,11.747652283846527,0,1.0,0,0,0,0.0
0,1,1,576,1,11.747197084465078,0,1.0,0,0,0,0.0
1,1,1,1883,817,11.747022166220344,0,6.0,0,0,0,0.0
0,1,1,51266,49,11.746926816764113,0,1.0,0,0,0,0.0
1,1,1,8814,554,11.746582810882805,1,1.0,0,0,0,0.0
0,1,1,57468,10454,11.74539504628727,0,1.0,0,0,22,77.0
1,1,1,98915,6206,11.744561142568356,0,1.0,0,0,0,5.0
1,1,1,2463,485,11.744514909648236,0,1.0,0,0,0,0.0
0,1,1,4452,270,11.744278231320353,0,1.0,0,0,0,0.0
0,1,1,7966,6202,11.744092380685323,0,1.0,0,0,0,0.0
1,1,1,6846,410,11.743874746898216,0,2.0,0,2,17,254.11111111111111
0,1,1,7259,17098,11.743777179275837,0,1.0,0,0,0,0.0
0,1,1,26041,7311,11.74364507163774,0,6.0,0,10,45,188.17073170731703
0,1,1,2103,2091,11.742333248178417,0,1.0,0,0,0,0.0
0,1,1,78,35,11.74211833956686,0,1.0,0,0,0,0.0
1,1,1,76,91,11.741689631426825,0,1.0,0,1,0,182.0
1,2,2,5536,4602,11.741554988741704,0,13.0,0,0,0,0.0
1,1,1,86679,5165,11.73961412505118,0,5.0,0,0,0,0.0
1,4,2,5420,94,11.739580472301922,0,30.0,0,1,0,450.0
1,1,1,239609,113696,11.739496657309656,0,1.0,0,1,0,54.666666666666664
1,1,1,23827,679,11.739367876920776,0,1.0,0,0,0,0.0
1,1,1,57790,11260,11.737466433211498,0,2.0,0,0,0,0.0
1,1,1,79175,2256,11.737279346741044,0,3.0,0,0,0,0.0
0,1,1,10105,7599,11.73692627806662,0,2.0,0,0,0,0.0
0,1,1,31900,718,11.736734691887696,0,1.0,0,0,0,0.0
0,1,1,7797,877,11.736252304126904,0,1.0,0,0,0,79.5
1,1,1,3,1,11.735961312416508,0,1.0,0,1,0,269.0
0,1,1,6986,12,11.734696894336553,0,1.0,0,0,0,0.0
0,1,1,2524,390,11.734360620348667,0,1.0,0,0,0,0.0
0,1,1,46408,4516,11.733193674826827,0,7.0,0,0,0,5.0
0,1,1,3677,309,11.73172055900053,0,1.0,0,0,0,0.0
0,1,1,9371,2084,11.73107535784455,0,1.0,0,0,0,0.0
1,1,1,9401,479,11.730998133974548,0,3.0,0,0,3,235.3846153846154
1,1,1,31409,2589,11.730651561358124,0,1.0,0,0,0,0.0
1,1,1,99785,5006,11.730295292186833,0,2.0,0,2,42,49.857142857142854
1,1,1,2976,454,11.729439935632469,0,1.0,0,0,0,0.0
1,1,1,132523,1779,11.729134715970645,0,1.0,0,0,19,49.625
0,1,1,118,26,11.729019783276142,0,1.0,0,0,0,0.0
1,1,1,1633,179,11.728606190353991,0,1.0,0,0,0,0.0
1,1,1,2741,1403,11.728437292845944,0,2.0,0,0,0,0.0
1,1,1,13247,1763,11.727494477169213,0,1.0,0,0,0,0.0
1,1,1,221644,6872,11.726639786064691,0,1.0,0,4,51,60.07692307692308
1,1,1,92231,5855,11.726638993862498,0,1.0,0,0,0,0.0
0,1,1,745,796,11.726080459626688,0,3.0,0,0,0,0.0
0,1,1,244,84,11.725935645065375,0,1.0,0,0,0,0.0
0,1,1,5892,762,11.7258180505715,0,1.0,0,0,0,0.0
1,1,1,4789,1,11.725720451261031,0,1.0,0,2,19,361.0
0,1,1,31,17,11.723852913805713,0,1.0,0,0,0,0.0
0,1,1,780,359,11.723556249927595,0,3.0,0,0,0,0.0
0,1,1,1239,1,11.7233258458411,0,1.0,0,0,0,0.0
0,1,1,13071,18059,11.723248875475802,0,1.0,0,1,15,53.333333333333336
0,1,1,24026,10079,11.722543023319744,0,1.0,0,3,27,234.66666666666663
0,1,1,7461,1900,11.722189764516791,0,1.0,0,0,0,0.0
0,1,1,3674,93,11.72055361347869,0,6.0,0,0,0,0.0
1,1,1,88944,17964,11.718751448548533,0,2.0,0,0,0,0.0
0,1,1,153920,6883,11.718658158818007,0,2.0,0,4,0,94.15384615384616
0,1,1,88150,30766,11.71770399880584,0,8.0,0,0,0,0.0
0,1,1,46545,18112,11.71743293890268,0,2.0,0,0,0,0.0
0,1,1,76821,108,11.717232638499606,0,1.0,0,0,0,0.0
1,1,1,33041,9994,11.716925612616777,0,1.0,0,0,0,0.0
1,1,1,4802,1074,11.716493070218114,0,1.0,0,0,0,0.0
1,1,1,14767,8460,11.715576175397215,0,1.0,0,0,0,0.0
1,1,1,6959,157,11.715126648183483,0,1.0,0,0,0,0.0
0,1,1,119717,20508,11.715105797421703,0,4.0,0,3,28,71.66666666666667
0,1,1,41708,1719,11.714907715184776,0,1.0,0,0,0,0.0
1,1,1,15370,887,11.714552111463329,0,3.0,0,4,13,156.0
0,1,1,14649,1562,11.714419084870686,0,1.0,0,0,0,0.0
1,1,1,26077,14746,11.713030639615026,0,1.0,0,0,0,0.0
0,1,1,4093,5025,11.712802612135116,0,4.0,0,1,0,88.0
0,1,1,2312,616,11.71268181714437,0,1.0,0,0,0,0.0
1,1,1,20783,295,11.712159470704842,0,6.0,0,0,0,0.0
1,1,1,1233,770,11.712132060508884,0,1.0,0,0,0,0.0
0,1,1,23517,2102,11.7112255276927,0,2.0,0,0,0,0.0
1,1,1,15975,10380,11.71083661979096,0,1.0,0,0,0,0.0
1,1,1,2213,302,11.710799956673355,0,2.0,0,0,0,0.0
1,1,1,249025,1704,11.710512260524094,0,1.0,0,0,0,0.0
1,1,1,3945,3146,11.70980824627713,0,1.0,0,0,0,0.0
1,1,1,1058,630,11.709752380178314,0,2.0,0,0,0,0.0
0,1,1,16453,791,11.709515828602784,0,1.0,0,0,0,0.0
0,1,1,22334,833,11.7093295977107,0,7.0,0,2,29,135.0
0,1,1,12735,105,11.709191596088267,0,1.0,0,0,0,0.0
0,1,1,640,1554,11.708493095568585,0,3.0,0,0,0,0.0
1,1,1,8065,3885,11.708291052320682,0,2.0,0,0,32,81.33333333333333
0,1,1,21816,464,11.70730114814546,0,1.0,0,0,0,0.0
1,1,1,1,1,11.707204245972925,0,1.0,0,1,0,219.0
0,1,1,5344,9951,11.706938192787636,0,1.0,0,0,0,0.0
0,1,1,43,2973,11.706612027299768,0,1.0,0,0,0,0.0
1,1,1,10028,3008,11.70635484677907,0,1.0,0,0,0,0.0
1,1,1,1090,2886,11.706266880647297,0,3.0,0,0,0,0.0
1,2,2,39824,3340,11.706140033231778,0,18.0,0,0,0,0.0
1,1,1,7060,4375,11.70476635462504,0,9.0,0,0,36,139.1
0,1,1,5102,24,11.704456952135624,0,2.0,0,0,0,0.0
1,1,1,1142,1,11.704261246505284,0,1.0,0,0,0,0.0
0,1,1,321,1,11.70409808454113,0,3.0,0,0,0,0.0
1,1,1,16689,34,11.70317653157132,0,1.0,0,0,0,0.0
1,1,1,32601,34630,11.703116767837704,0,2.0,0,0,0,0.0
0,1,1,9211,76,11.701981415339416,0,1.0,0,0,0,0.0
1,1,1,62194,2487,11.701673090244986,0,5.0,0,0,20,35.44444444444444
0,1,1,135495,16132,11.701260954974876,1,1.0,0,0,28,9.25
1,1,1,12027,541,11.70073382363409,0,1.0,0,0,0,0.0
0,1,1,62,1,11.700537801122872,0,1.0,0,0,0,0.0
0,1,1,16,1,11.700336518389078,0,1.0,0,0,0,0.0
0,1,1,167,1,11.700197819628716,0,2.0,0,0,0,0.0
1,1,1,765,1,11.69979969049342,0,2.0,0,0,0,0.0
0,6,3,44507,303,11.69962502575339,0,50.0,0,0,0,0.0
0,1,1,8249,8701,11.698684681747508,0,3.0,0,3,49,105.1818181818182
0,1,1,21751,161,11.69845735140553,0,4.0,0,0,0,0.0
0,1,1,51143,3500,11.69822656706198,0,6.0,0,0,0,0.0
1,1,1,68951,79016,11.69748858318488,0,1.0,0,1,7,52.94117647058823
1,1,1,11310,5985,11.697421721319593,0,1.0,0,0,0,0.0
0,1,1,11221,4985,11.697097932438307,0,3.0,0,0,0,0.0
1,1,1,75498,1752,11.69659285600664,0,7.0,0,0,0,0.0
1,1,1,3164,147,11.696170105227113,0,1.0,0,0,0,0.0
1,1,1,4137,839,11.695862287142088,0,1.0,0,0,0,0.0
0,1,1,12001,659,11.695676468195146,0,8.0,0,0,0,80.0
0,1,1,4520,523,11.695620538720156,0,1.0,0,0,0,0.0
1,1,1,1409,3,11.695240725299616,0,6.0,0,1,0,133.0
0,2,2,41996,7681,11.69457657466712,0,10.0,0,0,0,0.0
0,1,1,10986,5949,11.693546901941692,0,1.0,0,0,0,0.0
0,1,1,37887,3760,11.692863675080334,0,6.0,0,0,0,0.0
0,1,1,285747,337,11.692722377896771,0,7.0,0,3,40,45.526315789473685
1,1,1,12720,7858,11.692237993786446,0,3.0,0,0,0,0.0
0,1,1,6014,8838,11.69071148353218,0,1.0,0,0,0,0.0
0,1,1,21899,814,11.689286438535095,0,3.0,0,0,0,0.0
0,1,1,34471,9777,11.687841683547392,0,5.0,0,0,0,0.0
0,1,1,11444,373,11.6874729292695,0,1.0,0,0,0,0.0
1,1,1,41803,7125,11.68656763228874,0,1.0,0,0,0,0.0
1,1,1,2470,1239,11.685871001366236,0,2.0,0,0,0,0.0
0,1,1,42437,644,11.685501835143205,0,1.0,0,0,0,0.0
0,1,1,8588,1,11.684993558214666,0,2.0,0,0,0,0.0
0,1,1,6438,2019,11.684833881940172,0,1.0,0,0,0,0.0
0,1,1,3301,777,11.684689035690774,0,1.0,0,0,0,0.0
1,1,1,62973,6332,11.684519536109056,0,8.0,0,0,0,0.0
0,1,1,6264,408,11.68393283116318,0,1.0,0,0,0,0.0
1,1,1,2653,273,11.68302015085796,0,1.0,0,0,0,0.0
1,1,1,10724,510,11.68244174819109,0,6.0,0,0,0,0.0
1,1,1,-7,1,11.68177202045514,0,2.0,0,1,0,80.0
0,1,1,31424,3170,11.68144195733247,0,2.0,0,0,0,0.0
1,1,1,542,832,11.680684136712395,0,3.0,0,0,0,0.0
1,1,1,12062,6044,11.679583799551144,0,1.0,0,0,0,0.0
0,1,1,38702,239,11.67936841561827,0,2.0,0,0,0,0.0
1,1,1,7474,916,11.679011766189925,0,1.0,0,0,0,0.0
1,6,3,42205,1375,11.678893506246204,0,64.0,0,0,5,31.714285714285715
1,1,1,3352,182,11.678680277103302,0,1.0,0,0,0,0.0
0,1,1,135715,28756,11.67765716381205,0,1.0,0,0,0,0.0
1,1,1,5960,1,11.6774981529874,0,3.0,0,0,0,0.0
0,1,1,15235,1,11.677475464316524,0,1.0,0,0,0,0.0
0,6,3,83287,2106,11.677200475090476,0,59.0,0,0,0,0.0
1,2,2,39136,6347,11.676930112325245,0,19.0,0,0,0,0.0
0,6,3,30673,10615,11.676928464544678,0,55.0,0,1,0,73.0
1,1,1,554,899,11.676915947749992,0,1.0,0,0,0,0.0
1,1,1,46118,5057,11.676113890559332,0,4.0,0,0,0,0.0
1,1,1,43327,2027,11.675934472606128,0,1.0,0,0,0,0.0
0,1,1,107899,15014,11.675805216895936,0,4.0,0,0,0,0.0
0,2,2,7271,469,11.675777933452329,0,19.0,0,0,0,0.0
1,1,1,36819,343,11.67571075470616,0,4.0,0,0,0,0.0
0,1,1,-22,718,11.675241897758864,0,1.0,0,0,0,0.0
0,1,1,206,322,11.675016944023472,0,1.0,0,0,0,0.0
1,1,1,4071,1,11.674579426595024,0,1.0,0,0,0,0.0
1,1,1,232,1,11.674511835903717,0,1.0,0,0,0,0.0
0,1,1,568,792,11.67400501662722,0,1.0,0,0,0,0.0
0,1,1,22660,8750,11.673639684662811,0,1.0,0,0,0,0.0
1,1,1,83250,2010,11.673573488247367,0,7.0,0,6,20,40.8421052631579
0,1,1,2634,1,11.673541039645446,0,1.0,0,0,0,0.0
0,1,1,114664,4316,11.67345722465318,0,1.0,0,0,0,38.285714285714285
1,1,1,3247,1,11.671630628207314,0,1.0,0,0,0,0.0
0,1,1,65275,2320,11.670936373891395,0,1.0,0,0,38,86.4
1,1,1,5401,6720,11.670909565769106,0,1.0,0,0,0,0.0
1,1,1,8411,6303,11.67030270719938,0,1.0,0,0,0,0.0
1,1,1,15500,96,11.669177146320225,0,5.0,0,0,0,0.0
1,1,1,2272,56,11.669089718885946,0,4.0,0,1,45,40.142857142857146
1,1,1,13608,1043,11.668924053562854,0,4.0,0,0,0,0.0
0,1,1,5736,157,11.668907987702331,0,1.0,0,0,0,0.0
1,1,1,57198,1510,11.668584579078104,0,1.0,0,0,0,0.0
0,2,2,44445,24575,11.66836371310604,0,15.0,0,0,0,0.0
1,1,1,27209,138,11.667637834078484,0,2.0,0,0,0,90.0
0,1,1,4262,1,11.667508768496816,0,1.0,0,0,0,0.0
1,1,1,13746,532,11.666928020911447,0,2.0,0,0,0,36.0
1,1,1,4890,810,11.66571452558861,0,1.0,0,3,41,106.0
0,1,1,10564,123,11.663763870278954,0,1.0,0,0,0,0.0
0,1,1,57261,4383,11.66376234925074,0,1.0,0,0,0,0.0
0,1,1,5956,2768,11.663692223512408,0,7.0,0,0,0,0.0
0,1,1,19711,2852,11.663526589877405,0,2.0,0,11,54,111.06410256410255
1,1,1,1897,38,11.6634959158084,0,1.0,0,0,0,0.0
1,1,1,70189,965,11.662688946964128,0,1.0,0,0,0,0.0
0,1,1,136715,52,11.66243148125064,0,3.0,0,4,35,97.5
1,1,1,774,214,11.662291198085883,0,1.0,0,0,0,0.0
0,4,2,6974,1770,11.662237676905567,0,32.0,0,0,0,0.0
1,1,1,95889,10227,11.6621816840544,0,1.0,0,9,45,141.33333333333334
0,1,1,2308,1,11.6620074629476,0,1.0,0,0,0,0.0
1,1,1,390,46,11.660667532154385,0,1.0,0,0,0,0.0
1,1,1,198369,336764,11.66042201285,0,1.0,0,0,0,0.0
0,1,1,2330,19462,11.659871210507616,0,1.0,0,0,0,0.0
1,1,1,2948,1,11.65863303016437,0,2.0,0,0,0,0.0
0,1,1,8449,3477,11.658320680682788,0,1.0,0,0,0,0.0
0,1,1,78035,2545,11.657953922754428,0,1.0,0,0,0,0.0
1,1,1,3155,26,11.657790031964254,0,5.0,0,0,0,0.0
0,1,1,88376,1180,11.655678337792327,0,1.0,0,0,0,0.0
0,1,1,4348,1000,11.654639285392904,0,2.0,0,0,0,0.0
1,1,1,2177,392,11.654459075237506,0,2.0,0,0,0,0.0
0,1,1,229863,10835,11.654260042357947,0,4.0,0,1,0,52.0
0,1,1,72,609,11.653758641744464,0,1.0,0,0,0,0.0
1,1,1,21319,7537,11.65357925547935,0,1.0,0,0,0,0.0
0,1,1,152214,376,11.652691703827768,0,1.0,0,0,0,0.0
0,2,2,20181,52,11.65209501713423,0,18.0,0,0,0,0.0
1,1,1,1123,194,11.65192627806662,0,2.0,0,0,0,0.0
1,1,1,2700,2089,11.651842811643318,0,1.0,0,0,0,0.0
0,1,1,383234,18506,11.651301991048594,0,2.0,0,0,0,150.0
0,1,1,7619,2,11.651155401954368,0,1.0,0,0,0,0.0
1,1,1,71639,6870,11.650991099219052,0,1.0,0,0,0,0.0
0,1,1,3673,973,11.649662132504218,0,1.0,0,0,0,0.0
0,1,1,10762,1097,11.649192356602375,0,1.0,0,0,0,0.0
1,1,1,738,48,11.648898005954672,0,1.0,0,0,0,0.0
0,1,1,4586,1397,11.648823634012572,0,1.0,0,0,0,0.0
1,1,1,12322,246,11.64872147161746,0,1.0,0,0,0,0.0
0,1,1,63557,17182,11.64760975843268,0,1.0,0,0,0,0.0
0,1,1,20754,3916,11.647435600702057,0,2.0,0,0,0,0.0
0,1,1,16906,2682,11.646834857933277,0,6.0,0,0,0,0.0
1,1,1,2949,111,11.64551710880153,0,2.0,0,0,0,0.0
0,1,1,23940,16318,11.643898639716427,0,1.0,0,0,0,0.0
1,1,1,2956,2813,11.643809057492176,0,1.0,0,0,0,0.0
0,1,1,616,7,11.64372755573032,0,1.0,0,0,0,0.0
1,1,1,79301,94,11.643233221560422,0,2.0,0,1,0,295.0
0,1,1,774,1,11.642947585136866,0,1.0,0,0,0,0.0
1,1,1,22581,7699,11.64267585978386,0,3.0,0,0,0,0.0
0,1,1,14807,236,11.64192323601019,0,1.0,0,0,0,0.0
1,1,1,102098,3098,11.64172287223094,0,3.0,0,0,1,169.25
1,1,1,27725,7969,11.641378422716402,0,1.0,0,0,0,0.0
1,1,1,13448,448,11.640508964962962,0,1.0,0,0,0,4.0
0,1,1,903,1,11.640209607597384,0,2.0,0,0,0,0.0
1,1,1,22746,1,11.638847273326082,0,1.0,0,0,0,0.0
1,1,1,22853,421,11.638346252969654,0,2.0,0,0,0,0.0
1,1,1,9125,594,11.63834124625178,0,6.0,0,0,0,0.0
0,1,1,121580,18286,11.637571098965546,0,2.0,0,0,0,0.0
0,1,1,18139,2714,11.637439466648768,1,1.0,0,1,42,88.21739130434783
0,1,1,1921,4807,11.63731911529125,0,1.0,0,0,0,0.0
1,1,1,751,1344,11.636194251550029,0,1.0,0,0,0,0.0
0,1,1,10209,197,11.635775430093387,0,1.0,0,0,0,0.0
0,1,1,28890,32538,11.635426100613328,0,1.0,0,0,0,0.0
1,1,1,6983,48,11.634664921055949,0,1.0,0,0,0,0.0
0,1,1,59591,22886,11.634420352394198,0,7.0,0,0,0,0.0
1,1,1,50867,182,11.63422822751778,0,2.0,0,0,6,29.666666666666668
1,1,1,4413,5,11.6337380127993,0,2.0,0,0,0,0.0
1,1,1,11598,880,11.633030100917534,0,1.0,0,0,0,0.0
0,1,1,107283,19326,11.63302129162912,0,1.0,0,0,0,0.0
1,3,2,270868,3137,11.632903982328031,0,25.0,0,0,0,0.0
1,1,1,1385,9,11.63276195631845,0,1.0,0,0,0,0.0
0,1,1,31150,648,11.632534182343244,0,2.0,0,0,0,0.0
0,1,1,20180,1968,11.632323710063982,0,1.0,0,0,0,0.0
0,1,1,3685,931,11.632318861786548,0,1.0,0,0,0,0.0
0,2,2,14221,242,11.632274213270817,0,12.0,0,0,0,0.0
0,1,1,35,1,11.631479539404618,0,1.0,0,1,0,440.0
1,1,1,387585,16140,11.63013862628068,0,4.0,0,0,0,0.0
0,2,2,777,34,11.630099649932667,0,11.0,0,0,0,0.0
1,1,1,847,2075,11.62965544631769,0,1.0,0,0,0,0.0
0,1,1,57288,10826,11.629642169008896,0,1.0,0,0,0,0.0
1,1,1,3658,176,11.629131452097598,0,1.0,0,0,0,0.0
0,2,2,2939,42,11.62894645704094,0,10.0,0,0,0,0.0
0,1,1,25395,1,11.626973620069814,0,3.0,0,0,0,0.0
1,1,1,18,21,11.626749205031915,0,1.0,0,0,0,0.0
1,1,1,11457,8426,11.625656948333052,0,2.0,2,1,38,73.0
0,1,1,15367,2164,11.625479558417467,0,1.0,0,0,0,0.0
1,1,1,1432,261,11.625463967878266,0,3.0,0,0,0,0.0
0,1,1,422,95,11.62503047483697,0,1.0,0,0,0,0.0
1,1,1,283281,12238,11.624091620171216,0,3.0,0,0,0,61.0
1,1,1,2707,6,11.623837038073718,0,1.0,0,0,0,0.0
0,1,1,7765,7916,11.623229545742236,0,1.0,0,0,0,0.0
0,1,1,28,1,11.622922456483227,0,1.0,0,0,0,0.0
1,1,1,21659,1330,11.622829547009758,0,4.0,0,1,0,162.0
0,1,1,776,1033,11.62231518596836,0,1.0,0,0,0,0.0
0,1,1,20969,72,11.622142644330214,0,1.0,0,0,0,0.0
1,1,1,47292,6019,11.621017305267674,0,3.0,0,1,1,197.75
0,1,1,115922,25995,11.620861209747105,0,5.0,0,0,0,0.0
0,1,1,8231,2014,11.619870101424542,0,2.0,0,3,34,95.5
0,1,1,13659,9018,11.619488830351964,0,1.0,0,0,0,0.0
1,1,1,159255,31427,11.61872593963784,0,2.0,0,0,0,0.0
0,1,1,2168,61,11.618585909977792,0,6.0,0,0,0,0.0
1,1,1,1864,201,11.618483557454152,0,1.0,0,0,0,0.0
0,1,1,3260,1439,11.618166169566608,0,2.0,0,0,0,0.0
1,1,1,28272,14659,11.618058968765531,0,3.0,0,0,0,0.0
0,1,1,42,1,11.61803479075453,0,1.0,0,0,0,0.0
1,1,1,20151,233,11.616510910611552,0,8.0,0,0,0,0.0
0,1,1,22438,9858,11.616257500973305,0,1.0,0,0,0,0.0
1,1,1,8666,690,11.616112686411997,0,1.0,0,0,0,0.0
0,1,1,7,1,11.615966667703349,0,1.0,0,0,0,0.0
0,1,1,27082,10063,11.615273047149186,0,1.0,0,0,0,0.0
1,1,1,70886,17286,11.61510468833863,0,3.0,0,0,0,0.0
1,1,1,149211,10634,11.614942857274164,0,1.0,0,0,0,0.0
1,1,1,33721,523,11.61442380639577,0,2.0,0,0,0,0.0
0,1,1,1095,149,11.613522470425988,0,1.0,0,0,0,0.0
0,1,1,61055,4354,11.613373948358404,0,1.0,0,0,0,0.0
1,1,1,41816,1,11.61132366570066,0,1.0,0,0,0,0.0
0,1,1,250110,71319,11.610577221104112,0,1.0,0,0,0,0.0
0,1,1,179,1,11.610099681620756,0,2.0,0,1,0,1139.0
1,1,1,1185,107,11.609569508223538,0,1.0,0,0,0,0.0
1,1,1,50853,698,11.609327284480289,0,3.0,0,0,0,0.0
0,1,1,194,1,11.608955646586406,0,1.0,0,0,0,0.0
0,1,1,367,18,11.607894063956548,0,1.0,0,0,0,0.0
1,1,1,24132,200,11.60785619669161,0,2.0,0,0,0,0.0
0,1,1,8618,4668,11.607352514535808,0,1.0,0,0,0,0.0
0,1,1,11866,2068,11.606334566402868,0,2.0,0,0,0,0.0
1,1,1,128290,33561,11.60527764192192,0,4.0,0,0,0,0.0
1,1,1,10786,108,11.604731592792708,0,1.0,0,0,0,0.0
1,1,1,15287,5626,11.604702376375744,0,1.0,0,0,0,0.0
0,1,1,17326,8664,11.603410928356883,0,2.0,0,0,0,0.0
1,1,1,313242,42381,11.603247069254795,0,1.0,0,0,18,47.0
1,1,1,50105,28120,11.603097247975612,0,6.0,0,0,0,0.0
0,1,1,7204,993,11.602848274669656,0,1.0,0,0,0,0.0
0,1,1,17305,254,11.60275951633569,0,3.0,0,0,0,0.0
0,1,1,4251,725,11.60204875252602,0,3.0,0,0,0,0.0
0,1,1,4165,1,11.601942850936544,0,2.0,0,0,0,0.0
1,6,3,290862,22666,11.601388214335538,0,88.0,0,0,0,0.0
0,1,1,12818,10603,11.600512925973938,0,1.0,0,3,40,93.33333333333331
1,2,2,652964,18122,11.60042534009922,0,13.0,0,1,45,55.707317073170735
0,1,1,2508,1,11.599888955836793,0,1.0,0,0,0,0.0
1,2,2,5036,254,11.59966254444936,0,18.0,0,1,0,231.0
0,2,2,169706,50307,11.599507938268916,0,14.0,0,0,0,0.0
1,1,1,7601,428,11.59899516163191,0,2.0,0,1,12,132.1818181818182
1,1,1,1053,1,11.59852912492443,0,1.0,0,0,0,0.0
0,1,1,745,388,11.597398493951223,0,1.0,0,0,0,0.0
0,1,1,3542,340,11.596513920979897,0,1.0,0,0,0,0.0
1,1,1,9045,1382,11.596500326790224,0,1.0,0,0,0,0.0
0,1,1,4245,32,11.595876800286309,0,4.0,0,0,0,0.0
0,1,1,56775,38644,11.592797098407836,0,1.0,0,0,0,0.0
1,1,1,50495,1609,11.592227093084238,0,1.0,0,0,0,0.0
0,1,1,4197,2208,11.592059684916316,0,1.0,0,0,0,0.0
0,1,1,1140,126,11.591319387808806,0,2.0,0,1,18,136.66666666666666
1,1,1,10092,3673,11.589787395515348,0,2.0,0,0,0,0.0
1,1,1,4802,1,11.589647365855296,0,2.0,0,0,44,58.69565217391305
0,1,1,40097,153,11.586837202851774,0,1.0,0,0,0,0.0
0,1,1,20870,266,11.58672537558988,0,1.0,0,1,0,607.0
1,1,1,55442,721,11.586667671581967,0,1.0,0,0,0,88.0
1,1,1,17429,69,11.586463822113062,0,1.0,0,0,0,0.0
1,1,1,35808,107,11.586342741929524,0,1.0,0,2,29,60.0
0,1,1,13541,889,11.585444162823382,0,1.0,0,0,0,0.0
0,1,1,39161,94,11.584833121426064,0,3.0,0,0,0,0.0
0,1,1,34669,6095,11.58368724848262,0,1.0,0,0,0,0.0
1,1,1,5869,47,11.58328743987867,0,3.0,0,0,0,0.0
0,1,1,13050,1792,11.583268236897457,0,1.0,0,0,0,0.0
0,1,1,31756,32247,11.58286358001607,0,1.0,0,0,0,0.0
1,4,2,7481,122,11.582559786318198,0,38.0,0,0,0,0.0
1,1,1,42868,5061,11.579879386034271,0,2.0,0,0,0,210.0
1,1,1,80361,93896,11.579802732549853,0,1.0,0,0,0,0.0
0,1,1,64,1,11.577600093565897,0,1.0,0,1,0,212.0
0,1,1,26537,44,11.577502177374551,0,1.0,0,0,0,0.0
1,1,1,1089,342,11.577067575250185,0,1.0,0,0,0,0.0
1,1,1,8327,20,11.577014782895883,0,2.0,0,0,0,0.0
1,1,1,1265,189,11.575891598623317,0,1.0,0,0,0,0.0
1,1,1,1241,2024,11.57565048396314,0,1.0,0,0,0,0.0
1,1,1,30678,6213,11.575282458511266,0,4.0,0,3,58,82.83333333333333
1,1,1,26546,9856,11.575259548023777,0,2.0,0,0,0,0.0
0,1,1,218822,1347,11.57490102899825,0,2.0,0,0,0,0.0
1,1,1,10955,3476,11.57489272671924,0,2.0,0,0,0,0.0
1,1,1,7300,2491,11.574441805229648,0,1.0,0,0,0,98.0
1,1,1,90390,11737,11.574020607166425,0,2.0,0,0,26,44.4
0,1,1,2152,95,11.573411562118638,0,2.0,0,0,0,0.0
0,1,1,1950,229,11.57317482041458,0,1.0,0,0,0,0.0
0,1,1,19467,4321,11.572417189923032,0,1.0,0,0,0,0.0
1,1,1,25297,506,11.57234928235085,1,1.0,0,0,0,0.0
1,1,1,9946,69,11.57192494716693,0,1.0,0,0,0,0.0
1,6,3,57021,7396,11.571669509491064,0,55.0,0,15,30,79.83333333333333
0,1,1,8173,847,11.57150647427926,0,1.0,0,0,0,0.0
1,1,1,2573,776,11.570067518211625,0,2.0,0,0,0,0.0
1,1,1,47705,9767,11.569655478005778,0,2.0,0,0,0,0.0
1,1,1,41191,240,11.569647017286332,0,1.0,0,0,0,0.0
0,1,1,17640,482,11.569621571751815,0,2.0,0,0,0,0.0
0,1,1,25666,1608,11.569373992721726,0,1.0,0,0,0,0.0
0,1,1,1143,40,11.569268503077394,0,1.0,0,0,0,0.0
0,1,1,30660,267,11.568454119220572,0,1.0,0,0,0,0.0
1,1,1,68565,1457,11.56766207546566,0,2.0,0,1,50,51.827586206896555
0,1,1,2819,295,11.566506125710292,0,1.0,0,0,0,0.0
0,1,1,26882,200,11.566380165561233,0,1.0,0,0,0,0.0
0,1,1,39150,3349,11.56524383073222,0,1.0,0,0,0,0.0
0,2,2,1280,8,11.564679687704867,0,12.0,0,2,57,140.0
0,1,1,29413,133418,11.56374076966294,0,2.0,0,0,0,174.08333333333334
1,1,1,40677,999,11.563426582272262,0,1.0,0,0,0,0.0
0,1,1,28857,2017,11.56269601340771,0,1.0,0,0,0,59.38461538461539
0,1,1,9291,1579,11.561945671176362,0,1.0,0,1,0,36.0
1,1,1,14976,123,11.561708549215249,0,1.0,0,0,0,0.0
0,1,1,337,1,11.561653348566278,0,1.0,0,0,0,0.0
1,7,3,59947,9951,11.561614530658703,1,241.0,0,0,0,0.0
1,1,1,37810,1080,11.56117466831176,0,1.0,0,0,0,0.0
1,1,1,3658,231,11.560885165941489,0,1.0,0,0,0,0.0
1,1,1,163269,1708,11.560869860595076,0,7.0,0,3,35,139.45454545454547
0,1,1,15558,1,11.56054594496144,0,7.0,0,0,0,0.0
0,1,1,3485,455,11.56040807009136,0,2.0,0,0,0,0.0
1,1,1,60914,21,11.559684567670391,0,9.0,0,14,50,65.45
1,1,1,11028,101,11.559419655256267,0,1.0,0,0,0,0.0
0,1,1,146276,2075,11.559017216541028,0,2.0,0,0,0,0.0
0,1,1,6481,274,11.558768053106546,0,1.0,0,0,0,0.0
1,1,1,32419,16441,11.558695994394858,0,1.0,0,0,0,0.0
0,1,1,331,1,11.55866680966598,0,1.0,0,0,0,0.0
0,1,1,944,1,11.55860752125368,0,1.0,0,0,0,0.0
0,1,1,94379,12463,11.55854908841975,0,5.0,0,0,0,0.0
0,1,1,5270,1329,11.55854778920815,0,1.0,0,0,0,0.0
1,6,3,443326,65212,11.557754636370166,0,72.0,0,6,46,43.55555555555556
0,1,1,91109,40,11.557465609321214,0,2.0,0,0,0,0.0
1,1,1,141979,11561,11.556997259383325,0,1.0,0,5,48,71.6
0,1,1,6387,3598,11.556055172532613,0,1.0,0,0,0,0.0
1,1,1,285,140,11.555664902043096,0,2.0,0,0,0,0.0
1,1,1,193,8,11.554964595302405,0,1.0,0,0,0,0.0
1,1,1,3655,69,11.55482694224894,0,1.0,0,0,0,0.0
1,1,1,281,1,11.553934510631834,0,1.0,0,0,0,0.0
0,1,1,8097,380,11.55374596650934,0,1.0,0,0,0,0.0
0,1,1,3526,560,11.5533180505715,0,2.0,0,0,0,0.0
0,1,1,9160,2574,11.552604529898192,0,1.0,0,0,0,242.0
1,1,1,63258,57867,11.552481485053208,0,2.0,0,4,35,97.47058823529412
1,1,1,440,1352,11.55219980964063,0,1.0,0,0,0,0.0
1,1,1,349,156,11.550845080510404,0,1.0,0,0,0,0.0
1,1,1,4131,5252,11.550553676854866,0,1.0,0,0,0,0.0
1,1,1,17005,2704,11.550406707503583,0,1.0,0,0,0,0.0
0,1,1,131667,524,11.549668533497956,0,1.0,0,0,0,0.0
0,1,1,171015,6537,11.54950904735199,0,1.0,0,0,0,0.0
1,1,1,66403,2561,11.548711363117446,0,1.0,0,0,0,0.0
1,1,1,5445,3352,11.54852532235389,0,2.0,0,0,0,0.0
1,1,1,10582,667,11.548303505739192,0,1.0,0,0,0,0.0
0,1,1,3704,129,11.548189111742184,0,1.0,0,0,0,0.0
0,1,1,3777,563,11.54805421555236,0,2.0,0,0,0,0.0
1,1,1,4436,458,11.547879899381297,0,1.0,0,0,0,0.0
0,1,1,480,1,11.54767614497665,0,1.0,0,0,0,0.0
1,1,1,11870,5769,11.547292402233223,0,2.0,0,0,0,0.0
1,1,1,160501,16720,11.547256594693993,0,1.0,0,0,0,0.0
0,1,1,65951,10870,11.545960805407102,0,1.0,0,0,0,0.0
0,1,1,405543,681617,11.54588301115152,0,1.0,0,0,0,0.0
0,1,1,797,1,11.545823659363045,0,1.0,0,0,0,0.0
1,1,1,1790,22,11.54541665756316,0,1.0,0,0,0,0.0
0,1,1,20478,1612,11.54492885113935,0,4.0,0,0,0,0.0
0,1,1,5603,561,11.544781755035718,0,2.0,0,0,0,0.0
1,1,1,5343,344,11.544275125887747,0,1.0,0,0,0,0.0
1,2,2,129509,7784,11.544236054475473,1,16.0,0,7,51,173.09259259259258
1,1,1,486,41,11.542465482568865,0,2.0,0,0,0,0.0
0,1,1,237338,23162,11.542352989857124,0,1.0,0,0,0,0.0
0,1,1,13096,182,11.542025810350443,0,3.0,0,0,0,0.0
0,1,1,1517,3680,11.541691659464444,0,1.0,0,0,0,0.0
1,1,1,13090,64,11.541666625875072,0,1.0,0,0,0,0.0
0,1,1,796,274,11.541468163381092,0,1.0,0,0,0,0.0
0,1,1,81904,46,11.541013724513752,0,1.0,0,0,0,0.0
1,1,1,10362,6,11.54082381780348,0,1.0,0,0,0,0.0
0,1,1,65164,13936,11.540622123124546,0,1.0,0,0,0,0.0
0,1,1,70086,8593,11.540425371787308,0,6.0,0,0,0,0.0
0,1,1,7016,1437,11.53902833905985,0,1.0,0,0,0,0.0
0,1,1,5465,93,11.537655484343396,0,3.0,0,0,0,0.0
0,1,1,9505,1764,11.537542801503127,0,2.0,0,0,0,0.0
0,1,1,6084,1704,11.537211597609296,0,1.0,0,0,0,0.0
1,1,1,21825,4796,11.53691220855563,0,1.0,0,0,0,0.0
0,1,1,12464,484,11.536871172481913,0,5.0,0,6,29,59.375
0,1,1,57956,14238,11.536811218619766,0,1.0,0,0,0,0.0
1,1,1,5437,1,11.536342932058052,0,1.0,0,0,0,0.0
0,1,1,31769,4556,11.5343093173345,0,1.0,0,0,0,78.0
1,1,1,36352,390,11.534303708542955,0,1.0,0,0,0,0.0
0,1,1,46641,3606,11.534137567898544,0,1.0,0,0,0,0.0
1,1,1,75762,29987,11.533673115595455,0,1.0,0,0,0,0.0
0,1,1,8578,297,11.53328078538023,0,2.0,0,0,0,48.0
0,1,1,26300,2000,11.53318901667792,0,1.0,0,0,0,0.0
0,1,1,377,1,11.532298866603137,0,1.0,0,0,0,0.0
1,1,1,1853,33581,11.531535088622554,0,1.0,0,0,0,0.0
1,1,1,82281,8030,11.53150460468208,0,4.0,0,0,0,0.0
1,1,1,42,74,11.531498869138185,0,1.0,0,0,0,0.0
1,1,1,2930,469,11.5307158564883,1,2.0,0,0,48,27.03846153846154
1,1,1,51653,21124,11.530393335130528,0,2.0,0,0,0,0.0
1,1,1,13390,1,11.52915677087976,0,3.0,0,0,0,0.0
1,1,1,12368,122,11.528759814203717,0,1.0,0,0,0,0.0
1,1,1,181142,16804,11.528638670644002,0,5.0,0,0,0,0.0
1,1,1,2701,1,11.528106944530482,0,1.0,0,0,0,0.0
1,1,1,83770,2736,11.526367236821404,1,2.0,0,0,0,0.0
1,1,1,7415,738,11.526159458029609,0,4.0,0,0,0,0.0
1,1,1,44145,1514,11.525119676804168,0,1.0,0,0,0,0.0
0,1,1,128867,577,11.524951096176997,0,1.0,0,0,0,0.0
0,1,1,25169,224,11.524844529137678,0,1.0,0,0,0,0.0
0,1,1,15231,1,11.524823076302226,0,5.0,0,0,5,21.0
0,1,1,13894,4590,11.524522704917835,0,1.0,0,0,0,0.0
1,1,1,1791,33,11.523818627294698,0,1.0,0,0,0,0.0
1,1,1,86986,253,11.523746727023449,0,1.0,0,1,0,237.0
0,1,1,195,1,11.523565312720711,0,1.0,0,0,0,0.0
1,1,1,33421,3057,11.523192977688897,0,1.0,0,0,0,0.0
0,1,1,90028,69441,11.52317859129703,0,2.0,0,1,2,63.142857142857146
0,1,1,10795,2461,11.52287530460856,0,1.0,1,3,15,95.45454545454544
0,1,1,102,25,11.522649748799502,0,1.0,0,0,0,0.0
1,1,1,699,1690,11.52240828557036,0,2.0,0,0,0,0.0
0,1,1,8926,224,11.522080725806624,0,1.0,0,0,0,0.0
0,1,1,51423,23560,11.521671442464418,1,1.0,0,0,0,79.58333333333333
0,1,1,8990,6242,11.521479729533144,0,5.0,0,0,0,0.0
1,1,1,1051,1288,11.521449308968842,0,4.0,0,1,0,82.0
1,1,1,274994,15047,11.520808195576189,0,2.0,0,3,37,162.0
1,1,1,1658,347,11.520036305445128,0,1.0,0,0,0,0.0
1,1,1,7041,18,11.519649045323952,0,3.0,0,1,0,129.0
0,1,1,1550,2956,11.51947932392562,0,4.0,0,0,0,0.0
1,1,1,17002,3055,11.518158089104212,0,2.0,0,0,0,0.0
0,1,1,70080,97,11.518009345220015,0,1.0,0,0,0,38.0
1,1,1,1188,191,11.51680335997399,0,1.0,0,12,42,96.09302325581396
0,1,1,37056,31394,11.515510707807792,0,2.0,0,0,0,0.0
1,1,1,157,1,11.51464704897442,0,1.0,0,0,0,0.0
1,1,1,40725,18936,11.51421792888924,0,1.0,0,0,0,0.0
0,1,1,2932,2114,11.513495408798995,0,1.0,0,0,0,0.0
0,1,1,46725,2039,11.512847450779374,0,1.0,0,0,0,0.0
0,1,1,31155,923,11.51277342740624,0,5.0,0,0,0,0.0
1,1,1,550,1,11.512661029758764,0,2.0,0,1,0,119.0
1,1,1,6873,962,11.512439403272593,0,1.0,0,0,0,0.0
1,1,1,45103,1501,11.512099548530786,0,1.0,0,0,40,35.5
0,1,1,22588,4758,11.511795406263948,0,1.0,0,0,0,0.0
1,1,1,6398,1152,11.511698060458183,0,1.0,0,0,0,0.0
0,1,1,33132,1311,11.511131826017031,0,2.0,0,0,0,0.0
1,1,1,1700,45,11.510017514409054,0,1.0,0,1,0,223.0
0,1,1,112,15,11.509954169921514,0,1.0,0,0,0,0.0
0,1,1,18032,1664,11.509893740738052,0,1.0,0,1,30,7.0
0,1,1,135103,8794,11.50989218802175,1,3.0,0,0,0,0.0
1,1,1,10686,7909,11.509169604555323,0,1.0,0,0,0,0.0
1,1,1,8755,367,11.50879438590752,0,4.0,0,0,0,19.0
0,1,1,10923,627,11.50852649481314,0,1.0,0,0,0,9.0
1,1,1,761,233,11.507378150198848,0,1.0,0,0,0,0.0
1,1,1,48069,12538,11.507015448345728,0,2.0,0,1,0,21.0
1,1,1,1077,363,11.506766126470808,0,6.0,0,0,0,0.0
0,1,1,96545,53647,11.50667971305534,0,2.0,0,0,0,0.0
1,1,1,2552,348,11.506502640020631,0,1.0,0,0,0,0.0
0,1,1,908,1045,11.506495161631909,0,1.0,0,0,0,0.0
0,1,1,352022,34531,11.506070953200345,1,2.0,0,0,0,0.0
0,1,1,31925,37446,11.506049658805331,1,1.0,0,0,0,223.4
1,1,1,7353,50,11.50603505059685,0,2.0,0,1,0,93.0
1,1,1,15196,2200,11.50548697343002,0,1.0,0,0,0,0.0
1,1,1,2310,179,11.503804304279006,0,1.0,0,0,0,0.0
0,1,1,21903,4114,11.503749547263263,0,3.0,0,4,40,48.0
0,1,1,200946,11952,11.503748628308715,0,8.0,0,14,37,41.25
1,1,1,62026,5062,11.503641522571906,0,3.0,0,1,0,141.25
1,1,1,259,1,11.50364044517692,0,1.0,0,0,0,0.0
0,1,1,878,14269,11.50358971254833,0,1.0,0,0,0,0.0
1,2,2,150797,5537,11.502932057973837,1,19.0,0,0,0,0.0
0,1,1,2958,1,11.50284459885147,0,2.0,0,0,0,0.0
1,1,1,777,41,11.502557726592489,0,1.0,0,0,0,0.0
0,1,1,107,1,11.50239668773022,0,1.0,0,0,0,0.0
0,1,1,14235,2832,11.502228012038785,0,1.0,0,0,0,0.0
0,1,1,14404,31,11.501928971554085,0,1.0,0,0,0,0.0
0,1,1,7074,96,11.501102641288156,0,1.0,0,0,0,0.0
1,1,1,111593,311,11.500746530557302,0,1.0,0,0,0,0.0
0,1,1,65443,2981,11.50059046672482,0,3.0,0,5,41,86.42857142857143
1,1,1,10206,2413,11.50030270719938,0,1.0,0,0,0,0.0
0,1,1,139352,2545,11.499089433693156,0,1.0,0,0,0,0.0
1,1,1,4018,45,11.498403069711104,0,1.0,0,0,0,0.0
1,1,1,9269,3895,11.49792315362116,0,5.0,0,0,0,0.0
1,1,1,13139,4002,11.49784329963987,1,2.0,0,0,0,0.0
1,1,1,176315,2115,11.496312036172432,0,8.0,0,2,28,110.63636363636364
0,1,1,42283,1018,11.49617073898887,0,1.0,0,0,0,0.0
1,1,1,47976,9824,11.496127991758408,0,1.0,0,0,0,0.0
0,1,1,201136,6145,11.495884975812965,0,1.0,0,0,0,0.0
1,1,1,5744,34,11.49572251098674,0,1.0,0,0,0,0.0
0,1,1,55296,512,11.495275423755771,0,1.0,0,0,0,0.0
0,6,3,8418,59,11.49516790607382,0,56.0,0,0,0,0.0
0,1,1,247,78,11.493764915985851,0,1.0,0,0,0,0.0
0,1,1,42922,2018,11.493610404869672,0,3.0,0,0,0,0.0
1,1,1,6870,704,11.49279747866489,0,4.0,0,0,0,33.0
0,1,1,4832,5986,11.492543403576798,0,1.0,0,0,0,0.0
1,1,1,10958,1636,11.492047358250156,0,1.0,0,0,0,0.0
0,1,1,3182,631,11.490910579787917,0,1.0,0,0,0,0.0
1,1,1,233,6,11.490814628258017,0,1.0,0,0,0,0.0
1,1,1,55794,4627,11.490372420992571,0,3.0,0,0,0,0.0
0,1,1,3321,1,11.48870363122402,0,1.0,0,0,0,0.0
1,1,1,457,1,11.488268775594948,0,1.0,0,0,0,0.0
1,1,1,515,3416,11.488193579762566,0,1.0,0,0,0,0.0
0,1,1,20294,2964,11.48785825641732,0,1.0,0,0,0,0.0
0,1,1,29835,12403,11.48778676809121,0,2.0,0,0,0,0.0
0,1,1,9890,147,11.487488551496792,0,1.0,0,0,0,0.0
0,1,1,922858,522,11.487146066643698,0,7.0,0,8,51,41.59756097560975
1,1,1,53240,5256,11.486377662202296,0,2.0,0,0,0,0.0
0,1,1,10218,1553,11.48529792229812,1,2.0,0,2,20,75.33333333333333
0,1,1,20965,2702,11.485003730090854,0,1.0,0,0,0,0.0
1,1,1,33343,96,11.48470966463594,0,3.0,0,0,0,0.0
1,1,1,58587,792,11.484596855043325,0,2.0,0,4,33,129.38888888888889
1,1,1,1629,93,11.484354853116686,0,1.0,0,0,0,0.0
1,1,1,1410,1,11.484164090828044,0,1.0,0,0,0,0.0
0,1,1,7226,118,11.483004877199631,0,3.0,0,0,0,0.0
1,1,1,478,1,11.482885159603873,0,3.0,0,0,0,0.0
1,1,1,12046,1391,11.482769086138209,0,1.0,0,0,0,0.0
1,1,1,24393,3076,11.482654533700762,0,2.0,0,0,0,99.0
0,1,1,412,1,11.482155573070042,0,1.0,0,0,0,0.0
1,1,1,7006,14626,11.48171564734692,0,1.0,0,0,0,0.0
1,1,1,747,10,11.48167911098167,0,1.0,0,0,0,0.0
0,1,1,22789,803,11.481188832887012,0,2.0,0,0,0,0.0
1,1,1,5352,7578,11.479970837855705,1,4.0,0,1,0,136.6
1,1,1,122320,12001,11.479624962377214,0,4.0,0,4,30,130.375
0,1,1,146176,1870,11.479624772248686,0,4.0,0,0,0,0.0
0,1,1,22498,1711,11.479345219937992,0,1.0,0,0,0,0.0
1,1,1,35736,4758,11.478651631071918,0,1.0,0,0,0,0.0
1,3,2,39918,48,11.478364695436762,0,20.0,0,22,53,47.271186440677965
0,1,1,181,41,11.47806942583451,0,1.0,0,0,0,0.0
0,1,1,1600,1,11.477686633733716,0,1.0,0,0,0,0.0
0,1,1,27622,15635,11.47723777196983,0,1.0,0,0,0,16.0
1,1,1,180,1,11.477099580218876,0,2.0,0,0,0,0.0
0,1,1,57841,2086,11.477005625038506,0,4.0,0,0,0,0.0
1,1,1,6059,412,11.47651734329338,0,1.0,0,0,0,0.0
0,1,1,25040,151,11.476402759167843,0,1.0,0,0,0,0.0
0,1,1,24473,1300,11.476328102032952,0,1.0,0,0,0,0.0
0,1,1,296,74,11.474739483126571,0,1.0,0,0,0,0.0
1,1,1,21144,135,11.473726636775773,0,2.0,0,1,0,70.0
1,1,1,34022,43537,11.473411593806729,0,1.0,0,0,0,0.0
1,1,1,23085,2677,11.473158817930234,0,1.0,0,0,0,0.0
0,1,1,31874,194,11.473150959284457,0,1.0,0,0,0,0.0
1,1,1,71289,3328,11.47298057243628,0,1.0,0,0,0,0.0
1,1,1,9759,783,11.472489597203689,0,1.0,0,0,0,0.0
0,1,1,48271,224,11.471929351811138,0,4.0,0,0,0,0.0
1,1,1,64,1,11.47161069640008,0,1.0,0,0,0,0.0
1,1,1,31,1,11.47154532387492,0,1.0,0,0,0,0.0
0,1,1,4808,295,11.471150807181637,0,1.0,0,0,0,0.0
0,1,1,2433,662,11.470900439599816,0,1.0,0,0,0,0.0
1,1,1,2476,3970,11.470511911955128,0,1.0,0,0,0,0.0
1,1,1,6510,11091,11.46849864098395,0,1.0,0,0,0,84.1
1,1,1,4266,170,11.468202737619944,0,2.0,0,0,0,0.0
1,1,1,3899,49,11.467884208961236,0,3.0,0,0,0,0.0
0,1,1,2472,154,11.467512254186476,0,1.0,0,0,0,0.0
0,1,1,2289,1,11.465762564729737,0,1.0,0,1,29,89.82352941176471
1,1,1,4605,1409,11.465705019162266,0,1.0,0,0,0,0.0
0,1,1,46943,6824,11.464137251017668,0,1.0,0,0,0,0.0
1,1,1,30494,13713,11.46395371361305,0,1.0,0,0,0,0.0
0,1,1,38179,7860,11.463684713435596,0,1.0,0,0,0,0.0
0,1,1,59,13,11.463501176030976,0,1.0,0,0,0,0.0
0,1,1,1927,57,11.463164933731182,0,1.0,0,0,0,0.0
1,1,1,8645,2776,11.463126717897278,0,1.0,0,0,0,0.0
0,1,1,5254,723,11.4622131503256,0,1.0,0,0,0,0.0
1,1,1,3395,375,11.460894260422693,0,2.0,0,0,0,0.0
0,1,1,27874,215,11.460755086341011,0,1.0,0,0,0,0.0
1,1,1,39207,1100,11.46040040157411,0,1.0,0,0,0,0.0
0,1,1,2412,98,11.460315952820086,0,1.0,0,0,0,0.0
1,1,1,28178,720,11.459798486346084,0,2.0,0,0,0,0.0
1,1,1,12533,776,11.459627941057468,0,3.0,0,0,0,0.0
1,1,1,23810,2280,11.458182710748446,0,1.0,0,0,0,0.0
1,1,1,14846,668,11.457964696704286,1,2.0,0,0,0,0.0
0,1,1,3159,5605,11.456613801832685,0,1.0,0,0,0,0.0
0,1,1,68514,4511,11.456398196083198,0,1.0,0,0,0,0.0
0,1,1,7938,79,11.456214912183285,0,1.0,0,0,0,0.0
1,1,1,1380,1558,11.456172228328995,0,2.0,0,0,0,0.0
1,5,3,110824,761,11.455143506246202,0,47.0,0,3,29,138.14634146341464
0,1,1,6214,9,11.454744046211218,0,6.0,0,0,0,0.0
1,1,1,975,761,11.45431914064172,0,2.0,0,0,0,0.0
1,1,1,5182,2869,11.45423507214475,0,1.0,0,0,0,0.0
1,1,1,78948,306,11.453866951628614,0,1.0,0,0,0,0.0
0,1,1,3996,207,11.453799360937309,0,1.0,0,0,0,0.0
1,1,1,15640,5086,11.453497690341315,0,2.0,0,0,0,0.0
0,1,1,16321,596,11.453133625900422,0,1.0,0,0,0,0.0
1,1,1,184309,7455,11.451667323013003,0,1.0,0,0,0,0.0
1,1,1,91764,1423,11.449073494584988,0,1.0,0,0,0,0.0
1,2,2,11610,154,11.448920758001725,0,10.0,0,5,53,88.57446808510639
0,1,1,113,81,11.448633315357162,0,1.0,0,0,0,0.0
0,1,1,172422,14480,11.44842442748229,0,1.0,0,0,0,0.0
0,1,1,1873,445,11.44763628136218,0,1.0,0,0,0,0.0
0,1,1,811,22,11.447067702002531,0,1.0,0,0,0,0.0
0,1,1,5762,688,11.446867021342408,0,2.0,0,0,0,0.0
0,1,1,17934,339,11.446771418381472,0,1.0,0,0,0,0.0
1,1,1,328983,114,11.446764256873626,0,1.0,0,0,26,16.5
1,1,1,28467,4950,11.446589845638298,0,1.0,0,0,0,0.0
0,1,1,3442,61,11.446474659439094,0,1.0,0,0,0,0.0
0,2,2,30470,494,11.446278256670825,1,10.0,0,0,0,0.0
0,1,1,3078,3,11.445901009985397,0,1.0,0,0,0,0.0
1,1,1,5583,48,11.445858231066849,0,1.0,0,0,0,0.0
1,1,1,240941,59820,11.444293568354857,0,4.0,0,0,0,0.0
1,1,1,19325,888,11.444019656523787,0,1.0,0,0,0,0.0
1,2,2,323246,474,11.443769479070498,0,11.0,0,0,40,86.375
0,1,1,105534,7,11.443521202902476,0,3.0,0,0,0,0.0
0,1,1,9791,92,11.443373789917963,0,1.0,0,0,0,0.0
0,1,1,4115,2412,11.443035297763934,0,3.0,0,0,0,0.0
1,1,1,602,11,11.442942895299868,0,1.0,0,0,0,0.0
0,4,2,79429,12332,11.441671505840594,0,35.0,0,2,29,346.2142857142857
0,1,1,467,57,11.4397862230561,0,1.0,0,0,0,0.0
1,1,1,8118,22,11.437473848224046,0,1.0,0,0,0,0.0
0,1,1,10549,1121,11.437144989248711,0,1.0,0,6,13,181.3
0,1,1,2281,13,11.43706139607306,0,4.0,0,0,0,0.0
1,1,1,6536,1062,11.435888271374097,0,2.0,0,0,0,0.0
1,1,1,186497,2683,11.435682172050951,0,1.0,0,0,0,0.0
1,1,1,11472,11294,11.435286451210333,0,1.0,0,0,0,0.0
1,1,1,29376,504,11.43442367964342,0,1.0,0,1,36,151.5
0,1,1,6795,1022,11.433061789005349,0,2.0,0,0,0,0.0
0,3,2,47413,345,11.43239218802175,0,29.0,0,28,51,103.75257731958764
0,1,1,3431,2139,11.431967345828426,0,1.0,0,0,0,0.0
1,1,1,2082,629,11.431827506296903,0,1.0,0,0,0,0.0
1,1,1,2211,683,11.430124144824548,0,2.0,0,0,0,0.0
1,1,1,7614,120,11.427964126318704,0,1.0,0,0,0,0.0
1,1,1,780,843,11.427016969373945,0,1.0,0,0,0,0.0
0,1,1,351,864,11.426978563411511,0,1.0,0,0,0,0.0
1,1,1,3953,1564,11.42650181613035,0,1.0,0,0,0,0.0
1,1,1,821,334,11.42558118211509,0,1.0,0,0,0,0.0
1,1,1,70483,11312,11.425240756987703,0,2.0,0,0,0,0.0
0,1,1,36556,70120,11.425123637815142,1,1.0,0,0,0,0.0
0,1,1,71789,3328,11.424951571498312,0,1.0,0,0,0,77.0
1,1,1,2855,479,11.42464720741486,0,1.0,0,0,0,0.0
0,1,1,973,1735,11.424396649704514,0,1.0,0,0,0,0.0
0,1,1,209340,313178,11.424115893246482,0,7.0,0,4,37,37.22222222222222
1,1,1,28735,2598,11.422597970464013,0,2.0,0,1,18,138.0
0,1,1,1601,17,11.42229693362978,0,1.0,0,0,0,0.0
1,1,1,1051,1,11.421603788396936,0,1.0,0,0,0,0.0
0,1,1,543,152,11.421124727885363,0,1.0,0,0,0,0.0
0,1,1,14757,284,11.421078938598471,0,2.0,0,0,0,0.0
1,1,1,12471,10106,11.42001016277268,0,2.0,0,0,0,0.0
1,1,1,19667,7799,11.4194570155118,0,1.0,0,2,0,192.5
1,1,1,48525,10586,11.418980680175778,0,1.0,0,0,0,0.0
1,1,1,43330,4117,11.41891701880736,0,1.0,0,0,0,0.0
1,3,2,55595,4553,11.418905167462515,0,21.0,0,0,0,0.0
1,1,1,102841,11758,11.41864218802175,0,1.0,0,0,0,0.0
1,1,1,7168,2682,11.417280202319414,0,2.0,0,0,0,0.0
0,1,1,1849,279,11.417113174408549,0,1.0,0,0,0,0.0
0,1,1,281958,9743,11.416986231928764,0,2.0,0,0,0,0.0
0,1,1,116458,2344,11.416865627066544,0,1.0,0,0,0,17.0
0,1,1,13759,13256,11.41666938273871,0,7.0,0,0,0,0.0
1,2,2,122309,6,11.416581226478412,0,13.0,0,2,0,144.33333333333334
0,1,1,176,1,11.416294195778994,0,2.0,0,0,0,0.0
0,1,1,8419,875,11.416259275506222,0,1.0,0,0,0,0.0
1,1,1,46338,15352,11.41592502955596,0,3.0,0,0,0,0.0
0,1,1,18138,30,11.414260200798386,0,2.0,0,0,0,0.0
0,1,1,6431,461,11.413280817068316,0,1.0,0,0,0,0.0
0,1,1,23147,1308,11.41310029003204,0,4.0,0,0,0,0.0
0,1,1,126454,1215,11.412728905642862,0,6.0,0,1,0,203.0
1,1,1,24354,641,11.411830263160542,0,5.0,0,0,0,0.0
1,6,3,138291,7875,11.411274295659846,0,76.0,0,0,0,0.0
1,1,1,5587,782,11.411019903690876,0,5.0,0,1,0,48.0
0,1,1,13250,3845,11.4108560129007,0,2.0,0,0,0,0.0
1,1,1,2337,104,11.410556718911296,0,1.0,0,0,0,0.0
1,1,1,7473,116,11.409894437875984,0,4.0,0,0,0,0.0
0,1,1,20996,156,11.40845779503876,0,1.0,0,0,0,0.0
0,1,1,28527,5140,11.40838919032864,0,1.0,0,0,0,0.0
0,1,1,6284,95,11.408159388315816,0,1.0,0,0,0,0.0
0,1,1,10915,287,11.408069045577458,0,1.0,0,0,0,0.0
0,1,1,25478,5889,11.40804550132821,0,1.0,0,0,0,0.0
1,1,1,10391,21,11.407954112882956,0,1.0,0,0,0,0.0
1,1,1,13733,9704,11.407746650972037,0,1.0,0,0,0,0.0
1,1,1,10692,186,11.407362052650235,0,1.0,0,0,0,0.0
1,2,2,5580,774,11.407155287877252,0,11.0,0,5,23,85.4
1,1,1,5805,1372,11.40712036760448,0,1.0,0,0,0,0.0
1,1,1,16330,80,11.406365208783784,0,3.0,0,0,0,0.0
1,1,1,1463,83,11.405981624480797,0,1.0,0,0,0,0.0
0,1,1,3624,323,11.405584129107256,0,1.0,0,0,0,0.0
1,1,1,72046,7072,11.405542237455164,0,3.0,0,0,0,0.0
0,1,1,100463,72,11.405417703270055,0,1.0,0,0,0,0.0
0,1,1,2642,2915,11.40481851321758,0,1.0,0,0,0,0.0
0,6,3,49465,1693,11.40464064798068,0,56.0,0,0,0,0.0
0,1,1,195,2,11.40461339622516,0,1.0,0,0,0,0.0
1,1,1,16952,6295,11.403564076885289,0,1.0,0,0,0,0.0
0,1,1,10771,5237,11.402497012216235,0,2.0,0,0,0,0.0
1,7,3,48105,951,11.402238088850709,0,229.0,0,1,0,79.0
1,1,1,3586,436,11.402041686082438,0,1.0,0,0,0,0.0
0,1,1,2551,7,11.40194250236758,0,1.0,0,0,0,0.0
0,1,1,5531,22,11.401805609828225,0,1.0,0,0,0,0.0
1,1,1,3096,4427,11.401779245339162,0,1.0,0,0,0,0.0
0,1,1,1019,8,11.40145906889989,0,3.0,0,0,0,0.0
1,1,1,5047,15,11.401300691836996,0,1.0,0,0,0,0.0
0,1,1,157,1,11.399677247722106,0,1.0,0,0,0,0.0
1,1,1,2781,12,11.398829686437344,0,1.0,0,0,0,0.0
1,1,1,184063,13410,11.397626331302607,0,1.0,0,0,0,0.0
1,1,1,66922,15692,11.39743465005942,0,1.0,0,0,0,0.0
1,1,1,11515,475,11.39689655464025,0,2.0,0,0,0,0.0
0,1,1,3,1,11.396584236846754,0,1.0,0,1,0,710.0
1,1,1,3404,1109,11.396022311985549,0,1.0,0,0,0,0.0
1,2,2,11150,29875,11.394973404590816,0,10.0,0,1,28,161.33333333333334
1,1,1,88998,458,11.394958511189545,0,1.0,0,0,0,0.0
1,1,1,29328,1925,11.39396746624316,0,1.0,0,0,0,25.0
1,2,2,6490,756,11.393939897606762,0,11.0,0,0,0,0.0
1,1,1,2457,175,11.393819229368368,0,1.0,0,0,0,0.0
0,1,1,10372,446,11.393769193877707,0,1.0,0,0,0,0.0
0,1,1,30724,4890,11.392109466902273,0,1.0,0,0,0,0.0
1,1,1,86551,3930,11.391669604555323,0,9.0,0,0,38,140.08333333333334
0,1,1,13819,6056,11.391608985243336,0,1.0,0,0,0,0.0
1,1,1,723,1,11.391494274365453,0,1.0,0,0,0,0.0
1,1,1,0,1,11.391418539835575,0,1.0,0,1,0,92.0
1,1,1,310,110,11.390831613073084,0,4.0,0,0,0,0.0
0,1,1,108221,829,11.389847127560875,1,1.0,0,0,0,0.0
1,1,1,3795,1,11.389640774733031,0,1.0,0,0,0,0.0
0,1,1,19456,3006,11.3896286381954,0,2.0,0,0,0,0.0
1,1,1,6107,808,11.389324590992825,0,1.0,0,2,0,59.357142857142854
1,1,1,1021,15,11.389279752348568,0,1.0,0,0,0,0.0
0,1,1,28941,40213,11.388985021443808,0,1.0,0,0,0,0.0
0,1,1,19499,1,11.38896283978234,0,3.0,0,0,0,0.0
0,1,1,121191,919,11.388921138258777,0,9.0,0,0,0,0.0
0,1,1,21521,2094,11.38885050551104,0,2.0,0,0,0,0.0
1,1,1,12280,2601,11.38876003602033,0,1.0,0,4,17,49.0
0,2,2,987,1,11.388520854333509,0,17.0,0,0,0,0.0
1,1,1,119,1,11.38744580426633,0,1.0,0,0,0,0.0
1,1,1,82106,18597,11.38692453522179,0,1.0,0,0,0,0.0
1,1,1,27571,7770,11.385869923971253,0,1.0,0,0,0,0.0
1,2,2,7557,2,11.385407911650924,0,12.0,0,0,0,0.0
1,1,1,3298,749,11.384589725223565,0,1.0,0,2,5,355.5
1,1,1,1587,3592,11.38431134537212,0,1.0,0,0,0,0.0
1,1,1,17813,48340,11.383784435847948,0,2.0,0,0,0,0.0
0,1,1,7350,2282,11.383768401675512,0,2.0,0,0,0,0.0
1,1,1,38573,5093,11.38290936930296,0,1.0,0,0,0,0.0
1,1,1,730,41,11.382520588153572,0,1.0,0,0,0,0.0
0,1,1,13183,6046,11.382278459474584,0,1.0,0,0,0,0.0
1,1,1,31301,2177,11.382128986764366,0,1.0,0,0,0,0.0
1,1,1,2568,1193,11.38147168075884,0,1.0,0,0,0,0.0
0,1,1,6,1,11.381179896846248,0,1.0,0,0,0,0.0
0,1,1,40,117,11.380959347755065,0,1.0,0,0,0,0.0
0,1,1,212,5,11.38091691740548,0,1.0,0,0,0,0.0
0,1,1,50830,423,11.380616197452124,0,1.0,0,5,43,61.4
0,1,1,123951,608,11.380502342152608,0,4.0,0,15,29,69.8936170212766
1,1,1,24374,11,11.38016064950171,0,2.0,0,0,0,0.0
1,1,1,7140,209,11.37978837784607,0,4.0,0,0,0,0.0
0,1,1,5369,2691,11.379290462922247,0,1.0,0,0,0,0.0
1,1,1,78123,652,11.379009484647602,0,6.0,0,0,0,0.0
0,1,1,28407,874,11.378400471287904,0,1.0,0,0,0,0.0
1,1,1,17154,1869,11.378394355486956,0,1.0,0,0,33,48.75
1,1,1,5840,63,11.37825568841468,0,1.0,0,0,0,0.0
1,1,1,1529,26,11.378116641085354,0,1.0,0,0,0,0.0
1,1,1,188,1,11.378070091284355,0,4.0,0,0,0,0.0
1,1,1,903,7273,11.377573824141098,0,1.0,0,0,0,0.0
0,1,1,93,1,11.377524802669251,0,1.0,0,0,0,0.0
0,1,1,7181,1,11.377396719418307,0,1.0,0,0,0,0.0
1,1,1,15756,2317,11.376927925847186,0,1.0,0,0,0,0.0
0,1,1,9248,1340,11.375370012697896,0,1.0,0,0,0,0.0
0,1,1,7416,235,11.374888924148705,0,1.0,0,0,0,0.0
0,1,1,12,1,11.374800355943265,0,1.0,0,0,0,0.0
0,1,1,603,2,11.374302789588407,0,1.0,0,0,0,0.0
0,1,1,15654,10324,11.373624664509189,0,1.0,0,0,0,0.0
0,1,1,12,1,11.373147980604202,0,1.0,0,0,0,0.0
0,1,1,1492,304,11.372644488576924,0,1.0,0,0,0,0.0
0,1,1,27016,16668,11.372433002278854,0,1.0,0,0,0,0.0
0,1,1,70124,3828,11.3721437217252,0,2.0,0,0,0,0.0
1,1,1,16990,46,11.371958283035312,0,2.0,0,0,0,0.0
0,1,1,2,1,11.37185799023738,0,1.0,0,1,0,114.0
1,1,1,34112,41073,11.370608465558698,0,2.0,1,5,45,43.02777777777778
1,1,1,107451,9583,11.370495275709024,0,4.0,0,0,0,0.0
0,1,1,7,1,11.370227257862297,0,2.0,0,0,0,0.0
0,1,1,75954,3964,11.369982689200546,0,1.0,0,0,0,0.0
1,1,1,6637,160,11.36989798694182,0,1.0,0,0,0,0.0
0,1,1,2497,299,11.369712167994878,0,1.0,0,0,0,0.0
0,1,1,0,1,11.36970329533029,0,1.0,0,1,0,351.0
0,1,1,8691,727,11.369406536387912,0,1.0,0,0,0,0.0
1,1,1,11,1,11.369398646054046,0,1.0,0,1,0,103.0
0,1,1,6611,524,11.368824014269626,0,1.0,0,0,0,0.0
0,1,1,100030,15350,11.368637878441806,0,2.0,0,12,48,33.666666666666664
0,1,1,30079,31315,11.367866368567798,0,8.0,0,0,0,0.0
1,1,1,900,297,11.366463568608358,0,2.0,0,0,0,0.0
0,1,1,17912,35146,11.36646049486384,0,1.0,0,0,0,0.0
1,1,1,55640,3533,11.365084312898166,0,2.0,0,0,13,94.83333333333331
1,1,1,447,491,11.364989755644128,0,1.0,0,0,0,0.0
1,1,1,9743,305,11.364597520493168,0,1.0,0,0,0,0.0
0,1,1,3645,527,11.364572962225113,0,6.0,0,0,0,0.0
1,1,1,7086,15,11.364448776608969,0,9.0,0,1,11,74.66666666666667
1,1,1,11820,93,11.362572841810376,0,1.0,0,0,0,0.0
0,6,3,200280,5078,11.362244584908712,0,65.0,0,0,0,67.0
1,1,1,155075,4809,11.36206557890065,0,5.0,0,11,45,93.72972972972973
1,1,1,12675,7129,11.362053790931984,0,2.0,0,0,0,0.0
0,1,1,135355,980403,11.361680758762237,0,1.0,0,0,0,0.0
0,1,1,19015,3118,11.361489457776104,1,1.0,0,0,0,0.0
0,1,1,154314,53996,11.361078114708189,0,9.0,0,0,0,0.0
0,1,1,3619,358,11.360377966407938,0,2.0,0,0,0,0.0
1,1,1,63451,372,11.3588480021521,0,3.0,0,0,0,0.0
1,1,1,2169,69,11.358423825408623,0,1.0,0,0,0,0.0
1,1,1,3436,1077,11.356970261132505,0,1.0,0,0,0,0.0
0,2,2,4917,122,11.356660826955002,0,11.0,0,0,0,0.0
0,1,1,32729,5030,11.355720894894262,0,2.0,0,0,0,0.0
0,1,1,25337,11122,11.355409052422084,0,3.0,0,0,0,0.0
0,1,1,12049,2065,11.355030126268003,0,2.0,0,0,0,0.0
0,1,1,1488,909,11.35465994602616,0,1.0,0,0,0,0.0
1,1,1,7832,8193,11.354082018680607,0,1.0,0,0,0,0.0
0,1,1,3901,126,11.353491574540367,0,1.0,0,0,0,0.0
0,1,1,38262,3177,11.351543517653914,0,1.0,0,0,0,0.0
0,2,2,51534,1910,11.35040100364778,0,14.0,0,1,28,95.16666666666669
0,1,1,17838,1,11.3499791718228,0,1.0,0,0,0,0.0
0,1,1,6501,9342,11.349075427558342,0,1.0,0,0,0,0.0
1,1,1,4460,6466,11.348878644533018,0,1.0,0,0,0,0.0
0,1,1,447,334,11.34872986896073,0,1.0,0,0,0,0.0
0,1,1,6528,65,11.34869393466915,0,2.0,0,0,0,0.0
1,2,2,8528,3000,11.348614967954315,0,10.0,0,0,0,0.0
1,1,1,45093,1368,11.348278408773645,0,1.0,0,0,0,0.0
0,1,1,101633,707,11.348018154508429,0,1.0,0,0,0,0.0
0,1,1,294,1,11.34792692450361,0,1.0,0,1,0,236.0
0,1,1,15623,1216,11.347830022331076,0,1.0,0,0,0,0.0
0,1,1,22919,642,11.34765760744528,0,1.0,0,0,0,114.0
0,1,1,3,26,11.347224811541915,0,1.0,0,1,0,251.0
1,1,1,1770,15,11.347153228151544,0,2.0,0,0,0,0.0
0,1,1,13423,282,11.347136972162495,0,2.0,0,0,0,0.0
0,1,1,182845,1929,11.346270841658274,0,1.0,0,0,0,0.0
0,1,1,5645,1893,11.346040659388391,0,1.0,0,0,0,0.0
0,1,1,1208,272,11.345794379569902,0,1.0,0,0,0,0.0
0,1,1,12930,791,11.34484522627561,0,1.0,0,0,0,0.0
1,1,1,4687,1791,11.34450134714665,0,1.0,0,0,0,0.0
1,1,1,12506,9234,11.343015556085229,0,2.0,0,0,0,0.0
1,1,1,9512,422,11.342051762894362,0,1.0,0,0,0,0.0
1,1,1,3004,2914,11.341995643290844,0,3.0,0,0,0,111.0
1,3,2,4932,722,11.341760834560144,0,20.0,0,2,11,121.0
1,1,1,7889,56,11.341594662227646,0,1.0,0,0,0,0.0
0,1,1,26638,10315,11.340793935936674,0,1.0,0,0,41,23.5
0,1,1,3892,26,11.340677989223362,0,1.0,0,0,0,0.0
1,1,1,36603,3452,11.340434688085123,0,4.0,0,8,51,46.25
1,1,1,26038,1035,11.3400119373056,0,1.0,0,0,0,0.0
1,2,2,3680,1228,11.339592862344258,0,10.0,0,0,0,0.0
1,1,1,35919,254,11.339358053613555,0,3.0,0,0,0,0.0
1,1,1,4573,977,11.338823158691255,0,1.0,0,0,0,0.0
0,1,1,40366,513,11.338635470147132,0,2.0,0,2,1,169.5
1,1,1,65123,338,11.338525068849188,0,2.0,0,0,0,0.0
1,1,1,2243,19,11.337989793669834,0,3.0,0,0,0,0.0
1,1,1,17571,421,11.337675796407686,0,4.0,0,0,0,97.0
0,1,1,8809,1123,11.336748159325015,0,1.0,0,1,7,65.0
1,1,1,5966,731,11.33674175833128,0,1.0,0,0,0,0.0
0,1,1,3761,1,11.336681265771642,0,1.0,0,0,0,0.0
1,1,1,5888,696,11.335081302529824,0,9.0,0,12,41,143.67857142857142
0,1,1,51504,39867,11.33503234443415,0,1.0,0,0,0,0.0
0,1,1,26,19,11.334637415795724,0,3.0,0,0,0,0.0
0,1,1,2855,1,11.33339470405592,0,1.0,0,0,0,0.0
1,1,1,561,72,11.33213009584744,0,1.0,0,0,0,0.0
1,1,1,6307,523,11.331903874588535,0,1.0,0,0,0,0.0
1,1,1,44706,2051,11.331324045957714,0,3.0,0,0,0,0.0
0,1,1,634,64,11.330246270714984,0,1.0,0,0,0,0.0
0,1,1,221,1,11.328971110373258,0,2.0,0,1,0,409.0
0,1,1,118,1,11.328945759903007,0,1.0,0,0,0,0.0
1,6,3,14597,1273,11.32884945980414,0,69.0,0,0,0,0.0
0,1,1,5851,368,11.328705310692676,0,1.0,0,0,0,0.0
1,1,1,164811,12852,11.328486979767636,0,7.0,0,0,0,0.0
0,1,1,2467,90,11.3284808322786,0,1.0,0,0,0,0.0
1,1,1,93769,5346,11.328194942350342,0,1.0,0,0,0,0.0
1,1,1,24364,265,11.328126432704488,0,6.0,0,0,0,0.0
0,1,1,31,1,11.327879170555276,0,1.0,0,1,0,50.0
0,1,1,4273,2074,11.327787655357668,0,2.0,0,0,0,0.0
1,1,1,17583,3466,11.327787084972089,0,1.0,0,1,5,158.6
1,1,1,30201,2461,11.32687202806028,0,3.0,0,9,52,198.68
0,1,1,12011,3541,11.326764288561714,0,1.0,0,0,0,0.0
0,1,1,101033,2054,11.326555939384336,0,3.0,0,4,35,185.84615384615384
1,1,1,417025,32061,11.325544011988084,0,3.0,0,0,0,0.0
0,1,1,4441,776,11.32472256168768,0,4.0,0,0,0,0.0
1,1,1,1904,1,11.32371770073501,0,1.0,0,0,0,96.0
0,1,1,11546,1,11.323141421170025,0,2.0,0,0,0,0.0
0,1,1,33440,2997,11.322945842292036,0,1.0,0,0,0,0.0
1,1,1,37423,19739,11.322545875247648,0,3.0,0,0,0,0.0
1,1,1,18,1,11.321653918951858,0,1.0,0,0,0,0.0
0,1,1,26176,4831,11.321576790146118,0,1.0,0,0,0,0.0
1,1,1,471,82,11.320971515980784,0,1.0,0,0,0,0.0
1,1,1,19748,583,11.320300552409408,0,2.0,0,0,0,0.0
1,2,2,12842,2825,11.320232042763555,0,16.0,0,0,0,86.33333333333333
0,1,1,17208,1741,11.319005682077064,0,1.0,0,0,0,0.0
0,1,1,24822,6783,11.318316529543283,0,2.0,0,0,0,25.0
1,1,1,36037,20347,11.315986504446318,0,1.0,0,0,0,0.0
0,1,1,13163,2496,11.315785918850455,0,1.0,0,0,0,149.0
1,1,1,32852,1286,11.315594237607268,1,2.0,0,0,0,0.0
1,1,1,126836,368199,11.315335504370267,0,2.0,0,0,0,0.0
1,1,1,25821,74,11.314952236948155,0,6.0,0,0,0,0.0
1,1,1,2193,16646,11.31493826250143,0,1.0,0,0,0,0.0
1,1,1,198640,18956,11.314885818716098,0,8.0,0,0,31,81.14285714285714
1,1,1,12043,59,11.314785557606257,0,4.0,0,0,0,0.0
0,1,1,42278,281,11.314213492556949,0,3.0,0,2,39,118.0
1,1,1,2668,1,11.313482068114023,0,1.0,0,0,0,0.0
0,1,1,649,70,11.312580700456154,0,1.0,0,0,0,0.0
1,1,1,13760,34,11.31208513045083,0,1.0,0,0,0,0.0
1,1,1,183874,52575,11.311925168983546,1,1.0,0,0,0,0.0
0,1,1,0,1,11.311610347831111,0,1.0,0,0,0,0.0
1,1,1,66690,1855,11.311227999363547,1,2.0,0,0,0,0.0
0,1,1,2336,6906,11.31115521182584,0,1.0,0,0,0,0.0
1,1,1,1196,1,11.311032705678352,0,4.0,0,0,0,0.0
1,1,1,14575,135,11.309791673407204,0,1.0,0,0,0,0.0
0,1,1,521666,844,11.309720058328743,0,6.0,0,0,0,0.0
0,1,1,177910,1278,11.309682983266,1,8.0,0,0,0,0.0
0,1,1,17080,211,11.30945539941932,0,1.0,0,6,31,53.97826086956522
1,1,1,462,18,11.30911155197845,0,1.0,0,0,0,0.0
0,1,1,13314,174,11.308823317131694,0,2.0,0,0,0,0.0
0,1,1,30674,7158,11.308641332443376,0,3.0,0,0,0,0.0
0,1,1,5173,19,11.307698833647525,0,9.0,0,0,0,0.0
0,1,1,28479,103,11.307012628105912,0,1.0,0,0,0,0.0
0,1,1,166893,810,11.306573906530128,0,1.0,0,0,0,0.0
0,1,1,6808,2016,11.306082424288132,0,1.0,0,0,0,0.0
1,1,1,41224,4032,11.304652087380385,0,9.0,0,0,0,0.0
1,1,1,90360,262,11.304323069964608,0,4.0,0,0,4,53.5
1,1,1,19071,241,11.30383900273516,0,1.0,0,0,0,0.0
1,1,1,55044,1546,11.30366015516754,0,3.0,0,0,0,0.0
0,1,1,3702,3546,11.30296650292529,0,5.0,0,0,0,0.0
1,1,1,80171,991,11.302068969526044,0,1.0,0,0,0,0.0
0,1,1,24475,261,11.30197498265759,0,2.0,0,3,29,143.5
1,1,1,7568,17,11.300682108674778,0,1.0,0,0,11,85.8048780487805
0,1,1,21801,43,11.299450582829971,0,3.0,0,0,0,0.0
1,1,1,1697,149,11.299398899558748,0,1.0,0,0,0,0.0
0,1,1,13206,3984,11.298996397467334,0,1.0,0,0,0,0.0
1,1,1,34421,10715,11.29889775244997,0,3.0,0,0,0,0.0
0,1,1,4746,3,11.296394583641188,0,1.0,0,0,0,0.0
0,1,1,15047,1118,11.296193712852537,1,2.0,0,0,0,0.0
0,1,1,200659,22305,11.295658786242146,0,9.0,0,2,40,51.705882352941174
0,1,1,870,6720,11.295520562803102,1,1.0,0,0,0,0.0
0,1,1,2496,33,11.293647163051537,0,1.0,0,0,0,0.0
1,1,1,102920,293,11.293500478893044,0,2.0,0,0,0,0.0
1,1,1,62925,1001,11.29342122698542,0,5.0,0,0,0,9.0
1,1,1,23667,1358,11.29320555785976,0,1.0,0,0,0,0.0
1,1,1,17095,8442,11.292551293910662,0,1.0,0,2,44,79.16666666666667
0,1,1,134786,3593,11.292509497322836,0,5.0,0,25,52,83.26744186046511
1,1,1,5473,3772,11.292357426189415,0,1.0,0,0,0,0.0
1,1,1,107889,963,11.291414610512687,0,6.0,0,3,31,161.28571428571428
1,1,1,493,455,11.29034066952858,0,1.0,0,0,0,0.0
0,1,1,32824,955,11.290340130831089,0,1.0,0,0,0,0.0
1,1,1,14143,119,11.290308442743274,0,1.0,0,0,0,0.0
1,1,1,4062,220,11.289180600321798,0,1.0,0,0,0,0.0
1,1,1,13532,4652,11.288587557758358,0,1.0,0,0,0,0.0
0,1,1,10943,3122,11.288132675257788,0,1.0,0,0,0,0.0
0,1,1,80301,26752,11.287554747912235,0,4.0,0,0,0,0.0
0,1,1,3046,1097,11.286801997386211,0,1.0,0,0,0,0.0
1,1,1,93212,2667,11.286006024308412,0,1.0,0,0,0,0.0
1,1,1,30,1,11.285857502240829,0,1.0,0,0,0,0.0
0,1,1,88394,5745,11.284927361799223,0,3.0,0,0,0,0.0
1,1,1,0,1,11.284504642707784,0,1.0,0,0,0,0.0
1,1,1,15369,14771,11.284293948611907,0,1.0,0,0,0,0.0
1,1,1,2790,322,11.284174421144671,0,1.0,0,0,0,0.0
0,1,1,145038,557,11.284089053436103,0,3.0,0,0,0,0.0
1,1,1,17496,1086,11.283621400636145,0,1.0,0,0,0,0.0
0,1,1,66098,232900,11.28346128072842,1,4.0,0,9,42,159.5681818181818
1,1,1,19001,12,11.283191900293913,0,6.0,0,0,0,0.0
0,1,1,92278,9,11.283178274416152,0,2.0,0,0,0,0.0
1,1,1,1050,5662,11.282982505409636,0,1.0,0,0,0,0.0
1,1,1,75686,37137,11.28237406243552,0,1.0,0,0,5,28.166666666666668
0,1,1,65101,13012,11.282160611476003,0,4.0,0,0,0,0.0
1,1,1,13818,619,11.282084655129514,0,3.0,0,0,0,0.0
1,1,1,37435,1829,11.281753197730978,0,1.0,0,0,0,0.0
1,1,1,212109,15027,11.28156937513357,0,1.0,0,0,0,0.0
1,1,1,40998,3655,11.281278700304052,0,1.0,0,0,0,0.0
0,1,1,41,1,11.280760536692116,0,1.0,0,0,0,0.0
0,1,1,56548,2182,11.280099269675611,0,1.0,0,0,0,25.666666666666668
0,1,1,28625,1445,11.280070148322912,0,1.0,0,0,19,47.77777777777778
0,1,1,15626,1689,11.279772343673637,0,3.0,0,1,0,256.0
1,1,1,973884,4495,11.279687831543436,1,2.0,0,0,0,0.0
0,1,1,22835,7474,11.2787684333636,0,1.0,1,2,44,388.2
0,1,1,11184,321,11.277437343546884,0,1.0,0,0,1,121.75
0,1,1,47915,2568,11.277076067657717,0,2.0,0,0,0,0.0
0,1,1,16839,15069,11.276162056452808,0,1.0,0,1,0,176.0
0,1,1,287,262,11.275731922348822,0,2.0,0,1,0,260.0
1,1,1,11302,2,11.275277261664865,0,3.0,0,0,0,0.0
1,1,1,20232,2214,11.274559526475878,0,1.0,0,0,0,0.0
1,1,1,7589,50019,11.274210830757571,0,1.0,0,0,0,0.0
1,1,1,10051,4170,11.27269442900332,0,2.0,0,0,0,0.0
1,1,1,23924,3042,11.272358345143964,0,1.0,0,1,15,59.0
1,2,2,23646,1107,11.271092944733288,0,10.0,0,0,0,0.0
1,1,1,18931,1521,11.27091473092742,0,5.0,0,0,0,0.0
0,1,1,339731,7658,11.269591563132655,0,5.0,0,0,0,0.0
1,2,2,55616,641,11.268631414071892,0,18.0,0,0,25,31.8
0,1,1,4000,680,11.268459347755062,0,9.0,0,1,0,248.0
1,1,1,1817,1,11.266581004661798,0,1.0,0,0,0,0.0
0,1,1,1739,2624,11.266398893221131,0,1.0,0,9,47,73.36363636363636
0,1,1,6106,69,11.26539663069166,0,1.0,0,0,0,0.0
0,1,1,81050,7637,11.265365291172811,0,4.0,0,0,0,0.0
0,1,1,2380,150,11.26522687760524,0,2.0,0,0,0,123.0
0,1,1,6393,188,11.264001087304331,0,1.0,0,0,0,0.0
0,1,1,9108,1554,11.26398441937014,0,1.0,0,0,0,0.0
1,1,1,5339,68,11.263224158767306,0,1.0,0,0,0,0.0
0,1,1,4010,633,11.262928033586684,0,3.0,0,0,0,0.0
0,1,1,4520,3695,11.262733595479858,0,1.0,0,0,0,0.0
1,1,1,302079,259816,11.2626596354829,0,1.0,0,0,0,0.0
1,1,1,12881,139,11.26230926029594,0,1.0,0,0,0,0.0
1,1,1,92439,93,11.261552010061449,0,1.0,0,1,0,27.0
1,1,1,930,1,11.261029219988693,0,1.0,0,0,0,0.0
0,1,1,13209,1134,11.26088979240231,0,1.0,0,0,0,0.0
1,1,1,68615,6348,11.259855683344588,0,6.0,0,0,0,0.0
0,1,1,12574,657,11.259674902803608,0,1.0,0,0,0,0.0
1,1,1,350,2,11.2590838565897,0,1.0,0,0,0,0.0
1,1,1,1378,85,11.258515150477702,0,1.0,0,0,0,0.0
1,1,1,26268,1045,11.257823209392196,0,1.0,0,0,0,0.0
0,1,1,13742,57,11.257404578064085,0,1.0,0,1,6,191.36363636363637
1,1,1,21931,517,11.25726866785545,0,1.0,0,0,0,0.0
1,1,1,60501,20799,11.256535627320048,0,3.0,0,0,0,0.0
1,1,1,28359,35837,11.256257374220953,0,1.0,0,0,0,0.0
0,4,2,20505,1573,11.255827398557404,0,38.0,0,3,51,81.35714285714286
1,1,1,6535,1664,11.25497090123188,1,1.0,0,0,0,0.0
1,1,1,145184,3636,11.25437133092235,0,1.0,0,0,0,0.0
0,1,1,101562,16159,11.25422854439866,0,3.0,0,0,0,0.0
1,1,1,3764,11,11.2538669833167,0,1.0,0,0,0,0.0
0,1,1,31852,1,11.252537034271146,0,1.0,0,0,0,0.0
1,1,1,31942,995,11.25242289377884,0,1.0,0,0,0,48.0
1,1,1,8351,494,11.252128289626434,0,9.0,0,0,0,0.0
1,1,1,11461,15610,11.251736783301492,0,1.0,0,0,0,0.0
1,1,1,1614,74,11.251017020074883,0,1.0,0,0,0,0.0
0,1,1,1844,941,11.250297256848276,0,1.0,0,0,0,0.0
0,1,1,68976,288,11.250223930613076,0,1.0,0,0,0,0.0
1,1,1,6421,166,11.249693947344385,0,1.0,0,0,0,0.0
1,1,1,185036,52430,11.249404096405147,0,2.0,0,0,0,0.0
1,1,1,35749,409,11.24901037191406,0,1.0,0,5,37,36.578947368421055
1,3,2,119851,39179,11.248944238874792,0,29.0,0,0,0,0.0
1,1,1,32097,885,11.24724810228646,0,1.0,0,0,0,0.0
0,1,1,2526,2615,11.247084655129514,0,1.0,0,0,0,0.0
0,1,1,6493,1,11.245765796914696,0,1.0,0,0,0,0.0
1,2,2,314674,306415,11.245392035918927,1,10.0,0,0,0,0.0
1,1,1,17860,2616,11.24419505008984,0,1.0,0,0,0,0.0
1,1,1,89999,1382,11.243658063753744,0,1.0,0,0,20,40.92307692307692
0,1,1,3824,3,11.243052092450476,0,1.0,0,0,0,0.0
1,1,1,1330,103,11.241112686411997,0,1.0,0,0,0,0.0
0,1,1,4029,1028,11.241100803379064,0,1.0,0,0,0,0.0
1,1,1,2270,397,11.241085688161176,0,1.0,0,0,0,0.0
0,3,2,7272,612,11.240748875475802,0,21.0,0,0,0,0.0
0,6,3,166440,955,11.240071764415392,0,86.0,0,29,48,102.32
0,1,1,1147,1,11.23986956272705,0,1.0,0,0,0,0.0
0,1,1,13579,1252,11.239795349225387,0,1.0,0,0,0,0.0
0,1,1,57238,5857,11.23952048675169,0,9.0,0,6,44,70.46913580246914
1,1,1,1770,61,11.239026532838846,0,2.0,0,0,0,0.0
1,1,1,8764,697,11.238237087507134,0,1.0,0,0,0,0.0
1,1,1,5780,122,11.237238754300554,0,1.0,0,0,0,0.0
0,1,1,45769,8708,11.236624670846805,0,1.0,0,0,0,0.0
1,1,1,1543,1,11.236289157373031,0,1.0,0,1,0,410.0
1,1,1,60905,583,11.235778852406874,0,3.0,0,0,0,0.0
1,3,2,24798,4411,11.235604251043018,0,27.0,0,0,0,0.0
1,1,1,220685,31110,11.235163501429613,0,1.0,0,0,28,70.66666666666667
0,1,1,19512,1602,11.233314438129488,0,1.0,0,0,0,0.0
0,1,1,7550,294,11.233286552612212,0,1.0,0,0,0,0.0
1,1,1,4,1,11.231765017387731,0,1.0,0,0,0,0.0
0,1,1,1242,1,11.230369727505106,0,1.0,0,0,0,0.0
0,1,1,33390,8315,11.229679180695465,0,1.0,0,1,0,80.0
1,1,1,9354,1629,11.228203244629348,0,1.0,0,0,0,0.0
0,1,1,25936,1861,11.227908989045908,0,1.0,0,0,0,0.0
0,1,1,-100,4116,11.226808651884651,0,1.0,0,1,0,28.0
1,1,1,23995,1557,11.225662969069738,0,1.0,0,0,0,49.0
1,1,1,2732,7175,11.224802795926026,0,1.0,0,0,0,0.0
1,1,1,29,1,11.224311060179328,0,1.0,0,0,0,0.0
1,1,1,76388,5,11.22274776005511,0,1.0,0,0,0,0.0
0,1,1,46159,29901,11.222659730547162,0,1.0,0,0,0,48.5
1,1,1,17818,100,11.222359010593808,0,3.0,0,0,0,0.0
0,1,1,48701,2066,11.222352070902575,0,3.0,0,0,0,0.0
1,1,1,7575,2255,11.222174395794204,1,1.0,0,0,0,0.0
0,1,1,1005,6,11.21999783610652,0,1.0,0,0,0,0.0
1,1,1,24165,2295,11.219989692267951,0,5.0,0,0,0,0.0
0,1,1,32550,1,11.21989839888696,0,5.0,0,0,0,0.0
0,1,1,58685,368,11.218953333355994,1,2.0,0,0,0,0.0
0,1,1,4,1,11.218774454100284,0,1.0,0,1,0,152.0
1,1,1,54192,129,11.217027806699976,0,1.0,0,0,0,0.0
0,1,1,1203,2711,11.216968993608992,0,1.0,0,0,0,0.0
1,1,1,1132,17,11.21684756485649,0,2.0,0,0,0,0.0
1,1,1,10544,10221,11.21633279186995,0,1.0,0,0,0,0.0
0,6,3,18604,380,11.216151282502953,0,52.0,0,0,0,0.0
0,1,1,1174,69,11.215913178211116,0,1.0,0,0,0,0.0
0,1,1,113207,47,11.21569481559799,0,2.0,0,2,49,104.38095238095238
1,1,1,18944,197,11.21172708674662,0,1.0,0,0,0,0.0
1,1,1,8049,9938,11.211339541432654,0,3.0,0,0,0,0.0
1,1,1,14100,5423,11.208966357160088,0,2.0,0,0,0,0.0
0,6,3,36738,10411,11.208833140438916,0,54.0,0,6,53,98.26315789473684
1,1,1,44641,820,11.2088326651176,0,5.0,0,0,0,0.0
1,1,1,18491,1835,11.20842487111552,0,2.0,0,0,0,0.0
0,1,1,3879,1,11.20603460696362,0,1.0,0,0,0,0.0
0,1,1,36661,58980,11.205186411917104,0,1.0,0,1,35,26.8
0,1,1,64392,662,11.203418026488553,0,1.0,0,0,0,57.0
1,1,1,23660,861,11.203352146953987,0,2.0,0,4,27,86.54838709677419
1,1,1,1363,12,11.203240953453848,0,1.0,0,0,0,0.0
1,1,1,68045,3694,11.20308102367465,0,1.0,0,0,19,76.29411764705883
0,1,1,10673,14721,11.202595657233603,0,2.0,0,0,0,0.0
1,1,1,28522,1105,11.202236567822494,0,1.0,0,0,0,0.0
0,2,2,15294,1,11.202168406745606,0,10.0,0,0,0,0.0
1,1,1,1002,166,11.201826492278093,0,1.0,0,0,0,0.0
0,1,1,405,610,11.200744153950716,0,1.0,0,0,0,0.0
0,1,1,29224,18890,11.200572562955204,0,2.0,0,0,0,0.0
0,2,2,6768,6445,11.19961371310604,0,12.0,0,1,7,49.5
0,1,1,1890,79,11.199298036375236,0,1.0,0,0,0,0.0
1,1,1,6006,225,11.199023110525362,0,4.0,0,0,0,0.0
1,1,1,151,1,11.197753622351357,0,2.0,0,0,0,0.0
0,1,1,132552,929,11.197259002988666,0,2.0,0,0,0,0.0
0,1,1,26173,2516,11.19720053846665,0,1.0,0,0,0,0.0
0,1,1,158557,8029,11.197135197629578,0,4.0,0,0,0,0.0
1,1,1,6761,1154,11.196763813240397,0,1.0,0,0,0,0.0
1,1,1,833,92,11.196509548023776,0,1.0,0,0,0,0.0
1,1,1,127934,236,11.19637018381357,0,2.0,0,0,0,0.0
1,1,1,7554,3678,11.19533518748939,0,2.0,0,0,0,0.0
0,1,1,1855,24,11.195186475293278,0,1.0,0,0,0,0.0
1,1,1,227,9,11.194342399698176,0,1.0,0,0,0,0.0
0,1,1,18163,1,11.194339642834535,0,7.0,0,0,0,0.0
1,1,1,35382,2706,11.19346850561244,0,1.0,0,0,0,0.0
1,1,1,43849,25920,11.193099497829849,0,1.0,0,0,0,0.0
1,1,1,13428,603,11.192422006512382,0,1.0,0,0,0,0.0
0,1,1,32764,1122,11.192128574819224,0,2.0,0,0,0,0.0
1,1,1,14880,17035,11.191895635685704,0,2.0,0,0,0,0.0
0,2,2,49574,44,11.1915042878012,0,11.0,0,32,47,175.77987421383648
0,1,1,64799,2992,11.190562137574313,0,1.0,0,0,0,0.0
0,1,1,20222,4815,11.190254477929727,0,4.0,0,0,0,0.0
0,1,1,3227,1057,11.190080700456155,0,2.0,0,0,0,0.0
1,1,1,2,1,11.188970191418711,0,1.0,0,1,0,1013.0
0,1,1,9080,1376,11.188740484470149,0,1.0,0,0,0,0.0
1,1,1,2987,200,11.188573995256773,0,1.0,0,0,0,0.0
1,1,1,921,147,11.18841444573463,0,1.0,0,2,5,154.33333333333334
1,1,1,5669,281,11.18759816059254,0,2.0,0,0,0,0.0
0,1,1,13224,7666,11.187577056326056,0,1.0,0,0,0,0.0
1,1,1,-8,70,11.187159724209543,0,1.0,0,0,0,0.0
1,1,1,16879,3075,11.18707153626116,0,1.0,0,0,0,0.0
1,1,1,1618,23,11.187013166803403,0,1.0,0,0,0,0.0
0,1,1,98242,28605,11.18635266030101,0,3.0,0,0,0,0.0
0,1,1,73,1,11.18632005325865,0,2.0,0,0,0,0.0
1,1,1,2407,1300,11.186265961692753,0,2.0,0,0,0,0.0
1,1,1,3102,41,11.185993380761374,0,2.0,0,7,46,59.457142857142856
0,1,1,3168,605,11.185903006334929,0,1.0,0,0,0,0.0
1,1,1,8872,1,11.185373625139908,0,2.0,0,13,53,70.92307692307692
1,1,1,20074,8321,11.18403052553791,0,1.0,0,0,0,0.0
1,1,1,2654,70,11.1839449993889,0,1.0,0,0,0,0.0
0,1,1,674,1,11.18380221286521,0,1.0,0,0,0,0.0
0,1,1,107499,8002,11.183541610031028,0,1.0,0,0,0,0.0
1,1,1,162269,20987,11.183473607394578,0,1.0,0,1,0,69.66666666666667
1,1,1,27911,1495,11.182380304988818,0,1.0,0,0,0,0.0
1,1,1,13146,34724,11.180942204499557,0,1.0,0,0,0,0.0
1,1,1,67308,8528,11.180494515194916,0,1.0,0,0,0,0.0
1,1,1,85211,5652,11.180424389456586,0,4.0,0,1,27,176.5
1,1,1,42603,11708,11.17891556115532,0,4.0,0,0,0,0.0
1,1,1,252,1,11.178895629348084,0,2.0,0,0,0,0.0
1,1,1,3803,1336,11.178779048873018,0,1.0,0,0,0,0.0
1,1,1,15193,6141,11.17857085813608,0,1.0,0,0,0,0.0
0,1,1,71193,8421,11.17840487593211,0,2.0,0,0,3,127.2
0,1,1,28034,123,11.177537731409078,0,5.0,0,0,0,0.0
0,1,1,3164,1131,11.177392790095418,0,1.0,0,0,0,0.0
1,1,1,2790,1,11.176431785456282,0,1.0,0,0,0,0.0
0,1,1,35106,19478,11.17638149646092,0,1.0,0,0,0,0.0
0,1,1,9354,5114,11.176136896111084,0,1.0,0,0,0,0.0
1,2,2,3185,1069,11.175658659489796,0,19.0,0,1,0,305.0
1,1,1,121360,5710,11.17557177075301,0,1.0,0,0,0,0.0
0,1,1,12639,1673,11.17492666466129,0,1.0,0,0,0,0.0
0,1,1,46197,172,11.174348103553982,0,1.0,0,0,0,0.0
0,1,1,25754,273,11.17310234975775,0,5.0,0,0,0,0.0
0,1,1,23859,1,11.17253697089497,0,1.0,0,0,0,0.0
0,1,1,14745,5244,11.171823418533576,0,1.0,0,0,0,0.0
1,1,1,46045,76896,11.171788086315662,0,1.0,0,0,0,0.0
1,1,1,18694,30,11.171401935277562,0,1.0,0,0,0,0.0
1,1,1,15096,94,11.169655858262832,0,1.0,0,0,0,0.0
1,1,1,89126,31770,11.16858521283986,1,5.0,0,0,0,0.0
1,1,1,242,12,11.166919496815828,0,1.0,0,0,0,0.0
1,1,1,7130,183,11.166829787839225,0,1.0,0,0,0,0.0
0,1,1,4423,263,11.166563829718202,0,3.0,0,0,0,0.0
0,1,1,5509,638,11.165873821606052,0,5.0,0,1,0,95.5
1,1,1,18236,37,11.165516886984914,0,1.0,0,1,0,57.0
0,1,1,480,1,11.164305451387785,0,1.0,0,0,0,0.0
0,1,1,58519,310040,11.162816681646106,0,3.0,0,0,0,0.0
0,1,1,7273,462,11.162271044462036,0,1.0,0,1,49,287.0
0,1,1,25,1,11.162152499325524,0,2.0,0,2,294,130.0
1,1,1,2530,1876,11.161901402917684,0,2.0,0,0,0,0.0
0,1,1,88771,888,11.16114871576784,0,1.0,0,0,0,0.0
1,1,1,41,100,11.161057929396252,0,1.0,0,0,0,0.0
0,1,1,2,1,11.159793701444825,0,1.0,0,1,0,555.0
1,1,1,19218,1123,11.15946411364347,0,3.0,0,0,0,0.0
1,1,1,885,1,11.1590937432731,0,7.0,0,1,0,54.0
0,2,2,2140,1571,11.159031000859228,0,16.0,0,3,260,50.6875
0,1,1,8009,7003,11.158934890888888,0,1.0,0,0,0,74.0
0,1,1,19,1,11.156822721395644,0,1.0,0,0,0,0.0
1,1,1,1811,1,11.156645299791972,0,1.0,0,0,0,0.0
0,1,1,67079,20891,11.156641972542753,0,3.0,0,0,0,0.0
1,1,1,344,32,11.156362451920144,0,1.0,0,0,0,0.0
0,1,1,39667,1453,11.155971357540343,0,2.0,0,0,0,0.0
0,1,1,127651,1429,11.155676626635586,0,1.0,0,0,0,0.0
0,1,1,61112,1,11.153432888201737,0,5.0,0,0,0,0.0
1,2,2,31888,3550,11.153098357058685,0,19.0,0,14,43,71.625
0,1,1,27292,30,11.152067068240775,0,1.0,0,0,0,0.0
0,1,1,10908,43,11.151681519276345,0,1.0,0,0,0,0.0
0,1,1,7752,11596,11.151081758838288,0,1.0,0,0,0,0.0
1,1,1,371176,339,11.150939701140617,0,3.0,0,0,0,0.0
0,1,1,4464,1,11.1504763579206,0,8.0,0,0,0,0.0
0,2,2,86019,295,11.148764789233502,0,15.0,0,0,0,148.0
0,5,3,7422,903,11.148446292262882,0,43.0,0,3,46,153.14150943396226
0,1,1,87170,2390,11.148383232968133,0,1.0,0,0,0,0.0
0,1,1,13910,12242,11.14735520802327,0,2.0,0,0,0,60.333333333333336
0,1,1,1109,727,11.14588168025183,0,1.0,0,0,0,0.0
0,1,1,3749,1,11.145776634240727,0,1.0,0,0,0,0.0
0,1,1,7836,515,11.145700646206148,0,1.0,0,0,0,0.0
0,3,2,13165,61,11.145173197984484,0,27.0,0,0,0,0.0
0,1,1,524,246,11.145140971199178,0,1.0,0,0,0,0.0
0,1,1,1446,124,11.144082367249574,0,1.0,0,0,0,0.0
0,1,1,51417,15591,11.14365407105468,0,6.0,0,0,9,26.3125
1,1,1,86750,3368,11.143385197629575,0,1.0,0,0,0,0.0
1,1,1,64951,3269,11.142165301313,0,1.0,0,1,0,85.0
0,1,1,10019,7396,11.140546420282757,0,1.0,0,0,0,0.0
1,1,1,2422,29,11.140189010340302,0,1.0,0,0,0,0.0
0,1,1,56,15,11.1399958080689,0,1.0,0,0,0,0.0
1,1,1,559008,21553,11.13983619517058,0,1.0,0,0,4,20.333333333333332
1,1,1,1133,99,11.138307403373991,0,1.0,0,0,0,0.0
1,1,1,24009,661,11.13805393035957,0,3.0,0,0,0,0.0
1,1,1,189128,306,11.137984945392398,0,3.0,0,1,38,79.5
0,1,1,6934,7655,11.13776487162253,0,2.0,0,0,0,0.0
1,1,1,3722,224,11.137710716680456,0,1.0,0,0,0,0.0
1,1,1,1053,396,11.13769224252526,0,2.0,0,0,0,0.0
1,1,1,13284,3088,11.137523566833826,0,2.0,0,0,0,0.0
1,1,1,8461,8266,11.13726952343382,0,1.0,0,0,0,0.0
0,1,1,13209,20781,11.13686698965432,0,1.0,0,0,0,0.0
0,1,1,3603,1,11.1366985357795,0,3.0,0,0,0,0.0
1,1,1,232611,75923,11.136592919382815,0,1.0,0,0,675,53.5
1,1,1,280929,2418,11.13536009432641,0,1.0,0,0,0,0.0
1,1,1,630,13,11.134882237962175,0,1.0,0,0,0,0.0
1,1,1,193709,1139,11.134747278396176,0,2.0,0,1,0,123.0
1,1,1,6608,8549,11.134698985750347,0,1.0,0,3,35,79.0
0,1,1,104,13,11.13456294878936,0,1.0,0,0,0,0.0
1,1,1,14033,10440,11.133890305749333,0,6.0,0,0,0,0.0
0,1,1,106726,2063,11.133697768927776,0,3.0,0,0,0,0.0
0,1,1,482537,11299,11.133696945037492,0,9.0,0,0,0,0.0
0,1,1,80570,6723,11.132230293581108,0,2.0,0,0,0,0.0
0,1,1,22716,18097,11.131968201406798,0,4.0,0,0,0,0.0
0,1,1,54638,1,11.13184306514802,0,1.0,0,0,0,0.0
1,1,1,28422,398,11.131313050191242,0,1.0,0,0,0,0.0
0,1,1,51363,1680,11.1294445304052,0,8.0,1,6,41,66.95348837209302
0,1,1,15891,5268,11.128774739293076,0,2.0,0,0,0,0.0
1,2,2,235060,382,11.128280626939793,0,17.0,0,13,51,162.83870967741936
0,2,2,118867,8168,11.128111856184091,0,12.0,0,0,0,0.0
0,1,1,228,15,11.125860164040205,0,1.0,0,0,0,0.0
1,1,1,13818,1973,11.125145217402943,0,8.0,0,0,0,0.0
0,1,1,61106,13599,11.12424752556326,0,2.0,0,0,0,0.0
1,1,1,195094,17313,11.124230192179226,0,1.0,0,0,0,0.0
0,1,1,72938,10710,11.123425346436838,0,1.0,0,0,0,0.0
0,1,1,47,18,11.12267845820706,0,1.0,0,0,0,0.0
0,1,1,7133,68,11.121156922982582,0,1.0,0,0,0,0.0
0,1,1,8906,456,11.120452686919004,0,1.0,0,0,0,0.0
0,1,1,41456,5716,11.120004427228787,0,1.0,0,0,0,72.0
1,1,1,17366,2696,11.119578254135776,0,1.0,0,0,0,0.0
0,1,1,3098,59,11.11881510991695,0,1.0,0,0,0,0.0
0,1,1,69551,3376,11.118117655104164,0,4.0,0,0,0,0.0
1,1,1,113531,1736,11.117859999262148,0,2.0,0,0,0,0.0
0,1,1,195874,12306,11.117807999110044,0,1.0,0,0,0,0.0
0,1,1,69462,19109,11.117509275506222,1,1.0,0,5,47,78.9090909090909
1,1,1,41434,1085,11.117490801351028,0,2.0,0,0,0,0.0
0,1,1,22847,188,11.117357045932364,0,1.0,0,0,0,0.0
0,1,1,1902,63,11.116128752272516,0,2.0,0,0,0,0.0
0,1,1,78147,2779,11.11566005376566,0,5.0,0,0,0,0.0
0,1,1,9163,153,11.115637523535224,0,2.0,0,0,0,0.0
0,1,1,3729,1,11.11447510940994,0,3.0,0,0,0,0.0
0,1,1,88248,15836,11.11447206735351,0,1.0,0,0,0,56.714285714285715
0,1,1,61,224,11.113988253628769,0,1.0,0,0,0,0.0
1,1,1,21913,1372,11.113702839021824,0,2.0,0,0,0,0.0
0,1,1,49,1,11.113527889089005,0,1.0,0,0,0,0.0
0,1,1,4806,382,11.112804196539509,0,2.0,0,0,0,55.0
0,1,1,7,1,11.11228533578964,0,1.0,0,1,0,511.0
0,1,1,59654,119,11.11210845288346,0,2.0,0,0,0,0.0
1,1,1,9623,165,11.111732220216846,0,2.0,0,0,0,0.0
0,1,1,245,50,11.110508426265469,0,1.0,0,0,0,0.0
0,1,1,13989,294052,11.110349764009785,0,1.0,0,0,0,0.0
1,1,1,2635,266,11.110309171569297,0,1.0,0,0,0,0.0
0,1,1,7058,1253,11.109885280018606,0,2.0,0,2,42,262.5
0,1,1,56801,7608,11.10981822802479,0,1.0,0,0,0,0.0
1,1,1,20368,120,11.109270245922223,0,2.0,0,0,0,0.0
1,1,1,76315,266,11.109033187337287,0,2.0,0,0,0,0.0
0,1,1,1592,45,11.108029372091512,0,1.0,0,0,0,0.0
1,1,1,165,3,11.107340346310083,0,1.0,0,1,0,425.0
1,1,1,563,1,11.107199587824017,0,1.0,0,0,0,0.0
0,1,1,1140,46,11.107078824521356,0,1.0,0,0,0,0.0
0,1,1,5966,138,11.106835713511646,0,2.0,0,0,0,0.0
0,1,1,11346,173,11.106485972086444,0,1.0,0,0,0,0.0
0,1,1,76063,53,11.106267260904351,0,2.0,0,0,0,0.0
0,1,1,17371,1292,11.105791464265824,0,1.0,0,0,0,0.0
0,2,2,7601,1308,11.103985528453212,0,11.0,0,0,0,0.0
0,1,1,68750,17372,11.10354854972226,0,1.0,0,4,44,124.0
1,6,3,268211,634,11.102645154026767,0,66.0,0,0,0,0.0
0,1,1,14205,338,11.102591252589397,0,1.0,0,0,0,0.0
0,1,1,192441,12726,11.102243380761374,0,5.0,0,1,46,93.3846153846154
1,3,2,6744,733,11.101269954391816,1,29.0,2,17,52,91.05263157894736
1,1,1,34787,253,11.10126960582285,0,1.0,0,0,0,0.0
1,1,1,12767,1858,11.100862794151492,0,1.0,0,0,0,0.0
1,1,1,12632,6,11.099666727276952,0,3.0,0,0,0,0.0
0,1,1,8,1,11.09944209042244,0,1.0,0,0,0,0.0
1,1,1,31696,4529,11.09857649861571,0,8.0,0,0,0,0.0
0,1,1,12556,1189,11.0967188161557,0,3.0,0,0,0,0.0
0,1,1,90344,155,11.096306459068977,0,1.0,0,0,0,0.0
0,1,1,151,1,11.095861875196944,0,1.0,0,0,0,0.0
1,1,1,429,934,11.095576650718533,0,1.0,0,0,0,0.0
1,1,1,6301,366,11.093912772603591,0,1.0,0,0,0,0.0
1,1,1,2658,108,11.093696564780435,0,8.0,0,0,0,0.0
0,1,1,18242,668,11.09251380690278,0,1.0,0,0,0,0.0
1,1,1,76641,3811,11.091573811465864,0,1.0,0,0,0,0.0
1,1,1,1797,286,11.091496936164829,0,1.0,0,0,0,0.0
1,1,1,79,1,11.09149139074946,0,1.0,0,0,0,0.0
1,1,1,23752,2,11.091170263667552,0,1.0,0,0,22,107.25
1,1,1,1688,37,11.090391623973789,0,1.0,0,0,0,0.0
0,1,1,2,1,11.090316238012877,0,1.0,0,0,0,0.0
0,1,1,56973,1372,11.089377510099474,0,1.0,0,0,0,0.0
1,1,1,16507,7764,11.089036768091209,0,1.0,0,0,0,0.0
0,1,1,39022,109081,11.08825366037706,0,2.0,0,0,0,0.0
1,1,1,4562,17,11.08798738537516,0,1.0,0,0,0,0.0
0,1,1,5913,2362,11.087699467409282,0,1.0,0,0,0,0.0
0,1,1,10189,9233,11.087629341670947,0,1.0,0,0,0,0.0
0,1,1,10978,44,11.087429072955963,0,3.0,0,0,0,0.0
1,1,1,1927,91,11.08736303498096,0,2.0,0,0,0,0.0
0,1,1,3,1,11.087178261740917,0,2.0,0,1,0,60.0
0,1,1,43521,1566,11.086939238494535,0,1.0,0,0,0,0.0
1,1,1,11301,3767,11.085313354396884,0,3.0,0,0,0,0.0
1,1,1,29315,198,11.08518108831835,0,2.0,0,0,0,0.0
1,1,1,28701,141,11.084464842469488,0,1.0,0,0,0,0.0
0,1,1,12335,5094,11.08429014604137,0,2.0,0,0,0,0.0
1,1,1,12098,7160,11.084179839807687,0,1.0,0,0,0,0.0
0,1,1,15508,2114,11.083942907975104,0,1.0,0,0,0,0.0
1,1,1,9366,102,11.082667113871624,0,2.0,0,0,0,0.0
1,1,1,219,1,11.082631211268133,0,4.0,0,0,0,0.0
1,1,1,16503,1798,11.0824830694576,0,1.0,0,0,0,0.0
1,1,1,4848,1443,11.082065832405352,0,1.0,0,0,0,0.0
1,1,1,121784,1112,11.081968423223412,0,3.0,0,0,0,0.0
0,2,2,45008,21,11.0815419966257,0,12.0,0,0,0,0.0
0,1,1,1386,329,11.080098033840189,0,2.0,0,0,0,0.0
0,1,1,5738,6836,11.079956166271046,0,1.0,0,0,0,0.0
0,1,1,4675,855,11.079733494077976,0,1.0,0,0,0,0.0
0,1,1,3665,57,11.079364486295384,0,1.0,0,0,0,0.0
0,1,1,16571,85,11.079282382459857,0,8.0,0,3,50,58.59036144578313
0,1,1,5569,34,11.078036248406567,0,1.0,0,0,0,0.0
1,1,1,178,46,11.076696412677617,0,1.0,0,0,0,0.0
1,1,1,30437,2565,11.07464793624088,0,4.0,0,0,0,0.0
0,1,1,29866,429,11.073716148018708,0,2.0,0,0,0,0.0
1,1,1,51168,63106,11.07361781988222,0,1.0,0,0,0,0.0
0,1,1,40520,36614,11.07326902909965,0,1.0,0,0,0,0.0
1,1,1,67066,1652,11.072996828425328,0,4.0,0,1,51,111.27272727272728
1,1,1,93851,317,11.07206225165143,0,6.0,0,0,0,0.0
1,1,1,43084,2272,11.071881724615151,0,1.0,0,1,0,40.0
0,1,1,85441,723,11.07155777729343,0,5.0,0,5,41,18.5
0,1,1,52380,4340,11.071300438332292,0,2.0,0,0,0,0.0
1,1,1,63489,7146,11.071285101297793,0,1.0,0,0,0,92.0
0,1,1,115011,41081,11.069562568532309,0,1.0,0,0,0,0.0
1,1,1,11368,2351,11.069509712801834,0,1.0,0,0,0,0.0
1,2,2,8453,92,11.0685401206909,0,13.0,0,1,0,134.0
0,1,1,8828,101,11.067797161784013,0,1.0,0,0,0,0.0
0,1,1,14492,2468,11.06760383276026,0,1.0,0,0,0,0.0
0,1,1,10566,335,11.06689639619981,0,1.0,0,0,0,0.0
0,1,1,62720,2946,11.066795469640123,0,1.0,0,0,0,0.0
0,2,2,23505,9432,11.066691247519303,0,13.0,0,12,52,66.79084967320262
1,1,1,49077,17336,11.066182875526502,0,1.0,0,0,0,0.0
1,1,1,7658,105,11.065609416201331,0,1.0,0,0,0,0.0
1,1,1,23937,53729,11.065227384614646,0,1.0,0,0,0,0.0
1,1,1,867,1951,11.065201748951605,0,2.0,0,0,0,0.0
1,1,1,11287,6483,11.064811510150175,0,1.0,0,0,0,0.0
1,1,1,100692,3300,11.063576973937028,0,2.0,0,0,0,10.0
0,1,1,500,84,11.06339704897442,0,2.0,0,0,0,0.0
1,1,1,631,1,11.063111824496003,0,1.0,0,0,0,0.0
0,1,1,876,498,11.062990173926888,0,2.0,0,9,38,118.03030303030305
1,1,1,84,1,11.061245079242882,0,2.0,0,0,0,0.0
0,1,1,57022,64343,11.06074092176576,0,1.0,0,0,0,0.0
1,1,1,1082,27069,11.06010887116622,0,1.0,0,0,0,0.0
0,1,1,25568,2139,11.059837747886885,0,1.0,0,0,0,0.0
0,1,1,5580,793,11.057991536514663,0,1.0,0,0,0,0.0
1,6,3,23410,690,11.057859111995688,0,67.0,0,27,51,91.61187214611871
0,1,1,260887,4871,11.057584756531394,0,3.0,0,1,9,26.5
1,1,1,2689,159,11.05566556749294,0,1.0,0,0,0,0.0
0,1,1,28838,522,11.055494990516236,0,1.0,0,0,0,0.0
0,1,1,2680,15,11.055374132149312,0,1.0,0,0,0,0.0
1,1,1,959,612,11.0549716300579,0,6.0,0,0,0,0.0
1,1,1,9396,1995,11.054710646966663,0,1.0,0,0,0,0.0
0,1,1,112364,7678,11.053409248888228,0,1.0,0,0,0,0.0
1,1,1,-100,1,11.052619930308868,0,1.0,0,0,0,0.0
1,1,1,865,2745,11.05185627908064,0,1.0,0,1,0,63.0
1,1,1,61854,1806,11.0504623200977,0,4.0,0,0,0,0.0
0,1,1,7300,184,11.049843134861812,0,1.0,0,0,0,0.0
0,1,1,25505,4169,11.049072068621037,0,1.0,0,0,0,0.0
0,5,3,393635,2720,11.048996841100564,0,49.0,0,0,0,0.0
1,1,1,6821,8,11.048621527388494,0,9.0,0,0,0,0.0
1,1,1,16153,4910,11.048179256746874,0,1.0,0,0,0,0.0
1,2,2,57627,465,11.048009883917508,0,13.0,0,0,0,117.0
0,1,1,1841,775,11.047602406796308,0,1.0,0,0,0,0.0
0,1,1,7081,128,11.04745464524283,0,1.0,0,0,0,0.0
1,1,1,54072,9291,11.047330649755214,0,1.0,0,5,42,222.3846153846154
0,1,1,2415,815,11.047137986181305,0,1.0,0,0,0,0.0
1,1,1,406,247,11.047067480185918,0,1.0,0,0,0,0.0
0,1,1,1384,168,11.046961293403657,0,1.0,0,0,0,0.0
1,1,1,154727,1487,11.044437622402056,0,2.0,0,0,0,0.0
0,1,1,52418,5136,11.04422651636104,0,1.0,0,0,0,0.0
1,1,1,13084,1,11.044050647473671,0,1.0,0,0,0,0.0
1,1,1,5085,707,11.043683952921487,0,1.0,0,0,0,0.0
1,3,2,5079,4,11.043347203612289,0,29.0,0,4,11,179.0
0,1,1,1938,45,11.042213974215883,0,5.0,0,0,0,0.0
0,1,1,9,1,11.041600524523892,0,1.0,0,0,0,0.0
0,1,1,218,1,11.041298568735112,0,2.0,0,1,0,233.0
1,1,1,3621,432,11.040940176461934,0,1.0,0,0,0,0.0
1,1,1,171,1,11.040687210456916,0,2.0,0,1,0,95.0
0,1,1,37786,293,11.040148703092605,0,1.0,0,1,36,92.2
0,1,1,14147,71,11.039073526273071,0,2.0,0,0,0,0.0
1,1,1,13678,937,11.038994813062944,0,1.0,0,0,0,0.0
1,1,1,40361,3348,11.038930391180418,0,3.0,0,0,0,0.0
0,1,1,3926,19,11.038542497297486,0,5.0,0,0,1,139.4
1,1,1,61,1,11.034653893601387,0,3.0,0,0,0,0.0
0,1,1,27065,206,11.033390711356857,0,2.0,0,9,40,110.0
0,1,1,10414,312,11.032467225413694,0,3.0,0,0,0,0.0
1,1,1,41618,3784,11.032368928965294,0,1.0,0,0,0,0.0
0,1,1,234,1,11.031489172583314,0,2.0,0,0,0,0.0
0,1,1,556,229,11.031275911752324,0,1.0,0,0,0,0.0
1,1,1,23511,3759,11.030946862648465,0,2.0,0,0,0,0.0
1,1,1,55572,6560,11.030554120488096,1,6.0,0,0,0,0.0
1,1,1,1792,52,11.030289873523817,0,1.0,0,0,0,0.0
0,1,1,40195,140,11.029602083577812,0,1.0,0,0,0,0.0
0,1,1,107033,2922,11.027531171974902,0,1.0,0,0,0,0.0
1,1,1,174259,53359,11.026761373257637,0,1.0,0,0,0,0.0
0,1,1,3991,1,11.024744204651656,0,1.0,0,0,0,0.0
0,1,1,1129,92,11.024629113516715,0,1.0,0,0,0,0.0
0,1,1,54369,9526,11.0244622123582,0,1.0,0,0,0,0.0
0,1,1,13484,138,11.022975977663547,0,1.0,0,0,0,0.0
1,1,1,1735,187,11.022904996346844,0,1.0,0,0,0,0.0
0,1,1,345651,4447,11.02267747587634,0,1.0,0,0,0,0.0
0,1,1,633,370,11.022395420206706,0,1.0,0,0,0,0.0
1,1,1,500,95,11.022297757520064,0,1.0,0,0,0,0.0
1,1,1,37586,3080,11.021915567492938,0,5.0,0,0,0,0.0
0,1,1,15499,3440,11.021829344205996,0,1.0,0,0,0,0.0
1,1,1,83412,20294,11.021467909876389,0,1.0,0,0,0,104.0
0,1,1,27607,86,11.019951064488907,0,1.0,0,0,0,0.0
1,1,1,3095,7278,11.019217263439398,0,1.0,0,0,0,0.0
0,1,1,15301,20,11.018777559532891,0,1.0,0,0,0,0.0
0,1,1,3218,422,11.018767355968617,0,1.0,0,0,0,0.0
0,1,1,8030,1,11.017820199023854,0,1.0,0,0,0,0.0
1,1,1,131344,386827,11.017136686969703,0,1.0,0,0,0,0.0
0,1,1,12778,2856,11.01654735191254,0,1.0,0,0,0,0.0
0,1,1,95839,2213,11.016036539936977,0,1.0,0,0,0,0.0
1,1,1,346,1,11.015977283212765,0,1.0,0,0,0,0.0
1,1,1,54072,3602,11.014938737822748,0,2.0,0,0,0,0.0
1,1,1,27985,4984,11.014871971021725,0,1.0,0,0,0,0.0
0,1,1,1346,1,11.014139279055287,0,4.0,0,0,0,0.0
0,1,1,15124,6454,11.013800501708468,0,1.0,0,0,0,0.0
0,1,1,2405,208,11.013241143582375,0,4.0,0,0,0,0.0
0,1,1,1385,1,11.012169737645294,0,1.0,0,0,0,0.0
0,1,1,953,67,11.011964303771997,0,3.0,0,0,0,0.0
1,1,1,507,128,11.01194567117636,0,1.0,0,1,0,275.0
0,1,1,2034,16,11.011796927292163,0,1.0,0,0,0,0.0
0,1,1,35760,199,11.011606291755871,0,3.0,0,0,0,47.0
1,1,1,108125,18483,11.011185125380736,0,1.0,0,0,0,0.0
1,1,1,14,3,11.010725299538468,0,1.0,0,1,0,201.0
0,1,1,56263,2386,11.010527470806243,0,2.0,0,0,0,0.0
0,1,1,33,1,11.01019819988577,0,1.0,0,0,0,0.0
0,5,3,78737,9599,11.00908303269942,0,45.0,0,53,52,53.67088607594937
0,1,1,159,1,11.008181981922426,0,3.0,0,1,0,179.0
1,1,1,39062,21763,11.00777837074794,0,1.0,0,0,0,0.0
0,1,1,3825,269,11.007095999464951,0,1.0,0,0,0,0.0
0,1,1,28770,16,11.00602678000593,0,1.0,0,0,0,0.0
0,1,1,4468,366,11.005682710748443,0,1.0,0,0,0,0.0
0,1,1,22409,29168,11.005398848857809,0,1.0,0,0,0,0.0
0,1,1,64607,1880,11.004564818386545,0,1.0,0,0,0,0.0
1,1,1,3175,94,11.004079483633582,0,2.0,0,0,0,0.0
1,1,1,93,1,11.001589053436104,0,1.0,0,0,0,0.0
0,1,1,152,1,11.00096546355601,0,1.0,0,0,0,0.0
1,1,1,430716,5043,11.000802143151416,0,2.0,0,0,7,58.42857142857143
1,1,1,158911,27035,11.00062320051953,0,3.0,0,0,0,0.0
0,1,1,322,1,10.998638575579738,0,1.0,0,0,0,0.0
0,1,1,18643,675,10.997552846626968,0,3.0,0,2,18,77.14285714285714
0,1,1,16866,49,10.996296667449842,0,1.0,0,0,0,88.0
1,1,1,39088,412,10.995475438966054,0,1.0,0,2,49,116.4
1,1,1,42134,409,10.995324983925114,0,1.0,0,0,0,0.0
0,2,2,24409,1489,10.995064317714755,0,10.0,0,0,0,0.0
1,1,1,628,332,10.994624930689126,0,2.0,0,0,0,0.0
0,1,1,122,1,10.993980870304306,0,2.0,0,0,0,0.0
0,1,1,2712,134,10.992386040532711,0,1.0,0,2,0,260.0
1,1,1,154950,1559,10.991556256265214,0,2.0,0,0,0,0.0
0,1,1,24832,1672,10.991355227036124,0,1.0,0,0,0,0.0
1,2,2,1254,1,10.99097183286166,0,10.0,0,0,0,0.0
1,1,1,1272,3,10.989247398810909,0,1.0,0,0,0,0.0
0,1,1,6550,1794,10.98884556216934,0,1.0,0,0,0,0.0
1,1,1,536,1,10.988120538720157,0,7.0,0,0,0,0.0
0,1,1,663,1,10.987780937483052,0,1.0,0,0,0,0.0
0,1,1,8893,532,10.987554779600323,0,2.0,0,0,0,0.0
0,1,1,3487,61,10.98691439503369,0,1.0,0,0,0,0.0
1,1,1,5706,514,10.9865976409079,0,1.0,0,0,0,0.0
1,1,1,12855,5909,10.986384380076911,0,1.0,0,0,0,0.0
0,1,1,5625,1486,10.986342425048646,0,1.0,0,0,0,0.0
0,1,1,214338,916,10.984966338147236,0,3.0,0,0,0,0.0
1,1,1,19630,41,10.984663685220522,0,1.0,0,0,0,0.0
0,1,1,698,172,10.98304927221066,0,1.0,0,0,0,0.0
1,1,1,38510,4349,10.983030417798412,0,2.0,0,1,0,242.0
0,1,1,37782,6841,10.982381984457472,1,1.0,0,0,0,0.0
0,1,1,13401,566,10.982217903538771,0,1.0,0,0,0,0.0
0,1,1,5307,453,10.982001600651351,0,2.0,0,0,0,0.0
0,1,1,523,4,10.981769897353256,0,1.0,0,0,0,0.0
1,1,1,934,17,10.980702452427154,0,1.0,0,0,0,0.0
0,1,1,30043,17423,10.980362819501964,0,1.0,0,0,0,0.0
0,1,1,6,1,10.979746961515298,0,1.0,0,0,0,0.0
1,1,1,13920,7962,10.979137409458106,0,1.0,0,0,0,0.0
1,1,1,12790,64,10.978841569470276,0,2.0,0,0,0,0.0
0,1,1,108895,10637,10.978802846626966,0,1.0,0,0,0,0.0
1,7,3,531211,1510,10.978603686995054,0,109.0,0,82,58,81.0909090909091
0,1,1,26360,13624,10.977562669934189,0,1.0,0,0,0,0.0
1,1,1,2921,1,10.977373777242727,0,1.0,0,0,0,0.0
1,1,1,70978,8648,10.97601838266266,0,1.0,0,0,0,0.0
0,1,1,116,1,10.975612648386289,0,1.0,0,0,0,0.0
0,1,1,88145,155,10.975596012140189,0,1.0,0,0,0,0.0
1,1,1,2022,108,10.975267248229116,0,2.0,0,0,0,0.0
0,7,3,334294,2147,10.974732638499605,0,170.0,0,26,35,83.24489795918367
1,1,1,8924,2643,10.974477961337843,0,2.0,0,0,0,0.0
0,1,1,38279,979,10.973908367959387,0,1.0,0,0,0,0.0
1,1,1,32993,5,10.973563506499708,0,1.0,0,0,0,0.0
0,1,1,244103,4403,10.973516006056071,0,2.0,0,0,0,0.0
1,1,1,11336,1039,10.973494870101502,0,1.0,0,0,0,0.0
1,1,1,2597,1,10.973297992011911,0,1.0,0,0,0,0.0
0,1,1,2661,217,10.97293316705691,0,2.0,0,0,0,0.0
1,1,1,887,4579,10.970761740839452,0,1.0,0,0,0,0.0
1,1,1,9974,1669,10.970556845663648,0,2.0,0,0,0,0.0
0,1,1,10640,3534,10.96991668291363,0,3.0,0,9,33,100.6086956521739
1,1,1,6385,42,10.969687071029329,0,1.0,0,0,0,0.0
1,1,1,7642,47,10.969665301313,1,2.0,0,1,26,210.22222222222223
1,1,1,26543,5439,10.968979095771388,0,1.0,0,0,27,30.0
1,1,1,84848,13331,10.96833601771729,0,1.0,0,0,0,0.0
1,1,1,423,1,10.967479361951323,0,3.0,0,0,0,0.0
0,1,1,135878,117577,10.966876654521103,0,2.0,0,0,0,0.0
0,1,1,5589,1074,10.966427254059724,0,2.0,0,2,7,225.75
1,1,1,772,1,10.9653944442136,0,4.0,0,0,0,0.0
0,1,1,17700,2944,10.965374987727683,0,4.0,0,0,0,0.0
0,1,1,33300,440,10.965194017058176,0,1.0,0,0,0,0.0
0,1,1,4692,87,10.96519398537009,0,1.0,0,0,0,0.0
0,1,1,41328,34,10.965168539835576,0,2.0,0,0,0,0.0
1,1,1,2865,104,10.965059944758636,0,1.0,0,0,0,0.0
0,1,1,4512,715,10.965007944606532,0,1.0,0,0,0,52.5
0,1,1,6577,141,10.964989977460744,0,1.0,0,0,0,0.0
0,1,1,38846,45,10.964860594998198,0,2.0,0,0,0,0.0
0,1,1,2351,28,10.964699873016803,0,1.0,0,1,30,7.5
1,1,1,324,22,10.9644684549115,0,2.0,0,0,0,0.0
1,1,1,354,4,10.9642338996855,0,1.0,0,0,0,0.0
1,1,1,10175,908,10.964069787078712,0,2.0,0,0,0,0.0
0,1,1,66927,41864,10.963827341518847,0,1.0,0,0,0,0.0
1,2,2,37937,156,10.962981174509949,0,16.0,0,0,0,0.0
1,1,1,36279,928,10.961960818082336,0,1.0,0,0,0,14.0
0,1,1,45195,846,10.961548841252666,0,2.0,0,0,0,0.0
0,1,1,2827,84,10.961311529163028,0,2.0,0,0,0,0.0
0,1,1,6779,308,10.960164230255632,0,1.0,0,0,0,0.0
1,1,1,29765,1,10.960044987981188,0,1.0,0,2,3,20.0
0,1,1,296053,3684,10.959923305723985,0,9.0,0,3,24,148.625
1,1,1,9394,1,10.959702186247217,0,2.0,0,1,0,76.0
1,1,1,5842,2308,10.95961833956686,0,1.0,0,0,0,0.0
0,1,1,8628,5515,10.957920491821785,0,1.0,0,0,0,0.0
0,1,1,2646,69,10.957000016246962,0,1.0,0,0,0,0.0
0,1,1,94322,4981,10.956941583413034,0,1.0,0,0,0,0.0
1,1,1,4503,38,10.956677431513016,0,4.0,0,0,0,0.0
1,1,1,3838,36,10.954392720381623,0,1.0,0,1,0,32.0
1,1,1,8406,210,10.954322721395643,0,1.0,0,0,0,0.0
1,5,3,123756,681,10.953340612490022,0,46.0,0,54,54,143.15853658536585
0,1,1,26046,14790,10.953038941894034,0,1.0,0,0,0,0.0
1,1,1,4940,4155,10.951702686919004,0,1.0,0,0,0,0.0
1,1,1,20622,5234,10.951299614442007,0,1.0,0,0,0,0.0
0,1,1,64765,12653,10.951206419775747,0,1.0,0,0,0,0.0
0,1,1,32798,1227,10.950127503761856,1,2.0,0,0,0,0.0
1,1,1,86864,35819,10.949972105379215,0,1.0,0,0,0,0.0
0,1,1,17175,1182,10.949350131591602,0,7.0,0,2,10,22.714285714285715
0,1,1,6257,3,10.94870857456572,0,1.0,0,0,15,264.6666666666667
0,1,1,12,1,10.948504788472988,0,1.0,0,0,0,0.0
0,1,1,69519,331,10.94840978758572,1,5.0,0,1,4,96.33333333333331
0,1,1,4620,142,10.948240795013408,0,2.0,0,0,0,0.0
0,1,1,75276,7019,10.947888011531775,0,2.0,0,15,48,65.8125
1,1,1,14662,1207,10.947140584604506,0,3.0,0,0,0,0.0
1,1,1,16531,1,10.946366634747736,0,1.0,0,0,0,0.0
1,1,1,7974,8810,10.945943250206453,0,1.0,0,0,0,0.0
1,1,1,1631,31,10.945500187362637,0,1.0,0,1,0,71.0
0,1,1,6559,1243,10.94516499076974,0,1.0,0,0,0,0.0
1,1,1,2390,168,10.944711280728418,0,1.0,0,0,0,0.0
0,1,1,76398,399,10.94418288186412,0,1.0,0,0,0,0.0
0,1,1,27470,25984,10.943181569977284,0,1.0,0,0,0,0.0
1,1,1,147695,668,10.942598952794736,0,5.0,0,0,0,0.0
0,1,1,4603,5569,10.94258079552042,0,1.0,0,0,0,0.0
1,4,2,30929,4172,10.942132757646815,0,30.0,0,0,0,0.0
1,1,1,24844,75893,10.94116405280234,0,1.0,0,0,0,0.0
0,1,1,484,71,10.940695766240625,0,2.0,0,0,0,0.0
0,1,1,51046,7014,10.94032663170568,0,1.0,0,0,0,0.0
1,1,1,13067,4389,10.939823963568683,0,1.0,0,0,0,13.0
1,1,1,6047,27,10.939600752678125,0,1.0,0,0,0,0.0
0,1,1,52354,7573,10.93935770504459,0,2.0,0,0,0,34.0
1,1,1,368,5,10.939324907873702,0,1.0,0,0,0,0.0
0,1,1,1374,507,10.938008743146346,0,1.0,0,0,0,0.0
1,1,1,47743,2827,10.936943199505512,1,4.0,0,0,0,0.0
1,1,1,5085,1039,10.93662432227784,0,1.0,0,0,0,0.0
1,1,1,87024,2320,10.936521145863916,0,3.0,2,76,53,70.01526717557252
0,1,1,17330,2703,10.935952883385148,0,4.0,0,0,0,0.0
1,1,1,11852,152,10.935632580193523,0,1.0,0,0,0,0.0
0,2,2,6220,245,10.93544752176069,0,15.0,0,1,0,239.0
1,1,1,921,33,10.935368459981596,0,1.0,0,0,0,0.0
0,1,1,35170,1045,10.935284835117852,0,1.0,0,0,0,0.0
1,1,1,28547,3418,10.93519382692965,0,1.0,0,0,0,147.0
0,1,1,15242,20039,10.935016341949805,0,7.0,0,1,0,91.0
0,1,1,507,4,10.934531704334775,0,1.0,0,0,0,0.0
0,1,1,995,1,10.934174516208936,0,1.0,0,0,0,0.0
0,1,1,39856,11,10.934107369150858,0,1.0,0,0,0,0.0
1,1,1,11040,1,10.934058030798132,0,1.0,0,0,0,0.0
0,1,1,18614,886,10.93399718966953,0,3.0,0,0,0,0.0
0,1,1,11425,2372,10.933276792681166,0,1.0,0,0,0,0.0
0,1,1,513,220,10.932154527363144,0,1.0,0,0,0,0.0
1,1,1,23775,2281,10.932108136002585,0,1.0,0,0,0,530.0
0,1,1,22090,673,10.932078285823865,0,1.0,0,0,14,35.0
1,1,1,69882,2660,10.930287591981491,0,1.0,0,0,18,64.4
0,1,1,3163,192,10.92992232339326,0,1.0,0,0,0,0.0
1,1,1,2003,1,10.929460216008668,0,1.0,0,0,0,0.0
1,1,1,15358,328,10.9293410371104,0,1.0,0,0,0,0.0
1,1,1,3626,301,10.929214221382969,0,1.0,0,2,36,230.33333333333337
0,1,1,118,1257,10.92726141128334,0,1.0,0,0,0,0.0
1,1,1,10158,8419,10.926513445658578,0,2.0,0,0,0,0.0
0,1,1,221015,20785,10.925808607521333,0,2.0,0,0,0,0.0
0,1,1,6551,109,10.925021855677084,0,1.0,0,0,0,0.0
0,1,1,39835,4376,10.924661910687604,0,1.0,0,4,47,44.666666666666664
0,1,1,43964,1605,10.924458568228102,0,1.0,0,0,0,0.0
1,1,1,14383,381,10.924031634620984,0,3.0,0,0,0,49.0
0,1,1,2349,74,10.923812955126978,0,7.0,0,0,0,0.0
0,1,1,568,31,10.92303288946926,0,2.0,0,0,0,0.0
0,1,1,92,1,10.9229383955914,0,2.0,0,0,0,0.0
0,1,1,263671,3606,10.92169897941273,0,1.0,0,0,0,0.0
1,1,1,99007,6925,10.921401745149034,0,4.0,0,2,45,136.66666666666666
0,1,1,396,19,10.920905953327097,0,1.0,0,0,0,0.0
0,1,1,3689,2361,10.920612268129236,0,1.0,0,0,0,0.0
0,1,1,1291,3176,10.92051029586265,0,1.0,0,0,0,0.0
1,2,2,281885,18838,10.91890294929637,0,10.0,0,0,0,0.0
1,1,1,91134,38194,10.918600391433923,1,2.0,0,0,0,0.0
1,1,1,20480,56,10.918542117040433,0,1.0,0,0,0,0.0
1,1,1,2154,57086,10.91789013463366,0,1.0,0,0,0,0.0
1,7,3,23370,9583,10.917383030164372,0,269.0,0,0,0,0.0
1,1,1,9487,1028,10.915406580751236,0,1.0,0,0,0,0.0
0,1,1,328002,4,10.914810020810048,0,3.0,0,0,0,0.0
0,1,1,158290,2791,10.914804221889977,0,1.0,0,0,0,0.0
0,1,1,32182,1830,10.914439143430272,0,9.0,0,0,32,98.1951219512195
1,1,1,454,157,10.912585326916975,0,1.0,0,0,0,0.0
1,1,1,738,1,10.912253520949475,0,1.0,0,0,0,0.0
1,1,1,2979,2758,10.911859352825156,0,1.0,0,0,0,0.0
1,1,1,16460,12083,10.911591493418864,0,1.0,0,0,0,68.0
1,1,1,84,95,10.911083977004434,0,1.0,0,0,0,0.0
0,2,2,18929,198,10.910494578571091,0,10.0,0,0,44,76.6923076923077
1,1,1,152,1,10.91003830179466,0,1.0,0,0,0,0.0
0,3,2,106131,1213,10.90935551856653,0,22.0,0,3,32,137.0
0,1,1,2697,345,10.90891803282617,0,1.0,0,0,0,0.0
1,1,1,12138,9463,10.908381014801986,0,1.0,0,0,0,0.0
0,1,1,26105,1982,10.908226979007122,0,1.0,0,0,0,0.0
0,1,1,11918,48,10.90737406243552,0,5.0,0,0,0,0.0
0,1,1,961,276,10.907144767432095,0,1.0,0,0,0,0.0
1,1,1,8552,5607,10.90564091416062,0,8.0,0,0,0,0.0
0,1,1,1913,1,10.905287465229142,0,9.0,0,0,0,0.0
1,1,1,5543,7181,10.905062891750804,0,2.0,0,0,0,0.0
1,1,1,4915,10797,10.902657956014243,0,1.0,0,0,0,0.0
1,1,1,49341,3851,10.902033447179608,0,1.0,0,0,0,0.0
1,2,2,9784,1,10.901820788422286,0,12.0,0,0,0,0.0
0,1,1,3981,571,10.900899013635865,0,1.0,0,0,0,0.0
0,1,1,18337,49,10.900510295862649,0,1.0,0,0,0,0.0
0,1,1,16438,1007,10.900314209975257,0,2.0,0,0,0,0.0
0,1,1,15718,1,10.898514770220649,0,1.0,0,0,0,0.0
1,1,1,9325,3394,10.898310603870865,0,1.0,0,0,0,0.0
1,1,1,6796,14,10.89827847214982,0,2.0,0,0,0,0.0
1,1,1,32735,140,10.89700860371876,0,1.0,0,0,15,48.0
0,1,1,82903,1845,10.89663401883271,0,6.0,0,0,0,0.0
1,1,1,5803,182,10.896534898494028,0,1.0,0,0,0,0.0
0,1,1,21959,155,10.89582774712637,0,1.0,0,0,0,0.0
0,1,1,14751,15912,10.895635717314216,0,1.0,0,0,0,0.0
0,1,1,27842,1699,10.895547465989656,0,1.0,0,0,0,0.0
1,1,1,2976,150,10.895321498235454,0,1.0,0,0,0,0.0
0,1,1,21289,4867,10.895273807663294,0,1.0,0,0,0,0.0
1,1,1,84520,12673,10.895248837450096,0,4.0,0,3,16,42.666666666666664
0,1,1,58761,2331,10.894299462339188,0,1.0,0,0,0,0.0
0,1,1,52466,69081,10.894144475901689,0,1.0,0,0,0,0.0
0,1,1,4184,189,10.893703821352547,0,5.0,0,0,0,0.0
1,1,1,226576,108204,10.893524213270815,0,1.0,0,0,0,0.0
0,1,1,4997,3575,10.893403418280071,0,1.0,0,0,0,0.0
1,1,1,1136,54,10.891896903209217,0,2.0,0,0,0,0.0
0,1,1,4075,1119,10.891495636953229,0,1.0,0,0,0,0.0
0,1,1,15304,4045,10.891310420079954,0,1.0,0,0,0,0.0
0,1,1,129,14,10.89118100592932,0,1.0,0,0,0,0.0
1,1,1,4631,1344,10.89060450454772,0,1.0,0,0,0,0.0
1,1,1,178629,1743,10.890207357743147,0,3.0,0,0,0,0.0
1,1,1,12618,133,10.890202509465713,0,1.0,0,0,0,0.0
0,1,1,3039,818,10.89005626894045,0,1.0,0,0,0,0.0
0,1,1,902,137,10.889761633099956,0,1.0,0,0,0,0.0
0,1,1,112038,17507,10.888625583463735,0,2.0,0,0,42,90.85714285714286
1,1,1,3614,76,10.888605461527971,0,1.0,0,0,0,0.0
1,1,1,8756,7,10.888299576416305,0,1.0,0,0,0,0.0
0,1,1,2351,591,10.888115056680965,0,1.0,0,0,0,0.0
1,1,1,17545,1412,10.888102698326716,0,1.0,0,0,0,0.0
0,1,1,4,1,10.88789922911486,0,1.0,0,0,0,0.0
0,1,1,37403,2779,10.887759611399952,0,2.0,0,0,0,0.0
1,1,1,3199,6600,10.886831340555528,0,1.0,0,0,0,0.0
0,1,1,24055,8321,10.885512862597762,0,1.0,0,0,0,0.0
0,3,2,10962,1921,10.88525473143443,0,22.0,0,0,0,0.0
0,1,1,675,1033,10.884841043448017,0,1.0,0,0,0,0.0
0,1,1,8356,10654,10.884677152657844,0,1.0,0,0,0,0.0
0,1,1,9123,495,10.883587557758355,0,1.0,0,0,0,0.0
1,1,1,93728,138858,10.883551655154864,0,1.0,0,0,0,0.0
0,1,1,11197,237,10.883213226377013,0,1.0,0,0,0,0.0
0,1,1,22371,2137,10.883180936215528,0,3.0,0,0,0,0.0
0,1,1,173,5,10.882953542497374,0,1.0,0,0,0,0.0
1,1,1,1025,103,10.882012786546351,0,1.0,0,0,0,0.0
1,1,1,6715,518,10.881522571827867,0,3.0,0,0,0,0.0
0,1,1,9,26,10.88151892769777,0,1.0,0,0,0,0.0
0,1,1,175,4182,10.880981656168885,0,1.0,0,0,0,0.0
0,1,1,2979,38,10.880587076099422,0,1.0,0,0,0,0.0
1,1,1,1329,1,10.879664509110803,0,4.0,0,1,0,43.0
1,7,3,106921,3617,10.87949266461059,1,100.0,0,1,0,76.0
0,1,1,8701,49,10.878181284784494,0,1.0,0,2,0,486.6
0,1,1,27515,74,10.877780905794964,0,1.0,0,6,40,141.45454545454547
1,2,2,6159,47039,10.876249357134736,0,10.0,0,2,24,78.8
0,1,1,39095,2626,10.876057010441706,0,1.0,0,0,0,0.0
0,1,1,5861,321,10.873829147739851,0,1.0,0,0,0,0.0
0,1,1,28190,2125,10.873409502392931,0,1.0,0,0,0,0.0
1,1,1,59942,16638,10.872732137827818,0,6.0,0,1,0,50.0
1,1,1,29693,1,10.871522318323166,0,2.0,0,0,0,0.0
1,2,2,86815,25211,10.871458847083275,0,11.0,0,0,0,0.0
0,1,1,590,2603,10.87136425814115,0,1.0,0,0,0,0.0
1,3,2,45804,1812,10.869801528402514,0,24.0,0,1,0,48.0
1,1,1,947,1,10.869751397847592,0,1.0,0,0,0,0.0
1,1,1,1159,112,10.869228797903364,0,1.0,0,0,0,0.0
0,1,1,1866,1,10.869051344611604,0,1.0,0,0,0,0.0
0,2,2,28967,1330,10.86893786956914,0,15.0,0,11,18,206.43478260869568
1,1,1,4887,14,10.868217377516514,0,1.0,0,0,0,0.0
1,1,1,30470,265,10.86761223010353,0,2.0,0,1,36,196.27272727272728
0,6,3,84250,476,10.866605436177505,0,96.0,0,52,49,47.277027027027025
1,1,1,501,45,10.86567380639577,0,4.0,0,0,0,0.0
0,1,1,205305,277,10.865617623416076,0,1.0,0,0,0,0.0
0,1,1,13509,12435,10.863838971047077,0,2.0,0,0,0,0.0
0,1,1,42542,8579,10.86380988138246,0,2.0,0,0,0,0.0
1,1,1,47171,10821,10.863391345118613,0,2.0,0,0,0,0.0
1,1,1,43451,44,10.863191995358177,0,2.0,0,0,0,0.0
1,1,1,24817,1012,10.86211862475965,0,1.0,0,0,0,54.5
0,1,1,5363,671,10.862004769460135,0,1.0,0,0,0,0.0
1,1,1,5927,301,10.861962909496132,0,2.0,0,0,0,0.0
0,1,1,26813,10433,10.860295355563007,0,1.0,0,0,0,0.0
1,1,1,27923,173,10.859970869543792,0,1.0,0,1,0,92.0
0,1,1,140,1,10.859937882244378,0,1.0,0,0,0,0.0
1,1,1,5791,207,10.859675885134331,0,1.0,0,0,0,0.0
1,1,1,87230,1576,10.8595857325245,0,1.0,0,0,0,79.66666666666667
0,1,1,4352,1722,10.858940309551905,0,1.0,0,0,0,0.0
1,1,1,6819,259,10.85804144525297,0,1.0,0,0,0,0.0
0,1,1,57688,205,10.857944701520877,0,9.0,0,1,15,279.2857142857143
1,1,1,13295,3341,10.85729303599498,0,1.0,0,0,0,0.0
1,1,1,1939,356,10.85576440263883,0,3.0,0,0,0,0.0
0,2,2,148641,4695,10.8557246974648,0,11.0,0,0,0,0.0
1,1,1,4211,13175,10.85517902859264,0,2.0,0,0,0,0.0
1,1,1,89606,14903,10.855048948992165,0,1.0,0,2,16,69.0
0,1,1,2885,5905,10.854961965191116,0,3.0,0,0,0,0.0
0,1,1,143,43,10.85457283547276,0,1.0,0,0,0,0.0
0,1,1,25815,1081,10.85258973156118,0,1.0,0,0,0,0.0
0,1,1,11957,1370,10.852148728443074,0,1.0,0,0,0,0.0
1,1,1,90114,408,10.85158718383892,0,1.0,0,0,0,0.0
1,1,1,808,434,10.851560629221334,0,1.0,0,0,0,0.0
0,1,1,435,85,10.85122438692154,0,4.0,0,0,0,0.0
1,1,1,615,56,10.850223898924986,0,1.0,0,0,0,0.0
0,1,1,36,3,10.850113053993812,0,1.0,0,0,0,0.0
0,6,3,167798,18221,10.849634088546503,0,54.0,0,44,49,146.9857142857143
1,1,1,1869,117,10.847331822214464,0,2.0,0,0,0,0.0
1,1,1,4047,14022,10.84727041070028,0,1.0,0,0,0,0.0
0,2,2,49111,1958,10.847073944555833,0,16.0,0,0,0,0.0
0,1,1,41,32,10.846793124721623,0,1.0,0,0,0,0.0
0,1,1,9612,1,10.846514491365475,0,1.0,0,0,0,0.0
1,1,1,170,29,10.844220622376708,1,1.0,0,0,0,0.0
1,1,1,21473,1414,10.843758007982707,0,1.0,0,0,0,0.0
1,1,1,47,1,10.843416695588864,0,1.0,0,0,0,0.0
1,1,1,22144,470,10.842913076809236,0,1.0,0,0,0,0.0
1,1,1,32054,6829,10.842458733006158,0,1.0,0,0,0,0.0
1,1,1,13021,66,10.841698757596117,0,1.0,0,0,0,0.0
0,1,1,504,224,10.841299234184955,0,2.0,0,0,0,0.0
1,1,1,1356,50,10.840997119955736,0,5.0,0,0,0,0.0
0,2,2,17807,3125,10.840825402207871,0,10.0,0,0,0,0.0
1,1,1,2676,333,10.840710120944404,0,1.0,0,0,0,0.0
1,1,1,303366,6179,10.839743222320935,0,1.0,0,0,0,0.0
1,1,1,34286,35,10.839674649298903,0,6.0,0,2,43,93.66666666666669
0,6,3,111924,27994,10.839616628410118,0,65.0,0,0,0,0.0
1,5,3,32196,3703,10.839103915149288,0,42.0,0,0,0,205.0
1,1,1,100724,198,10.838921676956268,0,3.0,0,0,0,0.0
1,1,1,283,1,10.838825155040787,0,1.0,0,0,0,0.0
0,1,1,1083,3274,10.838027090549192,0,1.0,0,0,0,0.0
1,1,1,1644,1,10.837879962757471,0,2.0,0,0,0,0.0
0,1,1,16561,5555,10.833575959918218,0,1.0,0,0,0,0.0
0,1,1,5957,521,10.833565724665856,0,1.0,0,0,0,0.0
1,1,1,6014,8032,10.83299695517768,0,1.0,0,2,37,31.0
0,1,1,4847,9430,10.832754604682078,0,1.0,0,0,0,0.0
1,1,1,4387,1,10.832661410015817,0,2.0,0,0,0,0.0
1,1,1,4402,28,10.831418064514258,0,3.0,0,0,0,0.0
0,1,1,21648,4,10.830852273706338,0,1.0,0,0,7,45.72727272727273
0,2,2,34750,125,10.830747259383324,0,11.0,0,0,0,0.0
1,1,1,8776,33910,10.82964689053398,0,1.0,0,0,0,0.0
0,1,1,28444,30,10.829607533928916,0,1.0,0,0,0,0.0
0,1,1,22095,213,10.82939335414338,0,1.0,0,0,0,0.0
1,1,1,2661,72,10.828790139703752,0,1.0,0,0,0,0.0
0,1,1,17712,4436,10.827946412677615,0,3.0,0,2,31,8.5
1,1,1,88040,76320,10.827552402993735,0,1.0,0,0,0,0.0
0,2,2,361745,30423,10.82743509369265,1,10.0,0,0,0,0.0
1,1,1,272132,11492,10.82734373693548,0,2.0,0,0,0,0.0
0,1,1,41142,4704,10.824629271957155,0,1.0,0,0,0,0.0
1,1,1,6462,387,10.824546470983698,0,2.0,0,0,0,0.0
0,1,1,17673,298,10.824151922602326,0,1.0,0,0,0,0.0
1,1,1,3714,6601,10.82300899665105,0,1.0,0,0,0,0.0
1,1,1,1298,807,10.823002690721577,0,1.0,0,0,0,0.0
0,1,1,28522,10059,10.822455183940324,0,1.0,0,0,0,0.0
0,1,1,35323,841,10.822176962529316,0,1.0,0,0,0,0.0
1,1,1,20425,926,10.822165142872562,0,1.0,0,0,5,35.0
0,1,1,1273,17393,10.82170433469957,0,1.0,0,0,0,0.0
0,1,1,95047,9668,10.8214941476131,0,1.0,0,0,0,82.0
0,1,1,7898,13,10.821474310870128,0,1.0,0,0,0,0.0
0,1,1,14852,3149,10.821274866045426,0,1.0,0,0,0,0.0
1,1,1,8048,140,10.820157860949982,0,2.0,0,5,33,327.0
1,1,1,1929,776,10.82004219942946,0,1.0,0,0,0,0.0
0,1,1,824,1066,10.819982435695843,0,1.0,0,0,0,0.0
1,1,1,24788,4336,10.819907271551548,0,2.0,0,0,0,0.0
1,4,2,53547,22237,10.81986145057657,0,32.0,0,0,0,0.0
1,1,1,55913,800,10.819584623441424,0,1.0,0,0,0,0.0
1,1,1,18620,3607,10.819575560648312,0,1.0,0,0,0,0.0
1,1,1,62458,1116,10.819370697160592,0,1.0,0,0,0,0.0
1,1,1,8058,222,10.818300336930411,0,1.0,0,0,0,0.0
1,1,1,151681,6475,10.818054183864271,0,1.0,0,0,0,0.0
0,1,1,53088,629,10.817672057213322,0,1.0,0,0,0,0.0
0,1,1,97346,32372,10.817209506195502,1,1.0,0,1,0,102.0
0,1,1,88370,2815,10.81718821180049,0,1.0,0,0,0,0.0
0,1,1,28450,11234,10.816956064869164,0,2.0,0,0,0,0.0
0,1,1,242,5,10.816765714525664,0,2.0,0,0,0,0.0
0,1,1,42013,311,10.816418508147487,0,1.0,0,0,0,0.0
0,1,1,12362,1308,10.814861260448042,0,1.0,0,0,0,0.0
0,1,1,54,1,10.813929313785431,0,1.0,0,0,0,0.0
1,1,1,37682,3261,10.813865905921716,0,1.0,0,0,0,0.0
1,1,1,99440,1135,10.81381365226491,0,7.0,0,0,0,0.0
0,1,1,5944,3503,10.81207746193358,0,4.0,0,0,29,85.18181818181819
0,1,1,1587,286,10.81202948616863,0,1.0,0,0,0,0.0
0,1,1,1118,64,10.81200559335042,0,1.0,0,0,0,0.0
1,1,1,13383,4024,10.811909990389482,0,1.0,0,0,0,0.0
1,1,1,40481,8051,10.811450291299565,0,2.0,0,1,7,114.5
0,1,1,1218,1,10.811384633581614,0,2.0,0,0,0,0.0
0,1,1,763,486,10.81123119986042,0,1.0,0,0,0,0.0
0,1,1,35548,10747,10.811038789791212,0,2.0,0,0,0,0.0
1,1,1,78868,1975,10.810484565135344,0,3.0,0,0,0,0.0
0,1,1,38093,1646,10.81018672879798,0,3.0,0,0,0,0.0
1,1,1,560,636,10.808114137726417,0,1.0,0,0,0,0.0
1,1,1,13069,1768,10.80677347810718,0,1.0,0,0,0,0.0
0,1,1,807,1,10.80632455296712,0,5.0,0,0,0,0.0
0,1,1,2563,293,10.806165605518643,0,1.0,0,0,0,0.0
0,1,1,737,1,10.80599838747925,0,9.0,0,0,0,0.0
0,2,2,38991,9,10.804023459094328,0,19.0,0,10,45,30.723636363636363
0,1,1,35156,4082,10.803369702154637,0,1.0,0,0,0,0.0
0,1,1,10902,20997,10.802470806167616,0,1.0,0,0,0,0.0
1,1,1,75919,13371,10.80121554594504,0,3.0,0,0,0,0.0
0,1,1,159969,115358,10.801163260600145,0,1.0,0,0,0,0.0
1,2,2,19236,609,10.800567492861154,0,19.0,0,1,0,304.0
0,2,2,16768,1014,10.800293327525386,0,12.0,0,3,42,57.27272727272727
0,1,1,41127,43864,10.79999263926012,0,5.0,0,0,0,0.0
0,1,1,50159,1316,10.799655382941516,0,1.0,0,2,16,53.666666666666664
1,1,1,55411,6172,10.798487455088951,0,2.0,0,0,0,0.0
1,1,1,3455,2424,10.798258572030672,0,2.0,0,0,0,0.0
1,1,1,64914,7130,10.797121761880344,0,1.0,0,0,0,0.0
0,1,1,38329,1756,10.796654267520823,0,1.0,0,0,0,0.0
0,1,1,2220,3474,10.795643671024258,0,1.0,0,0,0,0.0
1,1,1,12280,18,10.79509584736213,0,1.0,0,0,0,0.0
0,1,1,1361,14,10.79435206456496,0,1.0,0,0,0,0.0
1,1,1,35557,4300,10.79317206355094,0,6.0,0,0,0,0.0
1,1,1,27171,1504,10.793082449638602,0,1.0,0,0,0,0.0
0,1,1,3413,45,10.792669110221157,0,1.0,0,0,0,0.0
1,3,2,182263,3624,10.79138222528694,0,23.0,0,0,0,0.0
1,1,1,34354,331,10.789097767660252,0,1.0,0,0,0,0.0
0,1,1,16757,1054,10.788700810984205,0,2.0,0,0,0,0.0
0,1,1,106904,9519,10.787619074730497,0,1.0,0,0,0,0.0
1,1,1,578,31,10.787087348616978,0,1.0,0,0,0,0.0
1,1,1,30900,20814,10.78622901338236,0,1.0,0,0,1,178.8
0,1,1,16565,124,10.786076720432323,0,1.0,0,0,0,0.0
0,1,1,767,666,10.785122750548684,0,1.0,0,0,0,0.0
1,1,1,435,11,10.783900541001698,0,3.0,0,0,0,0.0
1,1,1,4543,771,10.783518002405604,0,1.0,0,2,0,386.44444444444446
0,1,1,726,1,10.783173869771945,0,2.0,0,0,0,0.0
0,1,1,2942,185,10.782621546401346,0,4.0,0,1,0,164.0
1,1,1,110150,61010,10.782545273173978,0,1.0,0,0,0,0.0
0,1,1,3164,26,10.782136972162496,0,1.0,0,0,0,24.333333333333332
1,1,1,73380,30821,10.781880235275024,0,1.0,0,0,0,0.0
1,1,1,12366,290,10.78121206025538,0,4.0,0,0,0,0.0
1,1,1,12169,78,10.781031089585872,0,3.0,0,0,0,0.0
0,1,1,5194,4247,10.77978853628651,0,1.0,0,0,0,0.0
0,1,1,11170,8377,10.77891340636535,0,1.0,0,0,0,0.0
0,1,1,65964,13203,10.77884337569128,0,3.0,0,0,0,0.0
0,1,1,17782,7941,10.778191931982,0,1.0,0,0,0,0.0
0,1,1,5737,1147,10.776677431513017,0,1.0,0,0,0,0.0
1,1,1,92745,20159,10.775718708416202,0,1.0,0,0,0,0.0
0,1,1,2542,904,10.775161188199204,0,1.0,0,0,0,0.0
1,1,1,1441,226,10.77362374555464,0,1.0,0,0,0,0.0
1,1,1,8370,27,10.77320698382371,0,1.0,0,0,0,0.0
1,1,1,8526,629,10.773202927748471,0,1.0,0,0,0,0.0
1,1,1,28983,1687,10.772966693053815,0,1.0,0,0,0,0.0
0,1,1,5207,25,10.771043986637611,0,1.0,0,0,0,29.0
1,1,1,32,11,10.770732999743808,0,1.0,0,0,0,0.0
1,1,1,379112,12104,10.769778871419726,0,3.0,0,0,0,0.0
1,1,1,24725,97,10.76798535733754,0,3.0,0,0,0,0.0
1,3,2,53171,597,10.7677808107307,0,22.0,0,0,0,0.0
1,1,1,7,1,10.767347286001316,0,1.0,0,1,0,325.0
0,1,1,50297,3816,10.767328431589068,0,2.0,0,0,0,0.0
1,1,1,60424,431,10.766783745047633,0,3.0,0,46,39,73.5505617977528
1,1,1,131847,2738,10.765823057289374,0,1.0,0,1,43,95.5
0,1,1,1073,111,10.765800020049534,0,1.0,0,0,0,61.0
1,1,1,4044,1,10.764685866881992,0,5.0,0,1,0,151.0
1,4,2,20446,908,10.764412271931803,0,32.0,0,5,11,62.0
0,1,1,102747,328,10.76389150989667,0,1.0,0,0,0,0.0
0,1,1,62867,160815,10.763713834788296,0,1.0,0,0,0,0.0
1,1,1,3499,400,10.762968023953505,0,5.0,0,0,0,0.0
1,1,1,19003,868,10.760833609422615,0,2.0,0,2,47,98.33333333333331
1,1,1,25981,13,10.760479146472328,0,1.0,0,0,0,0.0
1,1,1,19509,3135,10.75967341346348,0,1.0,0,0,0,0.0
0,1,1,64332,9395,10.757710621616193,1,1.0,0,0,0,0.0
1,1,1,29235,8086,10.757424763376022,0,2.0,0,0,0,0.0
0,1,1,35582,5286,10.756966902195195,0,1.0,0,0,0,0.0
0,1,1,65625,442,10.756932457243742,0,1.0,0,0,0,0.0
1,1,1,3737,64,10.756498393816866,0,2.0,0,0,0,0.0
1,1,1,1180,1,10.75605200372383,0,1.0,0,0,0,0.0
1,1,1,49843,198,10.755757684764214,0,1.0,0,0,0,0.0
0,1,1,13793,7657,10.753968290133445,0,1.0,0,0,0,0.0
1,1,1,16158,6733,10.753946520417117,0,1.0,0,0,0,12.0
0,1,1,509,1,10.753299734856745,0,2.0,0,0,0,0.0
0,1,1,2831,27,10.75300199358364,0,1.0,0,0,0,0.0
0,1,1,1565,90,10.752978766215277,0,1.0,0,0,0,0.0
0,1,1,1424,535,10.752663881686669,0,5.0,0,6,43,105.1818181818182
0,1,1,2733,1,10.751931728417723,0,2.0,0,0,0,0.0
1,1,1,12245,245,10.751382859048697,0,1.0,0,0,0,0.0
0,1,1,-7,1,10.750416118865669,0,1.0,0,1,0,227.0
1,1,1,10466,1160,10.746133600549951,0,2.0,0,0,0,0.0
0,1,1,56339,16765,10.74612536164712,0,1.0,0,0,0,0.0
1,1,1,3582,30,10.745523129538212,0,1.0,0,0,0,0.0
1,2,2,28841,2470,10.74436318708378,0,10.0,0,5,33,141.4
1,1,1,19841,52,10.74354129315015,0,2.0,0,0,0,0.0
1,1,1,133,1,10.743196051433417,0,1.0,0,0,0,0.0
1,1,1,8303,1075,10.743105993887848,0,8.0,0,0,0,0.0
0,1,1,2499,202,10.742932786799855,0,1.0,0,0,0,0.0
0,1,1,4110,821,10.742514282224096,0,4.0,0,0,0,0.0
1,1,1,5964,2010,10.742371083755264,0,1.0,0,0,0,0.0
1,1,1,30496,2350,10.74231765763921,0,3.0,0,2,26,137.375
1,1,1,7858,105,10.741310388391868,0,1.0,0,0,0,0.0
1,1,1,4915,5223,10.740919705957207,0,6.0,0,0,0,0.0
0,6,3,7592,10067,10.740302358630414,0,62.0,0,0,0,0.0
0,1,1,22809,13299,10.74010237510822,0,1.0,0,0,0,0.0
1,1,1,3754,631,10.739386826397292,0,1.0,0,0,0,0.0
0,1,1,1347,319,10.73816030727036,0,1.0,0,0,0,0.0
0,1,1,1,1,10.737768262247926,0,1.0,0,0,0,0.0
0,2,2,63570,1794,10.737610455570612,0,13.0,0,0,0,0.0
0,1,1,7705,530,10.736869809894134,0,1.0,0,0,0,0.0
0,1,1,15807,56876,10.735885514510455,0,1.0,0,0,0,0.0
1,1,1,13557,22,10.734886769358733,0,1.0,0,0,0,0.0
1,6,3,18997,163,10.733647004611097,0,60.0,0,11,27,124.85714285714286
1,1,1,279,162,10.732461268053184,0,4.0,0,0,0,0.0
1,1,1,6889,504,10.732228740864803,0,1.0,0,0,0,0.0
0,1,1,66767,854,10.730186918926508,0,1.0,0,1,38,21.75
1,1,1,344,1,10.729422729000785,0,1.0,0,0,0,71.2
0,1,1,86,1,10.729219671734072,0,1.0,0,0,0,0.0
1,1,1,10823,1582,10.728395939891346,0,2.0,0,0,0,0.0
1,2,2,19813,7752,10.727038802466447,0,12.0,0,0,0,0.0
0,1,1,7295,501,10.725784809767385,0,2.0,0,0,0,94.66666666666669
0,1,1,143544,1712,10.7251281692117,0,1.0,0,0,0,0.0
0,1,1,0,1,10.723815363421652,0,1.0,0,0,0,0.0
0,1,1,-100,302,10.723795780183384,0,1.0,0,0,0,0.0
1,1,1,11523,848,10.723272926734452,0,5.0,0,5,45,64.8695652173913
1,1,1,47454,786,10.72284329963987,0,1.0,0,0,0,0.0
0,2,2,99472,3998,10.722599491492227,0,12.0,0,1,41,118.28571428571428
0,1,1,25993,140,10.722450715919942,0,1.0,0,0,0,0.0
0,1,1,51287,6410,10.72201237460121,0,7.0,0,0,0,0.0
0,1,1,179638,186,10.720478956343802,0,2.0,0,0,15,94.25
1,1,1,26102,293,10.716323285443606,0,1.0,0,0,0,0.0
1,1,1,72047,1479,10.716206451463837,0,3.0,0,0,0,0.0
0,1,1,2996,1302,10.716125456711383,0,2.0,0,0,0,0.0
0,1,1,41533,2588,10.71593935257165,0,1.0,0,0,0,0.0
1,1,1,1788,613,10.715618605746798,0,1.0,0,0,0,0.0
0,1,1,19978,71,10.714122769561536,0,1.0,0,0,0,217.0
1,1,1,4432,732,10.713774707604989,0,2.0,0,1,0,202.0
1,1,1,740,605,10.712964538263844,0,1.0,0,0,0,0.0
0,6,3,275715,3003,10.712113998298827,0,78.0,0,0,0,0.0
0,1,1,11515,76,10.709931703067252,0,3.0,0,0,0,0.0
1,1,1,316,1,10.707762495015944,0,1.0,0,0,0,0.0
1,1,1,17051,57,10.707175631629628,0,1.0,0,0,0,0.0
1,1,1,6583,3728,10.706560344028542,0,1.0,0,0,0,0.0
1,1,1,69571,4582,10.70423187164788,0,1.0,0,0,29,61.57142857142857
0,1,1,12807,4388,10.703788935556416,0,1.0,0,0,0,0.0
0,1,1,11,32,10.702703206603644,0,1.0,0,1,0,62.0
1,2,2,38510,140,10.702644647017364,0,11.0,0,12,38,115.1818181818182
1,1,1,22617,659,10.702423274035894,0,2.0,0,0,0,0.0
0,1,1,2319,68,10.7021879266077,0,1.0,0,0,0,0.0
0,1,1,3602,23,10.699447984406772,0,1.0,0,0,0,0.0
1,1,1,1576,77,10.69862390399508,0,6.0,0,0,0,0.0
1,1,1,19518,36,10.697368326891626,0,1.0,0,0,0,0.0
1,1,1,20566,131,10.696835460006945,0,1.0,0,0,0,0.0
0,1,1,29236,3858,10.696178375818032,0,3.0,0,0,0,0.0
1,1,1,22446,5519,10.695549779220066,0,7.0,0,0,0,0.0
1,6,3,66469,725,10.694334857933276,0,58.0,0,77,50,242.5505617977528
1,1,1,105,10,10.694166942755947,0,2.0,0,0,0,0.0
0,1,1,753530,11260,10.694079610385934,1,2.0,0,0,0,0.0
1,1,1,92281,1447,10.69318366139108,0,2.0,0,0,0,0.0
1,1,1,7039,249,10.691239185258548,0,1.0,0,1,0,160.0
0,1,1,1258,1978,10.69095212287104,0,1.0,0,0,0,0.0
1,1,1,23962,11892,10.690432596671329,0,5.0,0,9,35,92.890625
1,1,1,60520,972,10.690247538238497,0,2.0,0,0,0,0.0
0,1,1,3,1,10.687996448168274,0,1.0,0,0,0,0.0
1,1,1,617,26,10.68758510510036,0,2.0,0,0,0,0.0
0,1,1,14686,1332,10.687383980807006,0,1.0,0,0,0,0.0
1,1,1,472,16,10.687279473493394,0,1.0,0,0,0,0.0
1,1,1,3230,1,10.686262444315004,0,4.0,0,0,0,0.0
1,1,1,130421,456,10.686148367198872,0,1.0,0,0,0,0.0
0,1,1,34496,2988,10.685804741574618,1,1.0,0,0,0,0.0
1,1,1,2645,206,10.685670827715516,0,2.0,0,2,16,75.85714285714286
1,1,1,15468,2990,10.685406263870355,0,2.0,0,0,0,0.0
0,1,1,11311,134,10.684925428825863,0,1.0,0,0,0,0.0
1,1,1,28215,1501,10.684776082867998,0,1.0,0,0,0,0.0
0,2,2,7718,11700,10.684573849491567,0,15.0,0,0,0,0.0
1,1,1,22998,9012,10.68433466780475,0,2.0,0,0,0,0.0
0,1,1,1236,1697,10.683377148855271,0,1.0,0,0,0,0.0
0,1,1,258,1,10.681595264301317,0,1.0,0,0,0,0.0
1,1,1,112640,10225,10.67964980583806,0,1.0,0,0,0,0.0
1,1,1,10479,142,10.67948702413096,0,5.0,0,0,0,0.0
0,1,1,2789,4389,10.678441475673536,0,4.0,0,0,0,0.0
0,1,1,396,1,10.677743957484571,0,2.0,0,0,0,0.0
1,1,1,15013,120,10.677371083755263,0,1.0,0,0,0,0.0
0,1,1,1394,2778,10.67727142471909,0,1.0,0,0,0,0.0
1,1,1,95522,1557,10.676843603845512,0,2.0,0,0,5,181.66666666666663
0,1,1,28,1,10.67670826402246,0,1.0,0,0,0,0.0
1,1,1,11612,4918,10.67487925928192,0,1.0,0,0,0,0.0
0,1,1,811,318,10.674874696197277,0,2.0,0,0,0,0.0
1,1,1,441,70,10.67473938806231,0,1.0,0,0,0,0.0
1,1,1,14260,3334,10.672300165814738,0,1.0,0,0,0,0.0
0,1,1,106598,26048,10.670537769434784,0,2.0,0,0,0,21.0
1,1,1,12408,2114,10.668921550203915,0,7.0,0,0,0,0.0
1,1,1,731,2786,10.668734400357287,0,1.0,0,0,0,0.0
1,1,1,5513,1241,10.667867255834256,0,5.0,0,0,0,108.0
1,1,1,45601,1003,10.667443395971656,0,3.0,0,0,0,0.0
0,1,1,50197,3137,10.667316168299084,1,1.0,0,13,52,71.93333333333334
0,1,1,34,1,10.666538130678983,0,1.0,0,0,0,0.0
0,1,1,8619,15964,10.66649820368834,0,1.0,0,0,0,0.0
1,1,1,438,1539,10.666495985522191,0,1.0,0,0,0,0.0
1,1,1,20848,2550,10.666235350999925,0,1.0,0,0,0,0.0
1,1,1,12186,1030,10.665923445151568,0,1.0,0,0,0,0.0
1,1,1,4395,594,10.665812029834814,0,1.0,0,0,0,0.0
1,2,2,85731,4831,10.665173356424924,0,11.0,0,0,0,0.0
1,1,1,60842,322,10.664452547491416,0,1.0,0,0,0,0.0
1,1,1,23004,293,10.664146440563131,0,2.0,0,0,0,0.0
1,1,1,9304,567,10.663513661137577,0,1.0,0,0,39,140.5
0,1,1,27692,368,10.663363998298829,0,1.0,0,0,0,0.0
0,1,1,8355,1080,10.663178749737469,0,1.0,0,0,0,0.0
1,1,1,15597,708,10.66273498975572,0,6.0,0,0,0,0.0
1,1,1,2908,119,10.661902163431792,0,2.0,0,0,0,0.0
0,1,1,15583,58,10.661243906783632,0,1.0,0,0,0,0.0
1,1,1,42677,229,10.661059070167411,0,1.0,0,0,6,46.5
0,1,1,548,1,10.659282952845436,0,2.0,0,0,0,0.0
1,1,1,14127,3845,10.658715292440336,0,1.0,0,0,0,0.0
1,1,1,143,1,10.657819723702536,0,1.0,0,0,0,0.0
1,1,1,17358,3470,10.65744957514878,0,1.0,0,0,0,0.0
0,1,1,317550,94,10.65720763659832,1,1.0,0,0,31,59.0
0,1,1,5260,1401,10.65617796387289,0,1.0,0,0,0,0.0
1,1,1,96204,5513,10.656147004611096,0,5.0,0,0,0,0.0
1,1,1,195945,22304,10.655873789917964,1,4.0,0,0,0,0.0
1,1,1,6418,395,10.6551812150707,0,1.0,0,0,0,0.0
1,1,1,3450,780,10.654975210811822,0,1.0,0,0,0,0.0
0,1,1,31778,11119,10.654698922374171,0,1.0,0,0,0,0.0
0,1,1,10521,1445,10.654689320883564,0,1.0,0,1,0,51.0
0,1,1,26885,2211,10.65296650292529,0,1.0,0,0,0,0.0
0,3,2,10490,65,10.652486365018731,0,22.0,0,0,0,0.0
1,1,1,11665,25599,10.65246361297168,0,1.0,0,1,0,49.0
1,1,1,17380,85,10.652141345118611,0,1.0,0,0,0,0.0
0,1,1,8430,215,10.651927767406749,0,1.0,0,0,0,0.0
0,1,1,116701,1972,10.65012585598129,0,1.0,0,0,0,0.0
0,1,1,1749,16,10.65009641774771,0,1.0,0,0,0,0.0
1,1,1,104356,191949,10.649878815648693,1,1.0,0,7,45,80.640625
1,1,1,37774,7515,10.649754376527843,0,1.0,0,0,0,0.0
0,1,1,39367,215,10.64967008621426,0,1.0,0,0,0,0.0
1,1,1,6037,1170,10.64957803231916,0,1.0,0,0,0,0.0
0,1,1,12400,6850,10.648702585517125,0,1.0,0,0,0,0.0
1,1,1,2404,5,10.64866478162836,0,1.0,0,0,0,0.0
1,1,1,1863,15,10.648153684460008,0,1.0,0,0,0,0.0
1,1,1,139657,12140,10.648065179630745,0,5.0,0,0,10,168.88
0,1,1,59953,690,10.648023066162038,0,1.0,0,0,0,0.0
1,1,1,12934,4845,10.647891370469084,0,1.0,0,2,10,102.875
1,1,1,1529,10,10.647693731865388,0,1.0,0,0,0,0.0
1,1,1,27688,43764,10.647213784087356,1,1.0,0,3,29,119.83333333333331
1,1,1,236,558,10.646356336119196,0,3.0,0,0,0,0.0
1,1,1,10547,555,10.646247741042258,1,2.0,0,0,0,0.0
0,1,1,96459,38185,10.64622261238862,0,4.0,0,0,0,0.0
0,2,2,34448,16400,10.645421600904855,0,13.0,0,3,29,42.766666666666666
0,1,1,25314,1179,10.644798327905644,0,1.0,0,0,0,0.0
1,1,1,12040,1188,10.64439310063868,0,1.0,1,1,30,261.3
0,6,3,9259,17,10.642415890711431,0,82.0,0,3,53,73.07407407407408
1,1,1,3485,39,10.64176305272629,0,1.0,0,0,0,0.0
1,1,1,46900,1066,10.64004844198276,0,2.0,0,0,0,0.0
0,1,1,33363,6773,10.639923749357212,0,1.0,0,0,0,0.0
0,1,1,18697,980,10.638956660605215,0,3.0,0,0,0,0.0
1,1,1,5838,1,10.638853864448349,0,5.0,0,0,0,0.0
0,1,1,35,1,10.638740896415287,0,1.0,0,1,0,551.0
0,1,1,14223,15924,10.638113313836133,0,1.0,0,0,0,0.0
0,1,1,317,758,10.638060236289045,0,1.0,0,0,0,0.0
0,1,1,67051,1739,10.636611298473747,0,1.0,0,0,0,0.0
1,1,1,8652,4869,10.636316250688113,0,1.0,0,0,0,0.0
0,1,1,22657,532,10.635377142517656,0,4.0,0,0,0,0.0
0,1,1,65389,18783,10.63522225114442,0,3.0,0,0,0,120.33333333333331
1,2,2,11563,109,10.633119207820464,0,12.0,0,0,0,0.0
0,1,1,128694,1079,10.633096931094734,0,1.0,0,2,47,70.11764705882354
1,1,1,14248,3260,10.631865563690369,0,4.0,0,1,4,73.5
1,1,1,14510,4514,10.630790101678048,0,3.0,0,1,1,176.9
1,1,1,19373,6538,10.629656396960325,0,2.0,0,0,18,80.0
0,1,1,58649,15882,10.629214950208988,0,2.0,0,0,0,0.0
0,1,1,32378,39235,10.629080561028568,0,2.0,0,0,0,24.0
0,1,1,4001,1439,10.62882917942794,0,9.0,0,2,21,108.875
0,1,1,22445,12,10.62819307275316,0,1.0,0,3,42,28.071428571428573
1,1,1,14721,9532,10.627528985496845,0,1.0,0,0,0,0.0
0,1,1,25242,7578,10.627505187742894,0,1.0,0,0,0,0.0
0,1,1,80334,28098,10.627435600702054,0,3.0,0,0,0,0.0
1,1,1,82893,16561,10.624471180087053,0,1.0,0,0,0,0.0
1,1,1,8398,2246,10.624459138613682,0,3.0,0,0,0,0.0
1,1,1,18,1,10.622904362585087,0,1.0,0,0,0,0.0
0,1,1,1659,58,10.622514282224095,0,2.0,0,0,0,0.0
0,1,1,27310,2932,10.62245058916759,0,1.0,0,0,0,0.0
1,1,1,9956,7139,10.622353940499757,0,2.0,0,0,0,0.0
0,1,1,5732,6122,10.622276241308438,0,1.0,0,0,0,0.0
1,1,1,10182,33,10.621829122389382,0,1.0,0,0,0,0.0
0,1,1,83008,753,10.620057504775875,0,6.0,0,0,0,0.0
1,1,1,8632,94,10.619327601361167,0,2.0,0,0,0,0.0
0,1,1,34977,311,10.619314894437952,0,1.0,0,0,0,0.0
1,1,1,14786,18524,10.611154831568786,0,1.0,0,0,0,0.0
1,1,1,21278,7634,10.61085487212954,0,3.0,0,0,0,0.0
0,1,1,7690,3811,10.610796661112223,0,1.0,0,0,0,0.0
0,1,1,5417,218,10.610493564552284,0,4.0,0,0,0,159.25
0,1,1,75,5,10.609779441805308,0,1.0,0,0,0,0.0
0,1,1,38296,4589,10.608070218036708,0,1.0,0,0,0,0.0
0,1,1,1883,611,10.606484007425,0,2.0,0,0,0,117.0
1,1,1,8911,324,10.606205786013993,0,2.0,0,1,0,62.0
0,1,1,4104,377,10.6059140021014,0,1.0,0,0,0,0.0
0,1,1,180045,102001,10.605698332975738,0,3.0,0,6,48,91.28571428571428
0,1,1,186097,147981,10.605271906378023,0,2.0,0,0,0,0.0
1,1,1,5648,692,10.604534809767385,0,1.0,0,0,0,0.0
1,1,1,12949,4156,10.603962776406163,0,1.0,0,0,0,0.0
0,1,1,242,1,10.60377873199214,0,1.0,0,0,0,0.0
0,1,1,32253,1910,10.603313804367732,0,1.0,0,0,0,0.0
0,1,1,2098,522,10.602297345574922,0,2.0,0,0,0,0.0
1,1,1,935,153,10.602295159096862,0,1.0,0,1,0,53.0
1,1,1,2,1,10.601111704081273,0,1.0,0,0,0,0.0
1,1,1,9022,587,10.600685530988262,0,1.0,0,1,31,74.33333333333333
1,1,1,419,19,10.600629633201358,0,1.0,0,0,0,0.0
0,1,1,312954,7430,10.600359714069358,0,4.0,0,0,0,0.0
0,1,1,70,1,10.600129658551827,0,1.0,0,0,0,0.0
1,1,1,531,1,10.59617552389013,0,1.0,0,0,0,0.0
1,1,1,164681,5189,10.596103401802266,0,1.0,0,0,0,0.0
0,1,1,9174,1439,10.595879842342736,0,6.0,0,0,0,0.0
1,1,1,67089,78,10.595702135546276,0,3.0,0,0,0,129.33333333333334
0,1,1,19009,2814,10.594840663190965,0,1.0,0,0,0,0.0
1,1,1,849,1317,10.59385671637625,0,1.0,0,0,0,0.0
1,1,1,439,28,10.591734406694906,0,1.0,0,0,0,0.0
0,1,1,35267,3215,10.590980705526247,0,1.0,0,0,0,0.0
0,1,1,9892,49558,10.589725255175145,0,1.0,0,0,0,0.0
0,2,2,260230,49,10.589101570230788,0,17.0,0,0,0,0.0
1,1,1,298,1,10.58766182196096,0,1.0,0,0,0,0.0
1,1,1,99766,16317,10.58747711209709,0,1.0,0,2,23,77.4375
1,1,1,214,45,10.587393550609525,0,1.0,0,0,0,0.0
0,1,1,31437,610,10.58694380157918,0,1.0,0,0,0,0.0
0,1,1,191,216,10.586708517527162,0,2.0,0,0,0,0.0
0,1,1,71639,136,10.586494401117802,0,1.0,0,0,0,0.0
1,1,1,75205,1989,10.58600954168616,0,2.0,0,1,0,38.0
0,1,1,91799,6950,10.585889729026135,0,1.0,0,2,37,40.09090909090909
0,1,1,721,61,10.585814469817576,0,1.0,0,0,0,0.0
0,1,1,44571,2567,10.584839427355538,0,1.0,0,0,0,0.0
0,1,1,7476,85,10.584832931297536,0,1.0,0,0,0,0.0
0,1,1,475,3,10.584416106190432,0,1.0,0,0,0,0.0
0,1,1,48072,22519,10.58369827593718,1,1.0,0,0,21,32.5
0,1,1,69,16,10.583436817524628,0,1.0,0,1,0,242.0
0,1,1,3864,1850,10.582759991657008,0,2.0,0,2,34,104.16666666666669
0,1,1,33805,333,10.58265801939042,0,1.0,0,0,0,0.0
0,1,1,8203,1161,10.582020455063605,0,1.0,0,0,0,0.0
0,1,1,7843,1511,10.581921714981974,0,1.0,0,0,0,0.0
1,1,1,56872,2834,10.581457769688289,1,1.0,0,0,0,31.0
1,1,1,8170,2993,10.58048171320744,0,1.0,0,0,0,0.0
1,1,1,18518,107716,10.578433775468197,0,2.0,0,0,0,0.0
0,3,2,72663,4184,10.57828946791629,0,21.0,0,0,0,0.0
0,1,1,55875,5856,10.578010042357947,0,4.0,0,0,0,0.0
1,1,1,36093,22949,10.577490959791463,0,1.0,0,0,0,0.0
1,1,1,27528,1723,10.576486954417163,0,1.0,0,0,0,0.0
1,1,1,9030,1,10.576406181481328,0,1.0,0,2,26,54.1578947368421
0,1,1,43288,4005,10.576264282224097,0,1.0,0,0,0,0.0
0,1,1,13622,73,10.57625987757989,0,1.0,0,0,0,0.0
1,1,1,18086,17763,10.57621567269739,0,1.0,0,2,18,196.75
0,6,3,9593,107,10.576187343546884,0,72.0,0,62,54,73.54736842105264
1,1,1,95527,14773,10.575994204651655,0,1.0,0,0,0,0.0
1,1,1,2793,1622,10.575595726947396,0,1.0,0,0,0,0.0
0,1,1,64876,280,10.57522282153,0,1.0,0,0,0,73.0
0,1,1,32180,348,10.573663894361902,0,1.0,0,0,0,0.0
0,1,1,62210,5677,10.573489609878925,0,1.0,0,0,0,0.0
0,1,1,948,99,10.573417107534006,0,3.0,0,0,0,0.0
1,1,1,11499,8128,10.57065381121236,0,1.0,0,0,0,0.0
0,1,1,66113,401,10.570557637865845,0,2.0,0,0,0,0.0
1,1,1,95138,48684,10.570151840213295,0,1.0,0,0,0,0.0
1,1,1,3427,77,10.570145534283824,0,2.0,0,0,0,0.0
0,2,2,45716,5274,10.570116381243034,0,11.0,0,0,0,0.0
0,1,1,2341,1771,10.569508635406848,0,1.0,0,0,0,0.0
0,1,1,26302,381,10.569484774276724,0,1.0,0,1,1,33.5
0,1,1,20,1,10.569198282274796,0,1.0,0,0,0,0.0
0,1,1,12984,1334,10.568480040076404,0,1.0,0,0,0,0.0
1,1,1,9193,1124,10.568225172786116,0,4.0,0,0,0,0.0
0,1,1,2432,245,10.5670919750778,0,2.0,0,0,0,0.0
0,1,1,29077,5281,10.56599360257799,0,1.0,0,0,0,1.0
1,1,1,752753,1552,10.565027622909064,0,1.0,0,0,0,0.0
0,1,1,127,6,10.56436768679225,0,1.0,0,0,0,0.0
1,1,1,14704,3940,10.56428580477334,0,1.0,0,0,0,0.0
1,2,2,20743,178,10.564273383042917,0,12.0,0,16,56,103.71739130434784
0,1,1,196891,69543,10.563048099751413,0,1.0,1,7,27,40.0
0,1,1,13675,3511,10.561882611881613,0,1.0,0,0,0,0.0
0,1,1,28417,26372,10.561636680632088,0,6.0,0,0,0,80.33333333333333
0,1,1,66788,11644,10.560056744261768,0,3.0,0,0,0,0.0
0,2,2,1551,166,10.55959238702294,0,10.0,0,0,0,0.0
1,1,1,10111,691,10.558616045349302,0,3.0,0,0,0,0.0
1,1,1,35010,480,10.558545285849211,0,1.0,0,0,0,33.0
1,1,1,7473,2882,10.557638974849644,0,1.0,0,0,0,0.0
1,1,1,8303,7571,10.556004503280198,0,1.0,0,0,0,0.0
0,1,1,14960,3055,10.554790817828833,0,2.0,0,0,0,0.0
1,1,1,1172,1,10.5542866920398,0,4.0,0,0,0,0.0
1,1,1,23638,209,10.553442996701753,0,4.0,0,0,0,0.0
1,1,1,851,83,10.551890850784444,0,5.0,2,0,0,92.84615384615384
0,1,1,27702,390,10.551878017108878,0,1.0,0,0,0,0.0
0,1,1,15657,4940,10.551838058430144,0,1.0,0,0,0,86.0
1,1,1,1231,1,10.551766063094632,0,1.0,0,0,0,0.0
0,1,1,40428,8501,10.551710513876694,0,1.0,0,1,0,59.0
0,1,1,947,22,10.551463283415568,0,6.0,0,0,0,0.0
1,1,1,53299,153,10.550963277077951,0,3.0,0,0,0,29.333333333333332
0,1,1,2748,45,10.550953358706463,0,1.0,0,0,0,0.0
1,1,1,1659,3,10.549676423831825,0,1.0,0,0,0,0.0
0,1,1,5623,495,10.549436449942808,0,1.0,0,0,0,0.0
0,1,1,26469,53,10.549031444492456,0,1.0,0,0,0,0.0
1,1,1,163,2,10.548622699847744,0,2.0,0,0,0,0.0
0,1,1,5826,119,10.547486713587698,0,1.0,0,0,0,0.0
0,1,1,72132,7840,10.54637021550166,0,2.0,0,0,0,0.0
1,1,1,15226,3128,10.545943472023067,0,1.0,0,0,0,0.0
1,1,1,14290,41710,10.545868688135826,0,4.0,0,0,0,0.0
1,2,2,19005,15283,10.545074933224171,0,12.0,0,109,51,106.44334975369458
1,1,1,4516,743,10.544143208378175,0,1.0,0,1,0,339.0
0,1,1,24025,35,10.543975673457904,0,1.0,0,0,0,0.0
0,1,1,15230,32,10.543751828805586,0,6.0,0,1,0,49.0
1,1,1,29610,14417,10.543135115240547,0,1.0,0,0,0,0.0
0,1,1,13594,412,10.543063024840771,0,1.0,0,0,0,0.0
0,1,1,4196,1052,10.542901605721449,0,1.0,0,0,0,0.0
1,1,1,168,7,10.542580161758664,0,1.0,0,0,0,0.0
1,1,1,8581,2235,10.542203834027784,0,1.0,0,1,0,126.0
0,1,1,118763,3449,10.541802124138565,0,2.0,0,0,0,0.0
0,2,2,263029,7665,10.540432374854715,1,13.0,0,1,35,83.83333333333333
0,1,1,190309,1688,10.54002366189809,0,5.0,0,7,50,42.8421052631579
1,4,2,29598,527,10.53922493195665,0,38.0,0,0,0,0.0
1,1,1,3108,3357,10.53783227218531,0,1.0,0,0,0,0.0
0,1,1,72283,45,10.537749027578624,0,2.0,0,7,41,93.83516483516485
1,1,1,6815,4059,10.536379563487564,0,1.0,0,0,0,0.0
0,1,1,7060,507,10.535081239153648,0,1.0,0,0,0,0.0
0,1,1,6604,794,10.534689194131213,0,1.0,0,2,34,42.857142857142854
0,1,1,3802,1,10.534642644330214,0,1.0,0,0,0,0.0
1,1,1,19272,743,10.534545045019746,0,2.0,0,0,0,0.0
1,1,1,1204,19,10.53414767639856,0,1.0,0,0,0,0.0
0,3,2,4711,5296,10.533051648817247,0,28.0,0,5,66,141.6
0,3,2,9622,182,10.53218488455127,0,25.0,0,1,8,81.33333333333333
0,1,1,16455,692,10.531771545133823,0,1.0,0,0,0,0.0
1,1,1,235077,11107,10.529394304786017,0,1.0,0,0,0,0.0
1,1,1,51829,47166,10.529370380279715,0,1.0,0,0,0,0.0
0,1,1,25916,6689,10.528714373485789,1,1.0,0,7,53,86.08695652173913
0,1,1,77573,1025,10.528533117623493,0,3.0,0,0,0,0.0
0,1,1,88179,141,10.52753595687616,0,7.0,0,0,0,0.0
1,1,1,43586,3419,10.52702077194448,0,2.0,0,0,0,0.0
1,1,1,7276,177,10.525109948561209,0,4.0,0,0,0,0.0
0,1,1,79423,2635,10.524604872129538,1,1.0,0,0,0,0.0
1,1,1,164187,75653,10.524482492734402,0,4.0,0,0,0,0.0
0,1,1,5800,18,10.524086708517604,0,3.0,0,1,0,80.0
0,1,1,27267,24,10.524076821834209,0,1.0,0,1,0,116.0
1,1,1,13113,17,10.52268283116318,0,2.0,0,0,0,0.0
1,1,1,1214,3191,10.522308277965218,0,1.0,0,0,0,0.0
1,1,1,148,1,10.521546242829466,0,1.0,0,0,0,0.0
0,1,1,83323,42456,10.52104043757178,0,4.0,0,14,44,60.604651162790695
1,1,1,15762,18778,10.520601430803202,0,1.0,0,0,0,0.0
0,1,1,21061,5014,10.520288162367072,0,1.0,0,1,1,221.0
0,1,1,640,826,10.52018238752995,0,1.0,0,0,0,0.0
0,1,1,36483,5320,10.519674237353764,0,1.0,0,0,0,0.0
0,1,1,31786,1955,10.517921030519275,0,1.0,0,8,22,33.44
0,1,1,22792,1891,10.516577297155523,0,1.0,0,0,0,0.0
1,1,1,181341,1191,10.51607662536806,0,1.0,0,0,0,0.0
1,1,1,314,1129,10.51603026569559,0,1.0,0,0,0,0.0
1,1,1,19798,2547,10.515557701242018,0,1.0,0,0,0,0.0
0,1,1,12695,622,10.515372389304485,0,1.0,0,0,0,0.0
1,1,1,2924,94,10.515352552561511,0,2.0,0,0,0,0.0
1,1,1,16837,7506,10.515247094605266,0,1.0,0,0,0,0.0
1,1,1,86624,11144,10.512974171442542,0,4.0,0,0,0,0.0
0,1,1,95184,53943,10.511757507310922,0,1.0,0,0,0,0.0
1,1,1,139,213,10.51152501181063,0,1.0,0,0,0,0.0
0,1,1,37262,1,10.510283314089635,0,1.0,0,0,0,0.0
0,1,1,1696,152,10.50729100795736,0,1.0,0,0,0,0.0
1,1,1,3528,531,10.507079680099729,0,1.0,0,0,0,0.0
1,1,1,20005,811,10.506669604555324,0,1.0,0,0,0,0.0
1,1,1,17209,4745,10.506396643366896,0,1.0,0,0,0,0.0
1,1,1,32543,13,10.505284359796535,0,7.0,0,0,0,226.0
0,1,1,31260,1523,10.505074172710064,0,1.0,0,0,0,0.0
1,1,1,54548,9581,10.503978525385808,0,1.0,0,0,0,0.0
1,1,1,119549,17340,10.503940563056606,0,2.0,0,0,0,0.0
1,1,1,172489,28671,10.502811041166474,0,3.0,0,0,0,0.0
1,1,1,9929,13889,10.501413723246229,0,1.0,0,0,0,0.0
1,1,1,168,1,10.499562600220395,0,2.0,0,0,0,0.0
1,2,2,18266,8875,10.499470387884855,0,10.0,0,0,0,0.0
0,1,1,1407,19,10.498814697971808,0,1.0,0,0,0,0.0
1,1,1,1901,1902,10.498592057466828,0,1.0,0,0,0,0.0
0,1,1,6960,36,10.49806784143012,0,1.0,0,0,0,0.0
1,1,1,191727,18346,10.497791616368644,0,1.0,0,0,0,0.0
0,1,1,15724,2666,10.496722682102414,0,1.0,0,0,0,0.0
1,2,2,62705,12867,10.49627119022724,0,11.0,0,0,0,0.0
1,1,1,105568,70,10.496059608864906,0,1.0,0,0,0,0.0
0,1,1,4761,19968,10.495905636446215,0,1.0,0,1,0,85.0
0,1,1,1734,3391,10.4950335168934,0,1.0,0,0,0,0.0
1,1,1,54445,14601,10.494705069863208,0,1.0,0,2,7,26.5
0,2,2,1144,7,10.494130564831138,0,16.0,0,0,0,0.0
0,5,3,67277,80,10.494087754224502,0,42.0,0,64,54,164.7246376811594
0,1,1,197,1,10.493703282655057,0,1.0,0,0,0,0.0
0,1,1,46046,17265,10.493652550026464,0,3.0,0,0,0,0.0
0,1,1,18642,159,10.492971224450375,0,2.0,0,0,0,0.0
0,1,1,24066,1812,10.492730046414025,0,1.0,0,0,0,0.0
0,1,1,998030,1072,10.491822024257711,0,1.0,0,0,0,0.0
0,1,1,8998,958,10.491459956166349,0,2.0,0,0,0,0.0
0,1,1,3276,67,10.49102199510467,0,1.0,0,1,5,127.5
0,1,1,1760,1,10.490791876210965,0,2.0,0,0,0,0.0
0,1,1,10590,79,10.490711895477322,0,1.0,0,0,53,60.611111111111114
1,1,1,1947,107,10.49044809214627,0,2.0,0,0,0,0.0
1,1,1,2129,1,10.490400148069408,0,1.0,0,0,0,0.0
0,1,1,1225,3897,10.490141446520497,0,1.0,0,0,0,0.0
1,1,1,4221,1400,10.489972453948182,0,4.0,0,0,0,0.0
0,1,1,11714,139,10.48895602684346,0,2.0,0,0,0,0.0
1,1,1,369,7,10.48878785816143,0,1.0,0,0,0,0.0
0,2,2,75618,60,10.48819221717479,0,18.0,0,0,0,0.0
1,1,1,34859,14423,10.487549677818183,0,1.0,0,0,0,0.0
0,1,1,28342,3935,10.486198022432475,0,5.0,0,0,0,0.0
1,1,1,25200,4533,10.48576338862002,0,1.0,0,0,0,0.0
0,1,1,323570,115491,10.485520626179277,0,1.0,0,0,0,0.0
1,1,1,8595,33,10.485452211597686,0,1.0,0,0,0,0.0
1,1,1,516,107,10.484509554361397,0,2.0,0,0,0,0.0
1,1,1,553790,64914,10.484104422158692,0,3.0,0,0,0,0.0
0,1,1,61939,4353,10.48341457248698,0,3.0,0,0,0,0.0
1,1,1,85268,11309,10.483282147968009,0,1.0,0,0,0,0.0
1,1,1,1938,36,10.482652188782264,0,2.0,0,0,0,0.0
0,1,1,6458,7,10.482341265264632,0,1.0,0,0,0,0.0
1,1,1,434,23,10.482236536134408,0,3.0,0,0,0,0.0
0,1,1,9230,1533,10.481931094655968,0,1.0,0,0,0,0.0
1,1,1,18071,104,10.48150121405668,0,1.0,0,4,28,66.875
1,2,2,74534,9358,10.481399590359064,0,12.0,0,1,0,111.0
1,1,1,8241,2292,10.480054145838569,0,2.0,0,0,0,0.0
0,1,1,251,1,10.479855619968411,0,1.0,0,0,0,0.0
0,1,1,6543,6879,10.479815090904095,0,3.0,0,0,0,163.5
1,1,1,345,460,10.479704245972924,0,1.0,0,0,0,0.0
1,1,1,49090,11013,10.47962442367972,0,1.0,0,0,0,0.0
1,1,1,8426,1315,10.47826731794291,0,1.0,0,0,0,0.0
0,1,1,5198,4,10.477477365601793,0,1.0,0,0,0,0.0
0,1,1,11590,4288,10.47736867546059,0,1.0,0,2,242,50.8
1,1,1,4092,519,10.47680145868872,0,3.0,0,1,26,184.73076923076923
1,1,1,19783,447,10.475639551572844,0,1.0,0,0,0,87.0
1,1,1,554,1,10.475180264428069,0,1.0,0,1,0,23.0
1,1,1,119611,23810,10.474934396554715,0,1.0,0,0,0,0.0
1,3,2,15423,2776,10.47382062364423,0,21.0,0,0,0,0.0
1,1,1,40259,2047,10.47275124574477,0,1.0,0,2,1,113.5
1,1,1,4743,1,10.47253700258306,0,1.0,0,0,0,0.0
0,1,1,23824,1227,10.472313664940144,0,1.0,0,0,0,0.0
0,3,2,725094,18197,10.472096633226707,1,23.0,0,3,48,40.166666666666664
1,1,1,39405,13452,10.471969722435013,0,1.0,0,0,3,27.181818181818183
1,1,1,1413,97,10.471837076099424,0,5.0,0,0,0,0.0
1,1,1,1519,5531,10.47142643016944,0,1.0,0,0,0,0.0
1,2,2,16126,568,10.471253096329098,0,11.0,0,0,0,0.0
0,1,1,18731,1055,10.471172133264734,0,1.0,0,0,0,0.0
1,1,1,6975,5402,10.471135723651836,0,1.0,0,0,0,0.0
0,1,1,8835,605,10.470898950259688,0,3.0,0,0,0,0.0
0,1,1,23925,778,10.46956748018592,0,1.0,0,0,0,0.0
0,1,1,51,1,10.469518236897455,0,1.0,0,1,0,87.0
1,1,1,107049,38948,10.468708923134685,1,2.0,0,0,0,0.0
0,1,1,1700,49,10.46846996326448,0,1.0,0,0,0,0.0
1,1,1,480164,44798,10.46845503817512,0,1.0,0,0,0,0.0
0,1,1,984,85,10.4683835815371,0,1.0,0,0,0,0.0
1,1,1,10297,725,10.468005701089917,0,1.0,0,0,0,0.0
1,1,1,10059,553,10.467587830275914,0,1.0,0,0,2,22.8
0,1,1,462,1912,10.467393677361876,0,3.0,0,0,0,0.0
0,1,1,309,12,10.46719562681304,0,1.0,0,0,0,0.0
1,1,1,1408,176,10.466374334953075,0,1.0,0,0,0,0.0
1,1,1,29927,842,10.465978487360102,0,1.0,0,0,0,0.0
0,1,1,4996,1779,10.465966984584226,0,1.0,0,0,0,33.0
1,3,2,57941,1234,10.465359428876567,0,21.0,0,0,0,0.0
0,1,1,1857,58,10.463822968562727,0,1.0,0,0,0,0.0
1,1,1,21558,4462,10.463455703624964,0,2.0,0,1,24,129.71428571428572
1,7,3,68459,1527,10.463282496536973,0,153.0,0,201,50,155.04360465116278
1,1,1,66149,144,10.462946317613351,0,1.0,0,0,0,0.0
1,1,1,7512,1,10.462691133442188,0,1.0,0,0,0,0.0
1,1,1,1056,623,10.461833685474026,0,1.0,0,0,0,0.0
1,1,1,177656,328,10.461253032952923,0,1.0,0,1,0,30.0
1,1,1,6142,36,10.460745167969527,0,3.0,0,0,0,0.0
1,1,1,3955,3061,10.459673666968184,0,3.0,0,0,0,0.0
0,1,1,9298,1471,10.459077297155524,0,1.0,0,0,0,0.0
1,1,1,101784,26735,10.458761810553248,0,1.0,0,0,0,0.0
0,1,1,964,181,10.45863550183522,0,1.0,0,0,0,0.0
1,1,1,1059,155,10.45861027811732,0,3.0,0,0,0,0.0
1,4,2,8313,148,10.45810162093173,0,35.0,0,21,53,138.3684210526316
0,1,1,769,1429,10.456070763071816,0,1.0,0,0,0,0.0
0,1,1,10497,3729,10.45578715468588,0,1.0,0,0,0,0.0
1,1,1,323,34,10.45504958275392,0,1.0,0,1,0,201.0
1,1,1,3473,162,10.45492609427571,0,1.0,0,0,0,0.0
1,1,1,15274,185,10.453534638651709,0,1.0,0,0,0,0.0
0,1,1,26677,8618,10.453373346284735,0,1.0,0,0,0,0.0
1,1,1,54,18,10.453177608966309,0,1.0,0,0,0,0.0
0,1,1,2713,405,10.452805780943898,0,1.0,0,0,0,0.0
0,1,1,7641,7018,10.452237391712778,0,1.0,0,0,0,0.0
1,1,1,330591,49453,10.452063804367732,1,4.0,0,14,49,183.45238095238096
0,1,1,39020,17726,10.450895211065326,0,1.0,0,0,0,0.0
0,1,1,8625,328,10.450690727834663,0,2.0,0,0,0,0.0
0,1,1,6035,22582,10.450638505865944,0,1.0,0,0,0,0.0
1,1,1,736,1043,10.450609321137067,0,1.0,0,0,0,0.0
1,1,1,2201,5857,10.450067296395009,0,1.0,0,0,0,0.0
0,1,1,29809,2317,10.449406187818946,0,1.0,0,0,0,0.0
1,1,1,4957,1194,10.448675016880724,0,1.0,0,0,0,0.0
1,1,1,236,1,10.448300020049532,0,1.0,0,0,0,0.0
1,1,1,55480,5289,10.44719588031774,0,1.0,0,0,0,0.0
0,1,1,1145,76,10.44661503766811,1,1.0,0,0,0,0.0
1,1,1,48222,3452,10.446527610233831,0,1.0,0,0,0,0.0
1,1,1,50886,373,10.446262602755445,0,7.0,0,0,0,0.0
1,2,2,294021,190,10.444856729051486,0,12.0,0,0,0,0.0
0,1,1,399,5,10.444339801274976,0,1.0,0,0,0,0.0
1,2,2,29270,367,10.444182248102363,0,14.0,0,0,0,107.33333333333331
0,1,1,5259,118,10.442012469665473,0,8.0,0,0,0,0.0
1,1,1,39217,2061,10.442005656726591,0,1.0,0,0,0,0.0
0,1,1,8816,106,10.441046046363322,0,2.0,0,0,0,0.0
1,2,2,116464,16234,10.441033339440107,0,13.0,1,15,49,135.33333333333334
0,1,1,2006,385,10.440584604428574,0,3.0,0,0,0,116.0
1,1,1,26749,4763,10.440199023776051,0,1.0,0,0,0,0.0
0,1,1,12837,888,10.43998915357046,0,2.0,0,0,0,0.0
1,1,1,20932,5610,10.439391579610463,0,2.0,0,0,0,0.0
0,1,1,161488,17172,10.439325985268688,0,3.0,0,0,4,57.57142857142857
0,1,1,156,1,10.43895441075098,0,5.0,0,1,0,272.0
0,1,1,188896,8404,10.4385804279386,0,2.0,0,0,0,0.0
1,3,2,28164,205,10.438189206806449,0,21.0,0,1,0,135.0
0,1,1,29109,4443,10.437815255682157,0,1.0,0,0,0,0.0
0,1,1,1144,5328,10.436439739166325,0,1.0,0,1,0,79.92307692307692
0,1,1,16196,3714,10.436227524042232,0,1.0,0,0,0,0.0
0,1,1,9646,5397,10.436174002861916,1,1.0,0,1,0,97.0
1,1,1,106184,28756,10.435332684130453,0,1.0,0,0,0,0.0
1,1,1,16064,6969,10.435207642935936,0,2.0,0,0,0,0.0
1,1,1,6115,1089,10.434343730597863,0,1.0,0,0,0,0.0
0,1,1,4402,566,10.433547852584327,0,4.0,0,0,0,0.0
1,1,1,5744,706,10.433431747430577,0,1.0,0,0,0,0.0
1,1,1,12168,21,10.433343147537048,0,5.0,0,0,0,0.0
0,1,1,1025,424,10.432635235655283,0,1.0,0,0,0,0.0
1,1,1,15803,577,10.430653114074428,0,2.0,0,0,0,0.0
0,1,1,46215,1690,10.430513844928484,0,2.0,0,0,0,0.0
1,3,2,14166,28,10.427833032699418,0,22.0,0,0,0,0.0
0,1,1,16170,146,10.427615240471871,0,2.0,0,0,0,0.0
0,1,1,3811,6943,10.427531678984309,0,2.0,0,1,0,54.0
0,1,1,557492,3241,10.426537243412527,0,3.0,0,0,0,0.0
0,1,1,80181,26117,10.425367129081906,0,1.0,0,0,0,0.0
0,1,1,62405,1603,10.424962377136255,0,2.0,0,0,0,0.0
1,1,1,5076,1196,10.424772692242602,0,1.0,0,0,0,0.0
0,1,1,977,260,10.423873764567494,0,1.0,0,0,0,0.0
1,1,1,5114,152,10.423639652974725,0,2.0,0,0,0,0.0
0,1,1,10641,62,10.422819565262095,0,1.0,0,0,0,0.0
0,1,1,17743,1644,10.420419192610185,0,1.0,0,0,0,0.0
1,1,1,9466,1885,10.419319489210686,0,1.0,0,0,0,0.0
0,1,1,13705,141,10.419042471947016,0,2.0,0,0,1,16.666666666666668
0,2,2,15676,1,10.418903361241512,0,19.0,0,0,0,0.0
1,1,1,36468,7957,10.418764440664535,0,4.0,0,2,49,36.5
0,1,1,15433,277,10.41800015567455,0,1.0,0,0,0,0.0
0,1,1,5,1,10.4176206274468,0,1.0,0,1,0,999.0
1,1,1,5190,82,10.417465989578268,0,1.0,0,0,0,0.0
0,1,1,75,1,10.417221135723729,0,1.0,0,0,0,0.0
0,1,1,1850,1,10.41669362412589,0,1.0,0,0,0,0.0
0,1,1,112000,11934,10.416576980274645,0,1.0,0,0,0,0.0
1,1,1,4050,379,10.416559171569292,0,1.0,0,0,0,0.0
1,1,1,3105,1,10.41631900755175,0,1.0,0,0,0,0.0
1,1,1,10658,232,10.41505452609562,1,2.0,0,0,0,165.0
1,1,1,16698,264,10.414383023826751,0,1.0,0,0,0,0.0
1,1,1,38977,184,10.414098971807588,0,3.0,0,0,0,0.0
1,1,1,3755,131,10.414008026995562,0,1.0,0,0,0,0.0
1,1,1,211550,311,10.412429358148756,0,2.0,0,2,48,113.63636363636364
0,1,1,775,9,10.411803518414429,0,1.0,0,0,0,0.0
0,1,1,47126,17172,10.411762830909677,0,1.0,0,0,1,81.0
0,2,2,24714,12,10.41174375468081,0,16.0,0,5,17,158.71428571428572
0,1,1,3976,271,10.411113130045225,0,2.0,0,0,0,0.0
0,1,1,10544,341,10.410913019770678,0,1.0,0,0,0,0.0
0,1,1,17873,118,10.409631458435216,0,1.0,0,0,0,0.0
0,1,1,63070,599,10.409610987930488,0,2.0,0,0,0,0.0
0,1,1,15857,824,10.409487943085503,0,5.0,0,0,0,0.0
1,1,1,14944,1771,10.40935304689568,0,2.0,0,0,0,0.0
1,1,1,25956,6168,10.409177304760664,0,1.0,0,0,0,0.0
0,3,2,6581,1,10.408964455874818,0,23.0,0,0,0,0.0
1,1,1,404,35,10.408921296699216,0,1.0,0,0,0,0.0
1,1,1,5074,749,10.408723848224046,0,1.0,0,0,0,0.0
1,1,1,11505,25,10.408393214715794,0,3.0,0,0,0,0.0
1,1,1,31896,1054,10.407407778560954,0,1.0,0,0,0,0.0
1,1,1,6362,6817,10.406861570991303,0,1.0,0,0,0,0.0
0,1,1,12230,6395,10.405475692470755,0,6.0,0,0,0,0.0
1,2,2,62138,346,10.40516109313494,0,18.0,0,0,0,65.25
1,1,1,20314,2768,10.40510671637625,0,2.0,0,0,0,0.0
1,1,1,54325,9922,10.403506246125026,0,2.0,0,0,0,0.0
0,1,1,10692,893,10.402696932362256,0,1.0,0,0,0,0.0
0,1,1,9797,1843,10.401178185689506,0,7.0,0,3,54,122.6
0,3,2,14352,2602,10.400900629728342,0,24.0,0,1,0,54.0
0,1,1,22116,56,10.400857977562143,0,1.0,0,0,0,0.0
1,1,1,25258,1582,10.400691583413034,0,7.0,0,0,0,0.0
0,1,1,1315,88,10.3979474900726,0,1.0,0,0,0,0.0
1,1,1,3339,939,10.397884335713588,0,1.0,0,0,0,0.0
0,1,1,6351,3035,10.397464088293,0,3.0,0,0,0,223.0
0,1,1,2326,819,10.396808810325092,0,2.0,0,0,0,0.0
1,1,1,16199,2092,10.396680251752832,0,1.0,0,0,0,0.0
1,1,1,81097,10633,10.396629265619538,0,1.0,0,1,0,51.8
1,1,1,25221,190,10.396517470045731,0,2.0,0,0,0,0.0
0,1,1,26456,3715,10.396081188452706,0,3.0,0,0,0,0.0
0,1,1,110825,3338,10.39582178976586,0,3.0,0,0,0,0.0
1,1,1,1263,252,10.395534980883056,0,2.0,0,6,2,107.77777777777776
0,1,1,767,3120,10.39545290873562,0,3.0,0,0,0,0.0
0,1,1,33608,81,10.395295482315358,0,1.0,0,0,0,0.0
0,1,1,35819,10,10.395145312467209,0,3.0,0,0,0,0.0
1,1,1,57305,459,10.394718568988615,0,3.0,0,0,0,0.0
1,1,1,16945,28,10.393731770246,0,2.0,0,0,0,0.0
0,1,1,747,50,10.392320477879029,0,1.0,0,0,0,0.0
0,1,1,3138,2307,10.392125944707937,0,1.0,0,0,0,274.0
1,1,1,37,1,10.391951882041573,0,1.0,0,0,0,0.0
1,1,1,10221,961,10.39159821129348,0,2.0,0,1,0,66.0
0,1,1,5969,98,10.388389570585696,0,3.0,0,0,0,0.0
0,1,1,1114,185,10.387785342127255,0,2.0,0,0,0,0.0
0,1,1,69471,686,10.387312143911933,0,1.0,0,0,0,58.0
0,1,1,7826,1521,10.384491111894286,0,2.0,0,0,0,0.0
0,1,1,965,97,10.38393704567886,0,1.0,0,1,0,200.0
0,1,1,29767,517,10.383446799272289,0,1.0,0,0,0,0.0
1,1,1,18475,2742,10.383396066643698,0,1.0,0,0,4,33.25
0,1,1,48531,7791,10.382127370671888,0,4.0,0,0,0,0.0
0,1,1,3311,4,10.3818033282859,0,3.0,0,0,0,0.0
1,1,1,49201,4289,10.381753863180824,0,1.0,0,0,0,0.0
1,1,1,23,1,10.379217326815574,0,1.0,0,0,0,0.0
0,2,2,6964,467,10.378902790855932,0,12.0,0,0,0,0.0
1,1,1,639,56,10.378803607141071,0,2.0,0,0,0,0.0
1,1,1,2047,149,10.378622826600097,0,1.0,0,0,0,0.0
1,1,1,5834,5635,10.378293302174916,0,1.0,0,0,0,0.0
0,1,1,365,10,10.376799050394046,0,1.0,0,0,0,0.0
0,1,1,11519,302,10.37527922632631,0,1.0,0,0,0,0.0
0,1,1,4701,1,10.374898810832102,0,1.0,0,0,0,0.0
0,1,1,13934,212,10.373901998653736,0,1.0,0,0,0,0.0
0,1,1,3922,24,10.373417297662533,0,1.0,0,0,0,0.0
1,1,1,1425,19,10.373118669122974,0,1.0,0,0,0,0.0
1,1,1,287,1,10.373110715412931,0,1.0,0,0,0,0.0
0,3,2,125611,11420,10.372897169389152,0,24.0,0,0,29,92.6
0,1,1,533,61,10.371823988919155,0,2.0,0,0,0,0.0
0,1,1,1824,1,10.371745465837552,0,1.0,0,0,0,0.0
0,1,1,964,1,10.370655902626154,0,4.0,0,0,0,0.0
0,1,1,60629,3819,10.370182799475092,0,1.0,0,1,16,151.0
1,1,1,26542,2287,10.369456666942831,0,1.0,0,0,0,0.0
0,1,1,32221,168,10.368505517299008,0,7.0,0,0,0,0.0
0,1,1,17240,943,10.368310889063654,0,4.0,0,0,0,0.0
1,1,1,8499,522,10.368300717187465,0,1.0,0,0,0,0.0
0,1,1,20281,5205,10.36760541716465,0,5.0,0,0,0,0.0
0,5,3,6448,345,10.367329477295964,0,49.0,0,0,0,0.0
1,1,1,2755,29,10.365747576264202,0,1.0,0,0,0,0.0
1,1,1,9404,3101,10.36548142801465,0,2.0,0,0,0,0.0
0,1,1,22060,27667,10.36434956120602,0,5.0,0,0,0,0.0
1,1,1,46,40,10.362877617838972,0,1.0,0,0,0,0.0
1,1,1,33325,17336,10.362683243108322,0,1.0,0,0,0,0.0
0,1,1,21820,4705,10.362650509313609,0,2.0,0,0,20,31.666666666666668
0,1,1,411,65,10.362456609904276,0,1.0,0,0,0,0.0
0,1,1,132489,3244,10.362174807739343,0,2.0,0,0,0,0.0
0,1,1,78474,120,10.362140204347453,0,1.0,0,2,0,79.5
1,1,1,994,220,10.361740966129084,0,1.0,0,0,0,0.0
1,1,1,10223,688,10.361724836892384,0,1.0,0,0,0,0.0
1,1,1,2213,976,10.36163766296281,0,3.0,0,0,0,0.0
0,1,1,73192,31449,10.3610414199025,0,1.0,0,2,44,32.0
1,1,1,47211,14920,10.36065048396314,0,1.0,0,0,0,0.0
0,1,1,87389,25380,10.359564659946104,0,1.0,0,0,0,0.0
0,1,1,13744,1573,10.358855892485966,0,2.0,0,0,0,0.0
1,1,1,19102,1250,10.358714436861964,0,3.0,0,0,0,0.0
1,1,1,2477,671,10.358406650465028,0,1.0,0,0,0,0.0
1,1,1,9144,845,10.357260650769232,0,1.0,0,0,0,0.0
1,1,1,22,1,10.356823988919157,0,1.0,0,0,0,0.0
1,1,1,600,84,10.356732505409637,0,3.0,0,0,0,0.0
1,1,1,9958,1425,10.356653411942451,0,3.0,0,0,0,0.0
0,1,1,2501,2370,10.356343470755544,0,1.0,0,0,0,0.0
1,1,1,18099,529,10.354950906048469,0,1.0,0,0,0,1.0
0,1,1,15834,141,10.354421239660658,0,1.0,0,0,0,0.0
0,1,1,24089,43,10.354107749407913,0,2.0,0,0,0,0.0
0,1,1,3351,224,10.353996143962632,0,1.0,0,0,0,0.0
0,1,1,152,164,10.353673685981036,0,1.0,0,0,0,0.0
0,1,1,1647,47,10.35306248614328,0,1.0,0,0,0,0.0
0,1,1,5895,320,10.352318354777143,0,3.0,0,0,0,133.0
1,1,1,2823,2868,10.352028693966435,0,1.0,0,0,0,0.0
1,1,1,29708,29236,10.351901529670036,0,1.0,0,0,0,0.0
0,1,1,29165,23308,10.3509064603365,0,1.0,0,0,0,0.0
1,3,2,33864,26,10.350111437901337,0,21.0,0,0,0,0.0
1,1,1,96579,8807,10.349905877275685,0,1.0,0,0,0,0.0
1,2,2,10713,16,10.349459613935,0,10.0,0,1,42,158.0
1,1,1,228,3,10.348730280905873,0,2.0,0,0,0,0.0
1,1,1,72067,2412,10.348322993913198,0,1.0,0,0,0,0.0
1,1,1,3351,1,10.348184105024307,0,2.0,0,0,0,0.0
1,3,2,20028,1,10.347440544043751,0,24.0,0,0,0,0.0
0,1,1,19508,1063,10.346911859986664,0,1.0,0,0,0,0.0
1,1,1,22006,839,10.343790678401245,0,1.0,0,0,0,0.0
1,1,1,38193,6514,10.343679041267876,0,4.0,0,0,0,0.0
0,1,1,24510,262,10.342607793771236,0,1.0,0,1,15,118.0
0,1,1,3909,861,10.341459163964153,0,1.0,0,0,0,0.0
1,1,1,6641,308,10.341122192838338,0,1.0,0,0,0,0.0
1,1,1,159,1,10.340520214234136,0,1.0,0,0,0,0.0
0,2,2,78240,68000,10.340502437216871,0,14.0,1,5,49,60.878787878787875
1,1,1,33574,3741,10.339606963543336,0,3.0,0,0,0,0.0
1,1,1,67158,1706,10.338573203054578,0,3.0,0,0,0,0.0
0,2,2,918,2819,10.337582760181864,0,12.0,0,0,0,0.0
1,4,2,9044,238,10.337315439473064,0,34.0,0,0,0,0.0
1,1,1,5748,236,10.337280202319414,0,1.0,0,0,0,0.0
1,1,1,36,12,10.336304621159885,0,1.0,0,0,0,0.0
1,1,1,88101,20118,10.335302485382766,0,1.0,0,0,0,0.0
0,1,1,13522,2315,10.33529183818526,0,5.0,0,0,0,0.0
0,1,1,7202,54,10.334422190303291,0,1.0,0,0,0,0.0
1,1,1,61250,1161,10.333649539658122,0,1.0,0,1,0,1129.5
0,1,1,835,205,10.332356000225465,0,1.0,0,0,0,0.0
1,1,1,86206,7092,10.33024107386858,0,2.0,0,1,0,74.0
1,2,2,117082,11243,10.329438129411464,0,15.0,0,0,0,0.0
0,1,1,1163,3075,10.32940219511988,0,1.0,0,0,0,0.0
1,1,1,55,8,10.32923725862281,0,1.0,0,0,0,0.0
0,2,2,168697,15035,10.329191976345324,1,11.0,0,0,7,46.63157894736842
1,1,1,12922,2265,10.329170301693258,0,1.0,0,0,0,21.0
0,1,1,19356,439,10.328351418127967,0,1.0,0,0,0,0.0
0,1,1,33076,6370,10.328082703143304,0,1.0,0,0,0,0.0
1,2,2,49158,2314,10.32712588133176,0,13.0,0,0,0,0.0
0,1,1,21046,3217,10.32679955740345,0,1.0,0,0,0,0.0
0,1,1,1343,1,10.326639374119551,0,3.0,0,0,0,0.0
0,1,1,694,7881,10.326414800641214,0,1.0,0,0,0,0.0
1,1,1,135134,8773,10.325224627751004,0,4.0,0,5,54,73.35555555555555
0,1,1,431457,10267,10.324927900496716,0,5.0,0,0,0,77.5
1,1,1,82267,1957,10.323974786191446,0,1.0,0,1,40,47.23076923076923
1,1,1,12840,3503,10.323602039214489,0,3.0,0,0,0,0.0
0,1,1,69345,5181,10.323471864549749,0,2.0,0,0,0,0.0
0,1,1,54937,4756,10.323358294443024,0,1.0,0,0,0,0.0
1,1,1,29705,2163,10.323087741549267,0,1.0,0,0,0,1.0
0,1,1,10270,334,10.322132916087254,0,4.0,0,0,0,0.0
0,1,1,2527,34,10.321971306839403,0,2.0,0,0,0,0.0
0,1,1,12280,12484,10.32173101606951,0,1.0,0,0,0,0.0
1,1,1,833,21,10.321110056300704,0,3.0,0,0,0,0.0
1,1,1,13562,3574,10.32095674933186,0,1.0,0,0,5,249.44444444444449
0,1,1,1342,424,10.320495339085202,0,1.0,0,0,0,0.0
1,1,1,31677,8408,10.317614289829235,0,1.0,0,0,0,0.0
0,1,1,229525,42555,10.31672550234223,1,1.0,0,0,0,0.0
0,1,1,53833,52541,10.316438883587953,0,1.0,0,0,0,0.0
0,1,1,4172,676,10.315737119195225,0,1.0,0,1,0,126.0
0,1,1,30093,7089,10.315700582829972,0,1.0,0,0,0,0.0
0,1,1,60384,2223,10.31526499837488,0,1.0,0,0,0,0.0
0,1,1,8360,225,10.314164978094505,0,1.0,0,0,0,0.0
0,1,1,65410,69,10.3140583793671,0,2.0,0,0,35,121.57142857142856
0,1,1,75,1,10.313868155775952,0,1.0,0,0,0,0.0
1,1,1,5970,1456,10.313338362635788,0,1.0,0,0,0,0.0
0,2,2,71403,445,10.313169274999211,0,13.0,0,0,0,0.0
1,1,1,17957,4576,10.312948409027149,0,1.0,0,0,0,0.0
0,1,1,11954,11221,10.312870931652444,0,1.0,0,0,0,0.0
0,1,1,128,21,10.31273197938738,0,1.0,0,0,0,0.0
0,1,1,387,622,10.312646548302633,0,2.0,0,0,0,0.0
1,1,1,5627,5219,10.312594991783758,0,1.0,0,0,0,0.0
0,1,1,35372,8432,10.312546794202191,0,1.0,0,0,0,0.0
0,1,1,17903,850,10.312231149159478,0,1.0,0,0,0,0.0
1,1,1,762,14,10.31179594496144,0,1.0,0,1,0,195.0
0,2,2,203903,8475,10.31092211425188,0,14.0,0,1,6,251.0
1,2,2,43743,16478,10.310431804469134,0,12.0,0,0,0,0.0
1,1,1,29259,7777,10.31007090883702,1,6.0,0,4,49,211.40425531914897
0,1,1,1895,1,10.30978188178807,0,1.0,0,0,0,0.0
0,1,1,5915,5930,10.308233126496155,0,5.0,0,0,0,0.0
0,1,1,44406,2210,10.307351468828909,0,7.0,0,0,0,0.0
1,1,1,7364,180,10.3071577595481,0,1.0,0,0,0,0.0
1,1,1,10404,1,10.307125817955583,0,1.0,0,0,0,0.0
0,1,1,9182,3489,10.305298302555174,0,1.0,0,0,0,0.0
0,1,1,412,183,10.305177570940602,0,2.0,0,0,0,0.0
1,1,1,33193,2619,10.304027736986182,0,1.0,0,0,0,0.0
1,1,1,60594,25188,10.302532439498414,0,1.0,0,0,0,0.0
0,1,1,8560,1,10.302227663469818,0,1.0,0,0,0,0.0
1,1,1,17016,545,10.30166634068228,0,1.0,0,0,0,0.0
0,1,1,14469,1793,10.301321954543916,0,6.0,0,0,0,0.0
0,1,1,5465,72,10.300420111564732,0,3.0,0,0,0,0.0
0,1,1,4387,91,10.300091822974975,0,1.0,0,0,0,0.0
0,1,1,2855,907,10.299341005422312,0,1.0,0,1,35,84.88888888888889
0,1,1,1056,1,10.297235680556035,0,1.0,0,0,0,0.0
1,1,1,33562,15234,10.296566364765228,0,2.0,0,0,0,99.0
1,1,1,9527,3837,10.296297776532915,0,2.0,0,0,0,0.0
0,1,1,216040,60540,10.295140876134914,1,3.0,0,1,0,198.0
1,1,1,157706,1444,10.294531767710952,0,1.0,0,0,0,0.0
1,1,1,2092,306,10.2940583793671,0,2.0,0,0,0,0.0
0,1,1,24497,273928,10.293596430422946,1,1.0,0,0,0,0.0
1,1,1,885,37,10.293556820313178,0,1.0,0,0,0,0.0
1,1,1,7467,1,10.291738716274848,0,1.0,0,0,0,0.0
1,1,1,241849,1026,10.291615671429868,0,4.0,0,0,0,0.0
1,1,1,2950,8659,10.29137671155966,0,1.0,0,0,0,0.0
0,1,1,26205,2316,10.291329654749257,0,1.0,0,0,0,0.0
0,1,1,1793,48,10.290940493342813,0,2.0,0,0,0,0.0
0,1,1,35,1,10.289820097621972,0,1.0,0,0,0,0.0
1,1,1,7562,5031,10.286701102514613,0,3.0,0,0,29,79.83333333333333
0,1,1,3026,1,10.285881204930512,0,1.0,0,0,0,0.0
0,1,1,66887,2497,10.28407229043765,0,2.0,0,0,0,0.0
1,1,1,21891,61,10.283555267596876,0,1.0,0,0,0,0.0
1,1,1,30365,2310,10.283377529112329,1,1.0,0,0,0,0.0
1,1,1,106556,1722,10.283051490376808,0,1.0,0,0,0,0.0
1,1,1,397,357,10.282700671556618,0,1.0,0,0,0,0.0
1,1,1,220945,16334,10.28267148682774,1,1.0,0,0,0,0.0
0,1,1,43580,9887,10.28257946462073,0,1.0,0,0,0,0.0
0,1,1,2020,1,10.282473531343168,0,4.0,0,0,0,0.0
1,1,1,193038,127767,10.28239130075529,0,7.0,0,0,0,0.0
1,1,1,54120,6412,10.27848197304976,0,1.0,0,0,0,0.0
0,1,1,56138,6614,10.27840053466408,0,1.0,0,0,0,0.0
0,1,1,17542,25047,10.278000219050725,0,2.0,0,0,0,0.0
0,1,1,9441,20,10.277932121350013,0,1.0,0,0,0,0.0
1,1,1,4120,1945,10.275568982201282,0,3.0,0,2,31,183.44444444444449
1,1,1,4581,2365,10.275281697997158,0,1.0,0,0,0,0.0
0,1,1,35162,4641,10.275144932210154,0,2.0,0,0,0,0.0
1,1,1,26122,2941,10.275122845612948,0,5.0,0,0,0,0.0
0,1,1,1420,1116,10.274103376451794,0,1.0,0,0,0,0.0
0,1,1,4292,9820,10.272517958042284,0,1.0,0,0,0,0.0
0,1,1,1210,3432,10.271915504116762,0,1.0,0,0,0,0.0
1,5,3,201632,8281,10.271605974874996,0,49.0,0,2,43,95.35
0,1,1,148653,55004,10.269056446393742,0,1.0,0,2,23,50.0
0,1,1,175,1,10.268914198567543,0,1.0,0,0,0,0.0
1,2,2,1756,67,10.26861899234147,0,18.0,0,17,51,212.05555555555551
0,1,1,624,654,10.268590314621996,0,2.0,0,0,0,0.0
0,1,1,7040,3661,10.267247468524705,0,1.0,0,0,0,0.0
0,1,1,3799,475,10.267034049253274,0,1.0,0,0,0,0.0
1,1,1,140181,343,10.266256075009352,0,1.0,0,0,0,0.0
0,1,1,27138,2121,10.264819083603165,0,1.0,0,0,0,0.0
1,1,1,2259,1335,10.264767907341342,0,1.0,0,0,0,0.0
0,2,2,40740,2481,10.264021145863918,0,12.0,0,0,0,0.0
1,1,1,81,1,10.263471515980784,0,2.0,0,0,0,0.0
0,1,1,14558,2861,10.26331979341633,0,1.0,0,0,0,0.0
0,1,1,5433,2113,10.261614562346791,0,5.0,0,0,0,0.0
0,1,1,12313,3720,10.26125163867706,0,1.0,0,0,0,58.0
1,1,1,109306,23675,10.259027134912516,0,3.0,0,0,0,0.0
0,1,1,110257,560,10.258858142340202,0,1.0,0,2,18,30.404255319148938
1,1,1,2379,4714,10.258579667424492,0,1.0,0,0,0,0.0
0,1,1,21934,2054,10.2583482176311,0,1.0,0,0,0,0.0
1,1,1,8,19,10.257244965165764,0,1.0,0,1,0,200.0
0,1,1,8688,455,10.257206559203334,0,1.0,0,0,0,0.0
0,1,1,26877,11190,10.256696285925264,0,1.0,0,0,0,148.0
1,1,1,199830,11711,10.256569628638273,0,1.0,0,0,0,0.0
0,1,1,4438,1,10.255476389608688,0,1.0,0,0,0,0.0
0,1,1,29467,625,10.25544609579674,0,4.0,0,0,0,0.0
1,1,1,6744,556,10.255308601183714,0,1.0,0,0,0,0.0
1,1,1,21663,1538,10.253022432400282,0,3.0,0,3,26,154.55555555555554
0,1,1,2871,751,10.252470489286738,0,1.0,0,0,0,0.0
0,4,2,256508,4028,10.24890453370076,0,31.0,0,39,54,150.0909090909091
1,1,1,18349,144,10.24725127109524,0,4.0,0,0,0,0.0
0,1,1,230272,18286,10.246882453441172,0,1.0,0,0,0,132.0
0,4,2,122752,294,10.246125963720788,0,31.0,0,12,907,151.22292993630575
0,1,1,290473,3399,10.244291540317237,0,2.0,0,1,34,26.75
1,1,1,5050,2739,10.244237892384565,0,1.0,0,0,0,0.0
1,1,1,1847,4221,10.244068899812254,0,1.0,0,1,0,282.0
1,1,1,707466,6215,10.24369624789956,1,5.0,0,0,0,0.0
1,1,1,9236,148,10.242999173343827,0,1.0,0,0,0,0.0
1,1,1,153511,3336,10.242771462744797,0,1.0,0,0,0,0.0
1,3,2,15567,960,10.241556383017569,0,20.0,0,0,0,0.0
0,1,1,12913,6243,10.24110897890572,0,1.0,0,0,0,0.0
0,1,1,31575,233,10.239444118460058,0,6.0,0,0,0,0.0
1,1,1,123,1,10.238985655205566,0,1.0,0,0,0,0.0
0,1,1,5927,852,10.23891961723056,0,1.0,0,0,0,0.0
0,4,2,10325,838,10.237442128448144,0,33.0,0,0,0,0.0
1,1,1,8951,1146,10.237430689048445,0,1.0,0,0,0,0.0
0,1,1,21134,5746,10.236816700658958,0,3.0,0,0,0,0.0
1,1,1,24755,2493,10.236675023218345,0,2.0,0,0,0,0.0
0,1,1,1787,2784,10.236534803429764,0,1.0,0,0,0,0.0
0,1,1,60625,12443,10.23647934927609,0,1.0,0,0,0,0.0
1,1,1,634,1,10.236206990161328,0,1.0,0,0,0,0.0
1,1,1,872,705,10.236179896846249,0,1.0,0,0,0,0.0
0,1,1,6922,6254,10.23599879942439,0,1.0,0,1,0,168.5
0,1,1,28421,5357,10.2345745466295,0,1.0,0,0,0,0.0
1,1,1,6519,153,10.233558119524778,0,1.0,0,0,0,0.0
1,1,1,6343,12806,10.233457383093617,0,4.0,0,0,0,0.0
0,1,1,76336,8314,10.23232608667057,0,5.0,0,0,0,0.0
0,7,3,94480,1578,10.2320227999821,0,149.0,0,100,54,145.9533073929961
0,1,1,43258,159,10.231297523028214,0,1.0,0,0,0,0.0
0,1,1,69262,184038,10.230710723018074,0,1.0,0,0,0,0.0
0,1,1,17532,1113,10.227948567467587,0,1.0,0,0,0,0.0
0,1,1,17782,940,10.226737797320302,0,2.0,0,0,52,140.07692307692307
1,1,1,32504,4603,10.22654269376363,0,1.0,0,0,0,0.0
1,1,1,4095,702,10.226433496613025,0,1.0,0,0,0,0.0
1,1,1,16454,1884,10.225603902474052,0,2.0,0,2,6,492.2
0,1,1,160285,28776,10.225598800691914,0,1.0,0,0,0,0.0
0,1,1,55887,501757,10.22555843006804,0,1.0,0,0,0,0.0
0,1,1,11745,352,10.22480374656866,0,2.0,0,0,0,0.0
0,1,1,3,1,10.223476237505867,0,1.0,0,0,0,0.0
0,1,1,25750,12393,10.223416949093568,1,1.0,0,0,0,0.0
1,2,2,130096,14715,10.223397365855298,0,10.0,0,5,33,171.0
1,6,3,318620,49661,10.223334623441426,1,73.0,0,0,0,0.0
0,1,1,32899,8185,10.222047231497806,0,1.0,0,0,0,0.0
1,4,2,39789,3947,10.220264839934442,0,30.0,0,1,0,32.0
0,1,1,13089,292,10.219482492734402,0,1.0,0,0,0,27.5
1,7,3,30416,1,10.21902878269308,0,294.0,0,208,54,55.70012547051443
1,1,1,5089,1584,10.21862029155307,0,1.0,0,0,0,0.0
0,1,1,66897,152,10.218342228582502,0,6.0,0,10,50,65.76190476190476
1,2,2,116138,6808,10.217678268078537,0,14.0,0,0,0,0.0
1,1,1,15139,11927,10.217065705653,0,2.0,0,0,0,0.0
0,1,1,43960,4507,10.216967916214006,0,1.0,0,0,0,0.0
1,3,2,16678,14,10.216622959690064,0,20.0,0,0,0,0.0
1,1,1,2478,5518,10.21616246839795,0,1.0,0,0,0,0.0
0,1,1,33612,502,10.216084198821047,0,2.0,0,0,0,0.0
0,1,1,109571,837810,10.215339402005068,0,1.0,0,0,0,0.0
1,1,1,2096,221,10.215105607293175,0,1.0,0,0,0,0.0
1,1,1,14511,14132,10.214903373916748,0,1.0,0,0,0,0.0
1,1,1,101715,98665,10.21447932392562,0,6.0,0,11,13,78.77083333333333
0,1,1,407,146,10.21392715899546,0,2.0,0,0,0,0.0
1,1,1,9222,1,10.213616457294444,0,3.0,0,0,0,78.0
1,1,1,6605,414,10.211869493013255,0,4.0,0,0,0,0.0
0,1,1,8343,423,10.211584426975282,0,2.0,0,0,0,0.0
1,1,1,1111,123,10.209733272261362,0,2.0,0,0,0,0.0
0,1,1,167053,60240,10.209134842722994,0,1.0,0,0,0,0.0
1,1,1,4918,37,10.207453187590792,0,1.0,0,0,0,0.0
0,1,1,65077,42,10.207396402537428,0,5.0,0,0,0,0.0
0,1,1,8669,2729,10.205432786799856,0,2.0,0,0,0,0.0
0,1,1,1504,1180,10.204375323621417,0,8.0,0,0,0,0.0
0,1,1,37438,28213,10.203886376426444,0,1.0,0,0,0,0.0
0,1,1,27942,3994,10.203848667601946,0,3.0,0,0,0,0.0
0,3,2,39278,28754,10.20363797350607,0,29.0,0,0,0,0.0
1,1,1,39692,3035,10.203100416784393,0,1.0,0,0,0,0.0
1,1,1,940,13,10.202312714297513,0,1.0,0,0,0,0.0
1,1,1,4070,1,10.202160453035566,0,8.0,0,0,0,0.0
0,1,1,11617,25035,10.201597989476866,0,2.0,0,0,0,0.0
1,1,1,171,1,10.200989197933785,0,1.0,0,0,0,0.0
1,1,1,114845,30658,10.200318456179025,0,1.0,0,0,0,0.0
0,1,1,164172,3533,10.199611780132685,0,2.0,0,3,52,44.03888888888889
1,1,1,129,1,10.199205665599258,0,1.0,0,0,0,0.0
1,2,2,50658,13070,10.198088818944251,0,13.0,0,0,0,0.0
1,1,1,49,21,10.198083558721676,0,1.0,0,0,0,0.0
1,1,1,15726,2243,10.19808045328907,1,2.0,0,0,0,0.0
0,1,1,5524,1387,10.197996384792098,0,3.0,0,0,0,0.0
0,1,1,36542,10325,10.197448909698936,0,1.0,0,1,19,57.25
0,1,1,1414,1,10.196842209569647,0,1.0,0,0,0,0.0
1,1,1,4880,4325,10.195420903766928,0,1.0,0,0,0,0.0
1,1,1,19671,21349,10.195278909445433,0,1.0,0,0,0,0.0
1,1,1,10284,12344,10.194905497018633,1,1.0,0,0,0,0.0
0,1,1,232,1,10.19436828886592,0,1.0,0,0,0,0.0
0,1,1,2183,11977,10.194014808246354,0,5.0,0,0,0,0.0
0,1,1,402695,12765,10.191158317258449,0,2.0,0,0,0,0.0
0,1,1,20522,326,10.190777236314394,0,1.0,0,0,0,0.0
0,1,1,52728,6038,10.189627497424238,0,4.0,0,0,0,0.0
0,1,1,163,8,10.188970286482975,0,3.0,0,0,0,0.0
0,2,2,84984,49542,10.188198047782947,1,12.0,0,3,1,194.4
1,1,1,116,2,10.18801317947864,0,1.0,0,0,0,0.0
0,1,1,17119,55,10.187760150097446,0,1.0,0,0,0,0.0
1,1,1,2751,730,10.187501733741325,0,1.0,0,0,0,0.0
1,1,1,13120,3162,10.187167170910184,0,1.0,0,0,0,0.0
0,1,1,24632,779,10.187133930106064,0,7.0,0,0,0,0.0
0,1,1,2587,102,10.186668305343725,0,2.0,0,0,0,0.0
0,1,1,37916,51915,10.18552696379684,0,1.0,0,0,0,0.0
1,1,1,257587,11318,10.185311896744846,0,2.0,0,0,0,0.0
1,1,1,145364,397,10.184610829490047,0,1.0,0,0,0,0.0
1,1,1,13762,306,10.184230097114964,0,1.0,0,0,0,0.0
1,1,1,128889,2345,10.183651092374426,1,3.0,0,0,0,0.0
0,1,1,13522,19141,10.183522121857022,0,1.0,0,0,0,0.0
0,1,1,845,970,10.181902258496056,0,1.0,0,0,0,0.0
1,1,1,98233,14456,10.181819615963038,0,1.0,3,0,15,76.25252525252525
0,1,1,2529,40,10.181818031558649,0,1.0,0,0,0,0.0
0,1,1,461,1,10.18150108730433,0,1.0,0,0,0,0.0
1,1,1,2181,274,10.18148879232626,0,1.0,0,0,0,0.0
0,1,1,128586,150,10.180684485281365,0,1.0,0,0,0,0.0
0,1,1,1724,372,10.178945062765075,1,2.0,0,0,0,0.0
1,1,1,7635,766,10.178441000352215,0,2.0,0,0,0,0.0
0,1,1,6099,411,10.178265226529112,0,1.0,0,0,0,0.0
1,1,1,52142,2230,10.178099497829846,0,5.0,0,0,33,31.53731343283582
1,1,1,10002,96,10.176979925999287,0,1.0,0,0,0,0.0
1,1,1,128885,2279,10.176580339211954,0,1.0,0,0,0,0.0
0,1,1,2473,3552,10.176246727023448,0,9.0,0,0,0,0.0
1,1,1,5715,3,10.175537357489643,0,9.0,0,2,54,132.5
0,1,1,5040,538,10.174330928610386,0,2.0,0,0,0,72.0
0,1,1,9094,4035,10.174188680784187,0,1.0,0,0,0,0.0
1,1,1,29342,345,10.173083400281236,0,3.0,0,3,32,154.76923076923077
0,1,1,490,59,10.17236984791984,0,3.0,0,0,0,0.0
0,1,1,94404,25826,10.17178580477334,0,2.0,0,1,5,11.0
0,1,1,18768,1122,10.171631103528632,0,1.0,0,0,0,0.0
1,1,1,1316,1,10.171263109764848,0,4.0,0,0,0,0.0
1,1,1,6709,17,10.170828792833268,0,3.0,0,0,0,0.0
1,1,1,3155,44,10.170521228252946,0,2.0,0,0,0,0.0
1,1,1,27903,20939,10.169422126927117,0,1.0,0,0,0,0.0
0,1,1,96583,32241,10.16920202146916,0,6.0,0,0,0,94.5
0,1,1,1931,18,10.168179573627752,0,1.0,0,0,0,0.0
0,1,1,39448,9535,10.168141547922374,0,1.0,0,0,0,123.0
1,1,1,15259,150,10.165570218036706,0,6.0,0,0,0,0.0
1,1,1,18412,139,10.16500030777737,0,1.0,0,0,0,0.0
0,1,1,151,1,10.162989350036604,0,1.0,0,0,0,0.0
1,1,1,1220,286,10.162925466851572,0,1.0,0,0,0,0.0
1,1,1,2066,1,10.162902556364084,0,1.0,0,1,0,282.5
1,1,1,64220,1525,10.162683306484496,0,1.0,0,0,0,0.0
0,1,1,2505,1198,10.16216156211864,0,3.0,0,0,0,0.0
1,1,1,1007,590,10.162092703903818,0,1.0,0,0,0,0.0
1,1,1,27661,13273,10.160480477372015,0,2.0,0,0,0,0.0
1,1,1,29675,246,10.160437318196411,0,1.0,0,0,0,0.0
0,1,1,28228,5797,10.157998602958246,0,1.0,0,0,0,0.0
1,1,1,5451,481,10.157521823988995,0,1.0,0,0,0,0.0
1,1,1,277,20,10.156102831416684,0,2.0,0,0,0,0.0
0,1,1,67,1,10.155726915630948,0,1.0,0,0,0,0.0
0,5,3,68467,1350,10.154614188427356,0,46.0,0,0,0,0.0
1,1,1,376028,24437,10.153892587291656,0,1.0,0,0,0,0.0
0,1,1,45105,10240,10.153604701013863,0,1.0,0,0,0,0.0
0,1,1,20289,584,10.153036660351711,0,1.0,0,0,0,0.0
1,1,1,92642,13496,10.152029105911575,0,2.0,0,0,0,0.0
1,1,1,10679,691,10.151167665244351,0,1.0,0,0,0,0.0
1,1,1,3499,4391,10.15103574773478,0,1.0,0,0,0,0.0
1,1,1,25096,666,10.150801731206275,0,3.0,0,0,0,0.0
1,1,1,83359,78717,10.149673666968184,0,1.0,0,1,20,101.25
0,1,1,9825,1137,10.149663336651557,0,2.0,0,1,45,115.0
0,2,2,15332,197,10.148073830478715,0,16.0,0,1,0,156.0
1,1,1,489,17,10.14798925497234,0,1.0,0,0,0,0.0
0,3,2,11467,4296,10.147737081169517,0,28.0,0,5,35,68.4
1,1,1,488,116,10.14667663931082,0,1.0,0,0,0,10.0
0,1,1,9402,268,10.146643525259057,0,1.0,0,0,0,0.0
1,1,1,1499,1,10.14649836212878,0,3.0,0,0,0,0.0
1,1,1,7574,952,10.146155306890105,0,6.0,0,0,25,93.0
1,1,1,29756,3749,10.14613420262362,0,4.0,0,1,0,92.0
1,1,1,17861,222,10.145493944809337,0,1.0,0,0,0,0.0
0,1,1,951,116,10.145353408139885,0,2.0,0,0,0,0.0
0,1,1,5438,7871,10.143298594085582,0,1.0,0,0,0,0.0
0,1,1,705,5641,10.142087982378737,0,1.0,0,0,0,0.0
1,1,1,4855,118,10.14202964460907,0,1.0,0,0,0,0.0
1,1,1,13753,1,10.140756100359823,0,1.0,0,0,0,0.0
0,1,1,104,1,10.140284233044184,0,1.0,0,0,0,0.0
0,1,1,1675,642,10.139211084262277,1,1.0,0,0,0,0.0
0,1,1,11043,3303,10.13776620252222,0,1.0,0,0,0,0.0
0,1,1,2501,1,10.137723582044108,0,1.0,0,0,0,0.0
0,1,1,65970,26774,10.136925232359722,0,1.0,0,0,0,0.0
1,1,1,7264,412,10.135269973404668,0,2.0,0,0,0,0.0
0,1,1,41675,286,10.135126806623925,0,1.0,0,0,0,0.0
1,1,1,25998,102,10.134768034093694,0,4.0,0,0,0,0.0
0,1,1,249,1,10.134062403754251,0,2.0,0,0,0,0.0
1,1,1,39843,1973,10.133309526475877,0,1.0,0,1,25,76.6
0,1,1,264,50,10.132665244274442,0,1.0,0,0,0,0.0
0,1,1,5355,3511,10.131947065452223,0,4.0,0,1,0,55.333333333333336
0,1,1,4321,60,10.131855867135496,0,1.0,0,0,0,0.0
1,1,1,935,1925,10.131488982454783,0,1.0,1,0,0,0.0
0,1,1,597220,51785,10.130257646738508,1,1.0,0,0,0,0.0
0,1,1,42195,10299,10.130207959816817,0,1.0,0,0,0,0.0
1,1,1,4567,2391,10.12980171853104,0,1.0,0,0,0,37.5
0,1,1,35926,7694,10.129776970134458,0,1.0,0,0,0,0.0
1,1,1,208877,9141,10.12910198217593,0,1.0,0,0,0,0.0
1,1,1,206,1,10.128480008388316,0,1.0,0,0,0,0.0
0,1,1,17802,928,10.128172760688871,0,2.0,0,0,0,0.0
0,1,1,415,5,10.12723678963911,0,3.0,0,0,0,0.0
0,1,1,32094,6917,10.126419141909244,0,1.0,0,0,0,0.0
1,1,1,5820,26252,10.126082646104749,0,1.0,0,0,0,0.0
1,1,1,3175,87,10.125576333837651,0,2.0,0,0,0,0.0
1,1,1,1330,6882,10.124853370114176,0,2.0,0,0,0,0.0
1,1,1,8510,420,10.124796585060814,0,1.0,0,1,0,81.0
1,1,1,5126,76,10.124745884120312,0,1.0,0,0,0,0.0
0,5,3,122448,77829,10.124688180112402,0,40.0,0,0,0,0.0
1,1,1,5725,79,10.124422126927117,0,1.0,0,0,0,0.0
0,1,1,13254,1071,10.12440932493964,0,1.0,0,0,0,0.0
1,1,1,576942,6195,10.124012051382714,0,8.0,0,7,33,44.705882352941174
1,1,1,49134,2101,10.12397890564286,0,5.0,0,0,0,0.0
1,1,1,5869,76,10.123128555806373,0,1.0,0,0,0,0.0
1,1,1,2897,560,10.119590422361496,0,1.0,0,0,0,0.0
0,1,1,166308,24283,10.11846387915162,0,6.0,0,0,0,0.0
1,1,1,26,1,10.117035253400612,0,1.0,0,0,0,0.0
0,1,1,26340,1585,10.116667988462847,0,1.0,0,0,0,0.0
0,1,1,4394,13037,10.112763635787106,0,1.0,0,0,0,0.0
0,1,1,21208,5455,10.112693003039368,0,1.0,0,0,36,111.65
0,1,1,767,1,10.112441114429334,0,3.0,0,0,0,5.0
0,1,1,7937,4,10.112055977410042,0,4.0,0,0,0,0.0
0,1,1,85966,8501,10.111297681468653,0,3.0,0,0,0,0.0
1,1,1,41968,7448,10.111078590029509,0,1.0,0,0,0,0.0
0,1,1,2187,377,10.1108710964305,0,2.0,0,0,0,0.0
0,1,1,122495,2550,10.110734805964812,0,1.0,0,0,0,0.0
0,1,1,6804,3544,10.110454714956624,0,1.0,0,0,0,0.0
1,1,1,96527,6368,10.110150889570663,0,1.0,0,0,0,36.666666666666664
1,1,1,28855,2252,10.110112451920145,0,1.0,0,0,0,0.0
0,1,1,1107,1,10.109904419623645,0,1.0,0,0,0,0.0
1,1,1,14948,873,10.109165390039646,0,1.0,0,0,0,0.0
0,2,2,48628,2942,10.108352749027656,0,13.0,0,0,0,0.0
0,1,1,7156,115,10.10769138694689,0,2.0,0,0,0,0.0
1,1,1,97239,506,10.107490674598676,0,3.0,0,0,8,112.71428571428572
0,1,1,4686,436,10.107381667576597,0,1.0,0,0,0,0.0
0,2,2,44227,232,10.107318196336704,0,12.0,0,4,27,207.16666666666663
1,6,3,20336,4209,10.10709007379253,0,57.0,0,2,11,140.5
1,1,1,6072,539,10.106409413666285,0,1.0,0,0,0,0.0
1,1,1,42068,442,10.10629394227429,0,1.0,0,0,0,0.0
0,1,1,25653,6750,10.105206407100512,0,1.0,0,2,0,1145.5
1,1,1,3341,1054,10.10495451849048,0,1.0,0,0,0,0.0
1,1,1,21098,10198,10.104712199682965,0,1.0,0,0,0,0.0
1,1,1,35790,887,10.10467502955596,0,1.0,0,1,0,60.5
1,1,1,20601,50557,10.10440482523117,0,2.0,0,0,0,0.0
0,1,1,35795,15394,10.102841746923566,0,1.0,0,0,0,116.0
0,1,1,6156,31,10.101860208403528,0,2.0,0,0,0,0.0
0,4,2,6848,2,10.101815940144853,0,31.0,0,0,0,0.0
0,1,1,75371,5243,10.10144208408482,0,1.0,0,0,0,0.0
1,1,1,127,54,10.100266931348235,0,2.0,0,0,0,0.0
0,1,1,5378,19,10.099123118130503,0,1.0,0,0,0,0.0
1,1,1,6183,4096,10.098603940499755,0,2.0,0,0,0,0.0
0,1,1,11119,328,10.09600897130058,0,2.0,0,0,0,0.0
1,3,2,16175,7323,10.095161600144344,0,28.0,0,74,53,98.39204545454544
1,1,1,2457,15,10.094976066390192,0,2.0,0,0,0,0.0
0,1,1,35091,1911,10.0919546705933,0,1.0,0,0,0,0.0
0,4,2,2954,18,10.091306364004714,0,38.0,0,4,23,246.13333333333333
0,1,1,423,1,10.090955988817754,0,1.0,0,0,0,0.0
0,1,1,70180,125814,10.090651117724896,0,2.0,0,0,0,0.0
0,1,1,2137,1,10.090101709658375,0,2.0,0,0,0,0.0
0,1,1,1899,16,10.08916301343306,0,1.0,0,0,0,0.0
1,6,3,25623,1,10.087978290893956,0,72.0,0,0,0,0.0
0,1,1,3771,485,10.08778458161315,0,1.0,0,0,0,0.0
0,1,1,56245,19629,10.087781127611578,0,2.0,0,0,0,0.0
0,3,2,23993,3772,10.087494318728774,0,28.0,1,16,61,61.34722222222222
1,1,1,14711,1102,10.085695544424013,0,2.0,0,0,0,0.0
1,1,1,28320,64,10.083734463733464,0,1.0,0,0,0,0.0
0,1,1,13620,299,10.083102413133926,0,1.0,0,0,0,0.0
1,1,1,4759,1638,10.082647910890408,0,3.0,0,0,0,34.0
0,1,1,16560,2640,10.082159248888228,0,8.0,0,0,0,0.0
1,1,1,10823,4212,10.080936120386694,0,3.0,0,0,0,0.0
0,1,1,1547,53,10.080507285494308,0,1.0,0,0,0,0.0
1,1,1,39825,5402,10.077050463682763,0,3.0,0,0,0,0.0
0,1,1,102952,150514,10.076727593756026,0,1.0,0,0,0,0.0
1,1,1,2147,4958,10.075850435797244,0,1.0,0,0,0,0.0
0,1,1,18959,4334,10.074934459930892,0,1.0,0,0,0,0.0
1,1,1,4026,1206,10.074481858972645,0,1.0,0,0,0,0.0
0,1,1,10980,645,10.074446431690468,0,1.0,0,0,0,0.0
1,5,3,261592,4702,10.073824331150504,0,45.0,0,0,27,20.0
0,1,1,3818,132,10.072493748343192,0,4.0,0,0,0,0.0
0,1,1,22988,1195,10.07248813955165,0,1.0,0,0,0,0.0
0,1,1,15230,13598,10.071808968765533,0,1.0,0,3,19,85.11764705882354
1,1,1,55737,1141,10.071616305191622,0,7.0,0,0,0,0.0
1,1,1,30634,13875,10.070102121603515,0,1.0,0,0,0,0.0
0,1,1,118282,531,10.069837779574971,0,8.0,0,0,0,0.0
1,1,1,35417,4377,10.069711217352245,0,1.0,0,0,0,0.0
1,1,1,112901,691,10.068888119271271,0,4.0,0,31,38,130.36082474226805
1,1,1,1885,21,10.06888558422425,0,1.0,0,0,0,14.5
0,1,1,51315,875,10.068783707021929,0,1.0,0,0,0,0.0
0,1,1,12403,447,10.068424554234642,0,1.0,0,0,0,0.0
0,2,2,13161,213,10.0681542231575,0,14.0,0,21,54,80.0
0,1,1,37010,3759,10.067932406542802,0,2.0,0,0,0,0.0
0,1,1,20389,6100,10.067482277255404,0,1.0,0,0,0,0.0
1,1,1,2570,59,10.067408348946534,0,2.0,0,0,0,0.0
1,1,1,4661,1538,10.067105474203208,0,1.0,0,0,0,0.0
1,1,1,128963,191,10.066989971123126,0,2.0,0,0,0,0.0
0,1,1,8252,2084,10.066922824065047,0,1.0,0,1,0,516.0
1,1,1,78,1,10.066789480591526,0,2.0,0,0,0,0.0
0,1,1,4442,1278,10.066507805178947,0,3.0,0,0,0,0.0
0,1,1,4493,3168,10.06616436968322,0,1.0,0,0,0,0.0
1,1,1,814836,9664,10.065416150553752,0,1.0,0,0,0,0.0
0,1,1,5258,1287,10.065199150528404,0,1.0,0,1,0,64.0
1,1,1,10421,9552,10.065024580852636,0,1.0,0,0,0,0.0
0,1,1,14257,1762,10.064974703802417,0,2.0,0,0,0,0.0
0,1,1,30,13,10.064827322505996,0,1.0,0,0,0,0.0
0,1,1,53762,3625,10.064283396478666,0,1.0,0,0,0,0.0
0,1,1,11716,126,10.063744984178618,0,1.0,0,0,0,0.0
1,1,1,5906,413,10.06366044036033,0,4.0,0,0,0,0.0
0,1,1,9876,2888,10.063578463277157,0,3.0,0,0,0,0.0
0,1,1,881,629,10.062049861609092,0,1.0,0,0,0,0.0
0,1,1,415,222,10.06167996656004,0,1.0,0,0,0,0.0
0,1,1,9925,565,10.061652366235554,0,1.0,0,0,0,0.0
1,1,1,27026,3550,10.06153036709747,0,1.0,0,0,0,0.0
0,1,1,7657,306,10.061014865284912,0,4.0,0,0,0,0.0
0,1,1,4486,3975,10.060751568963266,0,2.0,0,0,0,0.0
1,1,1,6088,6461,10.060749287420943,0,1.0,0,0,0,0.0
0,1,1,16470,251,10.059307891370546,0,1.0,0,0,0,0.0
0,1,1,5434,840,10.058739343698988,0,5.0,0,0,0,0.0
0,1,1,88319,10320,10.058344161555858,0,1.0,0,0,0,0.0
0,1,1,9212,172,10.057926163989505,0,1.0,0,0,0,0.0
0,1,1,3400,270,10.056161264250614,0,2.0,0,0,0,0.0
0,2,2,25944,15685,10.05605479227556,0,18.0,0,8,10,61.2
1,1,1,100982,1056,10.053970825180468,0,1.0,0,0,0,0.0
1,1,1,1492,5651,10.05339733416721,0,1.0,0,0,0,0.0
1,1,1,592,1,10.053238671911526,0,1.0,0,0,0,0.0
1,1,1,119152,1486,10.052993215983316,0,3.0,0,0,0,0.0
0,1,1,33585,1239,10.05290287324496,0,1.0,0,0,1,93.16666666666669
1,1,1,8256,661,10.051228252868253,0,1.0,0,0,0,0.0
0,1,1,7876,5074,10.051167189923037,0,2.0,0,0,0,0.0
1,1,1,3539,85,10.050893151339618,0,1.0,0,0,0,0.0
1,1,1,123886,17311,10.050637555223313,0,3.0,0,0,0,0.0
0,1,1,46807,1511,10.050408291907976,0,2.0,0,0,1,75.71428571428571
0,1,1,9886,134,10.050278877757345,0,1.0,0,0,0,0.0
1,1,1,80635,6209,10.048775436431008,0,1.0,0,0,0,0.0
0,1,1,32802,9265,10.047685176081677,0,1.0,0,2,0,128.0
1,1,1,170337,3011,10.047320636319466,0,2.0,0,5,8,73.6923076923077
0,3,2,15656,9,10.045179535602047,0,28.0,0,0,0,0.0
1,1,1,7567,780,10.044445639488274,0,1.0,0,0,0,0.0
0,2,2,62485,50889,10.04425376811656,0,10.0,0,1,0,35.0
0,2,2,11383,1765,10.042877839655588,1,11.0,0,0,0,0.0
0,1,1,8656,1470,10.042738887390522,0,1.0,0,0,0,0.0
1,1,1,1979,126,10.041274327347931,0,2.0,0,0,0,0.0
0,1,1,19952,10729,10.04067887648982,0,8.0,0,0,0,0.0
1,1,1,2065,309,10.039916999794508,0,1.0,0,0,0,0.0
0,1,1,49545,20783,10.039090130831088,0,5.0,0,0,0,0.0
1,1,1,14327,813,10.038959385780768,0,1.0,0,0,0,0.0
0,1,1,78219,3767,10.03871960202028,0,1.0,0,0,0,0.0
1,1,1,727,2,10.038355125634242,0,1.0,0,0,0,0.0
1,2,2,52470,22112,10.037055058455495,0,14.0,0,13,41,131.59722222222223
0,1,1,72706,2851,10.034757893905594,0,2.0,0,0,0,0.0
0,2,2,144267,10626,10.034699492759753,0,10.0,0,0,0,0.0
0,1,1,3718,37,10.033139646637109,0,1.0,0,0,0,0.0
0,1,1,663,332,10.032204816358504,0,2.0,0,40,42,254.57843137254903
0,1,1,19786,1172,10.032064184624788,0,1.0,0,0,0,0.0
0,1,1,18464,63,10.031256518642582,0,1.0,0,0,0,0.0
0,1,1,6906,4980,10.030865804519836,0,2.0,0,0,0,0.0
1,1,1,902,10,10.030746752373918,0,1.0,0,1,0,276.0
1,1,1,25147,323,10.02993015035095,0,1.0,0,2,28,398.0
1,1,1,7782,860,10.029292427583693,0,1.0,0,0,0,0.0
1,1,1,72037,9599,10.025570059596268,0,1.0,0,0,0,0.0
1,1,1,9695,4432,10.025470147055389,0,6.0,0,0,0,0.0
1,1,1,0,1,10.025450088495802,0,1.0,0,1,0,214.0
1,1,1,2816,2106,10.023824267774328,0,1.0,0,11,42,44.265306122448976
0,1,1,19301,1169,10.023783041572084,0,3.0,0,0,0,0.0
1,1,1,3042,141,10.023683984609576,0,1.0,0,0,0,0.0
0,1,1,15587,543,10.023009313531928,0,1.0,0,0,0,0.0
0,1,1,4310,2089,10.022715374829364,0,3.0,0,0,0,0.0
0,1,1,18766,335,10.021827379544552,0,2.0,0,0,0,0.0
1,1,1,27656,4230,10.0211623416456,0,4.0,0,0,0,0.0
0,1,1,291,31,10.020492043524069,0,6.0,0,0,0,0.0
0,1,1,14,1,10.019917348363473,0,1.0,0,0,0,0.0
0,1,1,801,1,10.019776684941666,0,1.0,0,0,0,0.0
0,1,1,32145,9334,10.01949352018896,0,1.0,0,0,0,0.0
0,1,1,47217,632,10.0174755276927,0,2.0,0,0,0,0.0
1,1,1,990,34,10.015859783783151,0,1.0,0,0,0,0.0
1,1,1,12214,159,10.014482144165436,0,1.0,0,17,38,128.08510638297872
0,1,1,17485,2,10.014174516208938,0,2.0,0,0,0,0.0
1,1,1,2028,1,10.01412505110386,0,3.0,0,0,0,0.0
1,1,1,52219,6751,10.01399833044069,0,1.0,0,0,0,0.0
1,1,1,6877,396,10.013843407379367,0,1.0,0,5,48,69.8695652173913
1,1,1,1767,283,10.01250642357832,0,1.0,0,0,0,0.0
1,1,1,6653,33234,10.012469190075135,0,1.0,0,0,0,0.0
1,1,1,25202,8978,10.012279219988692,0,1.0,0,0,0,0.0
0,1,1,71,36,10.0121803848428,0,1.0,0,0,0,0.0
0,1,1,4965,2045,10.01202558853383,0,1.0,0,0,0,0.0
0,1,1,24749,1869,10.011617160769994,0,2.0,0,2,2,86.75
0,1,1,2906,4,10.009736536134406,0,8.0,0,0,0,0.0
1,1,1,1174,1,10.009573184041724,0,1.0,0,0,0,0.0
0,1,1,52578,921,10.007172526197024,0,1.0,0,1,9,84.9090909090909
1,1,1,185,3,10.006975331226556,0,1.0,0,0,0,0.0
1,1,1,34432,9195,10.006801522064896,0,1.0,0,0,0,0.0
1,1,1,508044,13,10.006588419674346,0,6.0,0,0,0,0.0
0,1,1,6803,371,10.005305432374932,0,1.0,0,1,0,41.0
1,1,1,15503,522,10.004191374271654,0,1.0,0,0,0,0.0
0,1,1,49660,19621,10.002816238012876,0,2.0,0,2,5,58.5
1,1,1,9019,32,10.00281240375425,0,7.0,0,0,0,0.0
0,1,1,19216,252,10.002788289119424,0,1.0,0,0,0,0.0
1,1,1,31478,2328,10.002110924554312,0,6.0,0,0,0,103.0
1,1,1,5207,1,10.000585174814152,0,1.0,0,0,0,0.0
1,1,1,178607,9653,9.99920186302872,0,1.0,0,1,11,43.25
0,1,1,16342,2096,9.99901705810059,0,1.0,0,0,0,0.0
1,1,1,3197,1602,9.99888469695779,0,1.0,0,0,0,0.0
0,1,1,40995,2541,9.99877670395452,0,1.0,0,0,0,0.0
0,1,1,17810,390,9.998608503584403,0,5.0,0,0,0,0.0
0,1,1,127,646,9.998476459322482,0,1.0,0,0,0,0.0
1,1,1,70093,176,9.998005003951985,1,1.0,0,0,0,0.0
0,1,1,12870,4899,9.996516012393691,0,2.0,0,0,0,0.0
0,1,1,25089,23693,9.996256518642582,0,7.0,0,0,0,0.0
0,1,1,14156,2280,9.995480889317156,0,1.0,0,0,0,0.0
0,1,1,640,24,9.995370361266865,0,2.0,0,17,29,222.4655172413793
1,1,1,48438,6496,9.99514382312708,0,1.0,0,0,0,0.0
1,1,1,1314,591,9.994977238849442,0,9.0,0,0,0,0.0
0,1,1,7602,2926,9.994512121096507,0,1.0,0,0,0,0.0
1,1,1,27,1,9.99340950239293,0,1.0,0,0,0,0.0
1,1,1,171,43,9.993132009807944,0,2.0,0,0,0,0.0
0,1,1,2283,2290,9.993015429332877,0,1.0,0,0,0,0.0
0,1,1,24375,8741,9.992088584452404,0,1.0,0,0,0,0.0
1,1,1,1723,1,9.9913971503763,0,1.0,0,0,0,0.0
1,1,1,196540,660460,9.988519618498083,1,2.0,0,0,0,0.0
1,1,1,107316,4082,9.988194562093287,0,2.0,0,0,14,24.8
0,1,1,51823,204,9.987857876160264,0,1.0,0,0,0,0.0
1,1,1,3509,29309,9.987591632846453,0,1.0,0,0,0,0.0
0,1,1,4361,156,9.987502906200572,0,1.0,0,0,0,0.0
0,1,1,1267,173,9.987175948510506,0,2.0,0,0,0,0.0
1,1,1,232042,42917,9.986808398379951,0,2.0,0,2,10,42.333333333333336
0,1,1,28025,2169,9.986168964455953,0,3.0,0,0,0,0.0
0,1,1,2798,35283,9.984570173673385,0,1.0,0,0,0,0.0
0,1,1,12657,414,9.984498843787714,0,1.0,0,0,0,0.0
1,1,1,13053,3061,9.98362159076467,0,1.0,0,0,0,0.0
0,1,1,127016,1470,9.981954448776689,0,3.0,0,0,0,0.0
1,1,1,1410,18,9.980785031583997,0,1.0,0,0,0,0.0
0,1,1,1438,914,9.979514466015006,0,1.0,0,0,0,0.0
1,1,1,838,146,9.97947032450868,0,4.0,0,0,0,0.0
0,1,1,89001,1641,9.978655465330544,0,2.0,0,0,0,0.0
0,1,1,20205,128,9.978337538745505,0,1.0,0,0,0,0.0
0,1,1,43,1,9.97698439401967,0,1.0,0,0,0,0.0
1,2,2,97118,366,9.976939523687326,0,17.0,0,11,40,133.52631578947367
0,1,1,9732,54,9.976042845866452,0,2.0,0,0,0,0.0
1,1,1,2687,948,9.974931069305496,0,1.0,0,0,0,0.0
0,1,1,31506,5282,9.974853084921389,0,3.0,0,0,0,0.0
0,1,1,80181,309,9.974438699797044,0,1.0,0,1,0,81.0
0,1,1,39000,101659,9.974076409889063,0,3.0,0,0,0,0.0
0,1,1,1603,226,9.974028307371762,0,1.0,0,0,0,0.0
0,1,1,51611,62033,9.973950291299564,0,1.0,0,0,0,0.0
0,1,1,157643,8031,9.9737910586583,0,9.0,0,0,0,0.0
0,1,1,1011,1345,9.973271310641971,0,1.0,0,0,0,0.0
0,1,1,2293,444,9.973060901738888,0,1.0,0,0,0,0.0
1,1,1,3779,6130,9.972991631578926,0,1.0,0,0,0,0.0
1,1,1,25514,2225,9.972893778763757,0,1.0,0,0,0,0.0
0,1,1,6308,171,9.972751847818438,0,2.0,0,0,0,0.0
1,1,1,228999,28472,9.971541933249522,1,1.0,0,2,48,30.454545454545453
1,1,1,3908,549,9.971478873954773,0,1.0,0,0,0,0.0
0,1,1,3279,2358,9.971152486650288,0,1.0,0,0,0,0.0
0,2,2,9651,70,9.970196932362256,0,16.0,0,9,6,83.31818181818181
0,1,1,1748,85,9.968542212104696,0,1.0,0,0,0,0.0
1,1,1,10552,7984,9.968531755035718,0,1.0,0,0,0,0.0
1,1,1,40441,745,9.968434821175094,0,1.0,0,0,0,0.0
0,1,1,2206,19,9.968072974900346,0,9.0,0,0,0,0.0
1,1,1,66233,36,9.968049684155805,0,2.0,0,0,0,0.0
0,1,1,368,1,9.967800900978377,0,2.0,0,0,0,0.0
1,1,1,81952,3255,9.96763529903146,0,1.0,0,0,0,0.0
0,1,1,312,41,9.967316580244225,0,1.0,0,0,0,0.0
0,1,1,4364,15,9.966781843762362,0,1.0,0,0,0,0.0
1,4,2,29209,2354,9.965393493570968,0,38.0,0,0,0,0.0
0,1,1,4169,221,9.964063607901588,0,1.0,0,0,0,0.0
1,1,1,180399,147,9.964041901561435,0,3.0,0,0,0,0.0
1,1,1,4934,120,9.963302523408473,0,1.0,0,0,0,0.0
1,1,1,12715,1439,9.96297566078267,0,1.0,0,0,0,0.0
0,1,1,13612,325,9.962635172279109,0,1.0,0,0,29,175.25
0,1,1,6174,108,9.962445994394855,0,1.0,0,0,0,0.0
1,1,1,595,114,9.961997354447586,0,1.0,0,0,0,0.0
0,1,1,23134,2503,9.961673945823357,0,2.0,0,0,37,103.04166666666669
0,1,1,913,1,9.961495636953227,0,1.0,0,0,0,0.0
0,1,1,149963,3835,9.96104490559216,0,2.0,0,0,0,0.0
1,1,1,17080,7676,9.960624753235834,0,1.0,0,0,0,0.0
0,1,1,11349,2805,9.96053621671848,0,1.0,0,0,0,0.0
0,1,1,102990,15522,9.960077119702232,0,3.0,0,0,0,0.0
0,1,1,4239,848,9.959638429814534,0,2.0,0,0,0,0.0
0,3,2,109614,160910,9.958992658272972,0,22.0,0,0,0,76.0
1,1,1,206538,2960,9.957849478816993,0,2.0,0,0,0,0.0
0,1,1,87941,1578,9.957224082715896,0,1.0,0,0,0,0.0
1,1,1,32599,6596,9.95692526404781,0,1.0,0,0,0,0.0
0,1,1,14555,9803,9.956624068773136,1,2.0,0,1,3,93.14285714285714
1,1,1,75002,18426,9.956514396301213,0,3.0,0,0,0,0.0
0,1,1,28403,1586,9.9551596354829,0,3.0,0,0,0,0.0
1,1,1,9598,1,9.954880051484116,0,1.0,0,0,0,0.0
0,1,1,93,34,9.954822664357083,0,1.0,0,0,0,0.0
1,1,1,27185,5995,9.954583514358353,0,1.0,0,0,0,0.0
1,1,1,5366,175,9.954576891548,0,3.0,0,0,0,0.0
0,1,1,104132,26453,9.954299177146398,0,2.0,0,0,0,0.0
0,1,1,11512,624,9.953670422107992,0,1.0,0,0,0,0.0
0,1,1,1224,79,9.953274067505614,0,5.0,0,2,35,110.26666666666668
0,1,1,54370,2393,9.953041033307828,0,1.0,0,0,0,0.0
0,1,1,9066,183,9.952336543739548,0,1.0,0,1,0,363.0
1,1,1,17811,8508,9.95213225063741,0,1.0,0,0,0,0.0
0,1,1,11840,7267,9.949449822315865,0,1.0,0,0,0,0.0
0,1,1,42954,2176,9.949354631300071,0,2.0,0,0,0,0.0
1,1,1,1926,7,9.948801895984332,0,1.0,0,0,0,0.0
0,1,1,90870,17895,9.948194783909903,0,1.0,0,0,0,0.0
0,1,1,17205,1382,9.948035202699671,0,1.0,0,0,0,0.0
0,1,1,156186,47032,9.94788908892676,0,1.0,0,0,0,0.0
0,1,1,2700,586,9.94768007429954,0,1.0,0,0,0,0.0
1,1,1,11699,1796,9.946960247696756,0,1.0,0,0,0,0.0
0,1,1,16934,385,9.946618871926736,0,1.0,0,0,0,0.0
0,2,2,27372,1776,9.946441260194538,1,13.0,0,0,0,0.0
1,1,1,9451,439,9.946424814076964,0,1.0,0,0,0,0.0
0,1,1,295,245,9.945552821276497,0,1.0,0,0,0,0.0
1,1,1,119706,1227,9.945153583058127,0,1.0,0,1,0,18.90909090909091
0,1,1,140166,4082,9.944240744312468,0,3.0,0,0,0,0.0
0,1,1,2525,537,9.944067885793444,0,2.0,0,58,54,30.196319018404907
0,1,1,28963,813,9.943990154914037,0,1.0,0,0,0,0.0
0,4,2,77812,94512,9.943715989578267,0,35.0,0,18,54,72.009009009009
0,1,1,69526,18951,9.943507133391485,0,2.0,0,0,0,0.0
1,1,1,1764,1187,9.94279516543448,0,2.0,0,0,0,0.0
1,1,1,3578,5429,9.942529112249192,0,1.0,0,0,0,0.0
1,1,1,62199,1229,9.942144165358428,0,1.0,0,0,0,0.0
1,1,1,9,1,9.941331112401295,0,1.0,0,0,0,0.0
0,1,1,7142,262,9.940667500466295,0,1.0,0,0,0,0.0
0,2,2,105851,34261,9.940635780690393,0,12.0,0,9,29,38.6
1,1,1,4311,2545,9.93890890665688,0,1.0,0,1,0,255.5
1,1,1,2733,58,9.938893062612973,0,1.0,0,0,0,0.0
1,1,1,96,9,9.93832575077684,0,1.0,0,0,0,0.0
1,1,1,6059,1272,9.937277762336652,0,1.0,0,0,0,0.0
0,1,1,57303,6263,9.93670417625913,0,1.0,0,0,14,41.5
0,1,1,1338,740,9.936185315509263,0,1.0,0,0,0,0.0
0,1,1,128543,478,9.934766829946357,0,1.0,0,0,0,0.0
1,1,1,616,2252,9.934473715134075,0,3.0,0,0,0,0.0
0,1,1,6466,30,9.933593229926077,0,1.0,0,0,0,0.0
0,1,1,210555,8540,9.933269441044793,0,3.0,0,0,0,0.0
1,1,1,1105,744,9.932227251524678,0,1.0,0,0,0,0.0
1,1,1,-100,46,9.932003723753237,0,1.0,0,0,0,0.0
0,1,1,5478,10,9.93062437297878,0,3.0,0,0,9,75.25
1,1,1,6547,5291,9.930587392980302,0,1.0,0,0,0,0.0
1,1,1,28,1,9.93021049486384,0,1.0,0,0,0,0.0
0,1,1,4633,100,9.929922133264734,0,1.0,0,0,0,0.0
0,1,1,11887,2707,9.929818988538898,0,6.0,0,1,0,238.0
0,1,1,107392,1694,9.929726744515271,1,5.0,0,0,0,160.0
1,1,1,25136,10335,9.928697642175424,0,1.0,0,0,0,0.0
1,1,1,838,20,9.928452439751918,0,2.0,0,0,0,0.0
0,1,1,1184,378,9.92668811039861,0,2.0,0,0,0,0.0
0,1,1,24379,567,9.926563607901588,0,3.0,0,1,0,27.0
0,1,1,217368,14233,9.92601809746987,0,1.0,0,0,0,0.0
0,1,1,10020,523,9.925538086315662,0,1.0,0,0,0,0.0
1,1,1,-26,1,9.924995839756988,0,1.0,0,0,0,0.0
0,1,1,8316,673,9.924311218619769,0,1.0,0,0,0,0.0
1,1,1,237519,423,9.92377873199214,0,1.0,0,0,0,0.0
1,1,1,10326,260,9.923571301769307,0,2.0,0,1,1,36.5
1,1,1,42498,29502,9.923151212789158,1,7.0,0,10,37,178.16666666666666
1,1,1,5350,8419,9.923016348287424,0,3.0,0,0,0,0.0
1,1,1,5562,756,9.922861488602274,0,1.0,0,1,0,40.0
0,1,1,19419,936,9.92235112025994,0,1.0,0,0,15,36.333333333333336
1,1,1,5148,5335,9.922184187413338,0,1.0,0,0,0,0.0
0,1,1,12349,17900,9.921679808119602,0,3.0,0,0,53,70.0
0,1,1,21613,5369,9.92132439452668,0,1.0,0,0,0,0.0
1,1,1,251,2698,9.919791356526323,0,1.0,0,0,0,0.0
1,1,1,154441,1623,9.91911228080447,0,1.0,0,0,0,0.0
1,1,1,19201,5,9.919096119879685,1,2.0,0,6,42,51.833333333333336
1,1,1,7321,318,9.918615728468424,0,4.0,0,0,0,0.0
0,1,1,38777,5622,9.918527160262984,0,1.0,0,1,10,86.04761904761905
1,1,1,12,1,9.916929066618348,0,1.0,0,1,0,16.0
1,1,1,170837,10555,9.916163830985726,0,1.0,0,0,0,0.0
1,1,1,4492,786,9.91579586891003,0,9.0,0,0,0,0.0
0,1,1,2163,9749,9.915715666359771,0,1.0,0,0,0,0.0
1,1,1,3481,404,9.915215691710245,0,3.0,0,0,0,0.0
0,1,1,53842,1966,9.914918394070371,0,6.0,0,0,0,0.0
1,2,2,24465,19,9.914841043448018,0,13.0,0,1,0,25.0
0,1,1,19942,25,9.913892111970338,0,9.0,0,0,0,0.0
1,1,1,15766,2361,9.913871229520469,0,7.0,0,7,42,112.54545454545456
1,1,1,17653,250,9.913335764212588,0,3.0,0,0,0,0.0
0,1,1,47423,8861,9.912893145002002,0,3.0,0,0,0,60.36363636363637
1,1,1,51018,8747,9.912879709252769,0,1.0,0,6,49,120.17543859649123
1,6,3,8002,15660,9.91058783661353,0,56.0,0,20,47,116.0
1,6,3,16371,96,9.910270638854511,0,75.0,0,9,9,56.425
0,1,1,2303,1,9.910257076352927,0,1.0,0,0,0,0.0
0,1,1,2827,49,9.909763851266105,0,1.0,0,0,0,139.0
0,1,1,92320,8958,9.90848821560306,0,3.0,0,0,0,0.0
0,1,1,21074,54,9.908308607521333,0,1.0,0,0,0,0.0
1,1,1,3211,3,9.908004306814052,0,1.0,0,0,0,0.0
0,1,1,43313,17,9.90752134866768,0,4.0,0,0,0,0.0
1,1,1,74457,130808,9.907299563741068,0,1.0,0,0,0,0.0
0,1,1,14397,2819,9.906269415694322,0,1.0,0,0,0,0.0
1,1,1,79299,17713,9.905854808753364,0,1.0,0,0,0,0.0
1,1,1,3445,366,9.905495117268586,0,1.0,0,0,0,0.0
0,1,1,21250,466,9.905429617991077,0,8.0,0,0,0,0.0
1,1,1,9718,17,9.90533198699252,0,1.0,0,0,0,0.0
1,1,1,98829,6797,9.90260196316308,0,1.0,0,0,0,0.0
1,1,1,5097,3901,9.902470679415265,0,1.0,0,0,0,0.0
0,6,3,26156,22,9.9018033282859,0,69.0,0,0,0,0.0
1,1,1,135623,3551,9.901445126141253,0,2.0,0,2,46,56.142857142857146
0,1,1,2702,5504,9.900481808271705,0,1.0,0,0,0,0.0
1,1,1,21295,5349,9.899486358681116,0,4.0,0,0,0,0.0
1,1,1,9444,488,9.898860392194436,0,1.0,0,0,0,0.0
0,1,1,106654,7481,9.898007919256065,0,1.0,0,0,0,0.0
1,1,1,2606,373,9.89774009153786,0,1.0,0,0,0,0.0
1,1,1,12118,33,9.897424383118969,0,3.0,0,2,10,141.2
1,1,1,57971,172,9.895806484419449,0,1.0,0,0,0,0.0
1,1,1,85959,21040,9.894598566200065,0,1.0,0,1,0,31.5
1,2,2,158983,24157,9.894507779828476,0,15.0,0,12,31,45.42857142857143
0,2,2,28978,607,9.894329375894085,0,12.0,0,8,51,28.030927835051543
1,1,1,37784,1813,9.894231776583617,0,1.0,0,0,0,0.0
0,1,1,79,36,9.894137599586632,0,1.0,0,0,0,0.0
1,1,1,905,394,9.893839382992216,0,1.0,0,0,0,0.0
1,1,1,12108,831,9.89381409589814,0,1.0,0,0,0,0.0
1,1,1,2665,138,9.893590916695668,0,1.0,0,0,0,0.0
0,1,1,77000,278,9.892432970590766,0,3.0,0,0,0,0.0
1,1,1,9808,120,9.89218371209202,0,1.0,0,0,0,0.0
0,1,1,29286,4156,9.891812074198135,0,1.0,0,0,0,0.0
1,1,1,6,1,9.891791413564883,0,1.0,0,1,0,163.0
1,1,1,5036,472,9.89162837835308,0,1.0,0,0,0,0.0
0,1,1,482,1,9.891590035766823,0,5.0,0,0,0,0.0
1,1,1,51287,11843,9.891535659008136,0,2.0,0,0,16,105.0
0,1,1,1678,1,9.890869385273758,0,1.0,0,0,0,0.0
0,4,2,15112,8337,9.89025384416797,0,30.0,4,100,54,73.97560975609755
1,1,1,9339,1298,9.8895680505715,0,1.0,0,0,0,0.0
1,1,1,33597,2369,9.889247430498996,0,5.0,0,0,0,0.0
0,1,1,4,1,9.889244990516236,0,1.0,0,1,0,680.0
0,1,1,130,189,9.888894805457802,0,1.0,0,0,0,0.0
1,1,1,3990,6095,9.886684973277916,0,2.0,0,0,0,0.0
0,1,1,3306,3562,9.88632106727746,0,1.0,0,0,0,0.0
1,1,1,4651,27,9.885961724361648,0,1.0,0,1,0,66.0
0,1,1,3301,1076,9.884806471744213,0,1.0,0,0,0,0.0
1,1,1,1250,1836,9.883620703498211,0,1.0,0,0,0,0.0
1,1,1,36936,5785,9.88273587702218,0,1.0,0,0,13,61.5
0,1,1,2385,2951,9.881006721446344,0,2.0,0,0,0,0.0
0,1,1,3065,348,9.880992937128145,0,1.0,0,0,0,0.0
1,1,1,145318,4244,9.880669972137143,0,5.0,0,0,0,32.0
1,1,1,74303,12287,9.878047592742009,0,8.0,0,0,0,0.0
1,3,2,43378,292,9.877210298397696,0,21.0,0,0,0,0.0
1,1,1,3505,133,9.876530493849822,0,6.0,0,0,0,0.0
1,1,1,44931,768,9.875585016373716,0,5.0,0,5,32,92.9
1,1,1,9106,1039,9.875321498235454,0,2.0,0,0,0,0.0
1,1,1,3224,9107,9.87484766625837,0,1.0,0,0,0,0.0
0,1,1,22526,12310,9.874394716731157,0,1.0,0,0,0,0.0
1,1,1,38082,9316,9.873909857299514,0,2.0,0,0,0,0.0
0,1,1,26,1,9.873199949068216,0,1.0,0,0,0,0.0
1,1,1,13750,6978,9.873189143430272,0,3.0,0,0,0,0.0
0,1,1,2147,1597,9.873117750168428,0,1.0,0,0,0,0.0
1,1,1,2327,100,9.87309319190037,0,6.0,0,0,0,0.0
0,3,2,140007,8120,9.872865924934567,0,20.0,0,4,12,39.9
0,1,1,242517,324,9.872373396985676,0,6.0,0,22,49,277.71794871794873
0,1,1,1599,706,9.871997639640377,0,1.0,0,0,0,0.0
0,1,1,21791,47,9.870572911524173,0,1.0,0,0,0,0.0
0,1,1,13008,3797,9.870532794404998,0,1.0,0,0,0,0.0
0,1,1,7146,906,9.870308411055186,0,1.0,0,2,25,45.0
0,1,1,1944969,30946,9.869195398658809,0,1.0,0,0,0,0.0
0,1,1,2583,1279,9.868240161251652,0,1.0,0,0,0,0.0
1,1,1,214527,8023,9.867447071789844,0,3.0,0,8,38,85.875
0,1,1,53347,11345,9.866831182115089,1,1.0,0,0,0,0.0
1,1,1,2735,379,9.866792142390905,0,1.0,0,0,0,0.0
0,1,1,99,1,9.866761658450423,0,1.0,0,0,0,0.0
0,2,2,45064,4795,9.866742835726264,0,10.0,0,0,0,0.0
0,1,1,94783,726,9.864754439904022,0,1.0,0,0,0,0.0
1,1,1,56305,1,9.864558417392804,0,2.0,0,0,0,0.0
1,1,1,64396,1169,9.86350285549963,0,1.0,0,0,0,0.0
1,1,1,191867,10702,9.861580054019162,0,2.0,0,0,39,92.33333333333331
0,1,1,193,22,9.861016386313128,0,1.0,0,0,0,0.0
0,1,1,7217,3251,9.859275918089942,0,1.0,0,0,0,0.0
0,1,1,155806,118210,9.858755282807158,0,1.0,0,1,0,67.0
1,1,1,17097,3975,9.85854664843699,0,1.0,0,4,42,100.1967213114754
0,1,1,28438,346,9.857924959842167,0,1.0,0,3,30,185.57142857142856
1,1,1,6653,12378,9.857755523636625,0,2.0,0,0,0,176.0
1,1,1,41473,982,9.8574375653635,0,1.0,0,0,0,0.0
0,1,1,845,1212,9.856601443478436,0,1.0,0,0,0,0.0
0,1,1,46008,94,9.856434320503306,1,2.0,0,0,0,0.0
1,1,1,26837,5882,9.855768807283036,0,8.0,0,0,0,0.0
0,1,1,33898,601,9.855397676398558,0,1.0,0,0,0,0.0
1,1,1,39242,204,9.85498452710964,0,1.0,0,0,0,0.0
0,1,1,861,1222,9.854657949676628,0,1.0,0,0,0,0.0
1,1,1,110,371,9.854088736555225,0,1.0,0,0,0,0.0
0,1,1,1126,1505,9.853911631832432,0,1.0,0,0,0,0.0
0,1,1,5080,1799,9.853610626686288,0,1.0,0,0,0,0.0
1,1,1,56189,5421,9.85345532336791,0,1.0,0,0,0,0.0
0,1,1,5379,101,9.853097216287525,0,3.0,0,0,0,0.0
0,1,1,1803,213,9.852621134456204,0,2.0,0,1,0,224.0
1,1,1,68010,1288,9.85251364846234,0,1.0,0,0,0,0.0
1,1,1,3996,4,9.851550900978374,0,3.0,0,0,0,0.0
0,2,2,107326,12157,9.851521209240092,0,10.0,0,17,54,79.69662921348315
0,1,1,23604,7648,9.850241263997107,0,7.0,0,1,0,20.0
1,1,1,6661,1024,9.849881319007627,0,1.0,0,0,0,0.0
1,1,1,11992,88,9.848793720457676,0,2.0,0,0,0,0.0
0,1,1,10940,479,9.847961749712118,0,1.0,0,0,13,20.2
1,1,1,5677,1313,9.847253552637564,0,1.0,0,0,0,0.0
1,1,1,1368,129,9.847091309627954,0,1.0,0,1,0,50.666666666666664
1,1,1,3078,1,9.846506189086467,0,1.0,0,0,0,0.0
1,1,1,4856,1,9.845666739952188,0,1.0,0,0,0,0.0
1,1,1,13886,3084,9.845168413083224,0,1.0,0,0,0,0.0
0,1,1,122850,1062,9.844484647524371,0,2.0,0,0,0,21.0
1,1,1,59,10,9.844349117572792,0,1.0,0,0,0,0.0
0,1,1,27833,1368,9.84422547065414,0,1.0,0,0,35,59.0
1,1,1,19134,2397,9.844029701647626,0,2.0,0,0,0,0.0
0,1,1,122699,5560,9.843953650236871,0,1.0,0,0,0,0.0
1,1,1,37,1,9.842780430473647,0,1.0,0,1,0,349.0
0,1,1,10495,1264,9.842202059494864,0,1.0,0,1,24,135.15
0,1,1,1617,1396,9.841873834281287,0,1.0,0,0,0,21.0
0,1,1,68,1,9.84171694655852,0,1.0,0,0,0,0.0
0,1,1,100123,18700,9.84145311153938,0,9.0,0,6,35,29.0
0,1,1,5663,179,9.840228969019035,0,1.0,0,0,0,0.0
1,1,1,11342,2842,9.83953629910751,0,1.0,0,0,0,0.0
1,1,1,4751,2372,9.839510695132557,0,3.0,0,0,0,0.0
0,1,1,6144,99,9.839335428318856,0,1.0,0,0,0,0.0
1,1,1,409296,25355,9.83867175300768,0,1.0,0,0,5,30.625
1,1,1,613,104,9.838632428090705,0,2.0,0,0,0,0.0
0,1,1,4618,3128,9.83802854820123,0,1.0,0,0,0,0.0
1,1,1,38,4,9.836903177450605,0,1.0,0,0,0,0.0
0,2,2,8468,8543,9.836776710292137,0,16.0,0,2,30,208.21428571428572
0,1,1,19758,8412,9.83636844096874,1,3.0,0,0,0,0.0
0,1,1,4567,4312,9.836323222067431,0,3.0,0,0,0,0.0
0,1,1,15990,626,9.835157987702331,0,1.0,0,0,42,51.44444444444444
1,1,1,14619,1,9.834610132352116,0,4.0,0,0,0,0.0
0,1,1,31570,2726,9.833965501581716,0,1.0,0,0,0,325.0
0,1,1,21279,7391,9.832810027147666,0,1.0,0,0,0,0.0
0,1,1,9948,26070,9.832570084946736,0,4.0,0,4,0,266.6
1,1,1,259,198,9.83185960632986,0,1.0,0,0,0,0.0
1,1,1,2139,926,9.831743089230969,0,1.0,0,0,0,0.0
0,1,1,53870,26506,9.831621628790376,0,1.0,0,0,0,0.0
1,2,2,1460,2,9.831432292465689,0,12.0,0,1,0,81.0
0,1,1,2735,769,9.830675454176337,0,1.0,0,0,0,0.0
0,1,1,288,1,9.829077011962733,0,2.0,0,0,0,0.0
1,1,1,132536,493482,9.829000421854486,0,4.0,0,11,24,22.074074074074073
1,1,1,19,5,9.828387859428954,0,1.0,0,0,0,0.0
1,1,1,76069,4078,9.828165757621464,0,8.0,0,0,0,0.0
1,1,1,76,29,9.826381179580045,0,1.0,0,0,0,0.0
1,1,1,43466,4979,9.825794221129463,0,1.0,1,2,21,58.0
1,1,1,1622,24,9.823858269092552,0,2.0,0,0,0,0.0
0,1,1,22836,600,9.823434694422742,0,1.0,0,0,0,0.0
0,1,1,16289,5910,9.82231765763921,0,1.0,0,0,0,0.0
0,1,1,1859,2,9.822271297966738,0,1.0,0,0,0,0.0
1,1,1,14853,3871,9.822212611628109,0,1.0,0,0,0,0.0
1,1,1,50376,2337,9.821550584097496,0,1.0,0,0,0,0.0
1,1,1,256,5,9.820977314900851,0,3.0,0,0,0,0.0
1,1,1,37752,53,9.820743900446017,0,2.0,0,0,33,105.33333333333331
0,1,1,51129,2206,9.820599402765582,0,2.0,0,0,0,0.0
1,1,1,29637,3484,9.82046450657576,0,1.0,0,0,0,0.0
0,2,2,79400,8961,9.81973780365792,0,11.0,0,7,47,86.64516129032258
1,1,1,3139,3737,9.817773680910944,0,1.0,0,1,0,243.0
0,1,1,10513,22583,9.817476224830632,0,1.0,0,0,0,0.0
1,1,1,2625,462,9.81608594166588,0,1.0,0,0,0,0.0
0,1,1,11145,10114,9.814628384690698,0,1.0,0,0,0,0.0
1,1,1,21965,1185,9.810032154305624,0,1.0,0,0,0,0.0
1,1,1,3971,1,9.80950499127675,0,1.0,0,0,0,0.0
1,1,1,19288,9087,9.80945397345537,0,2.0,0,0,0,0.0
0,1,1,16279,1053,9.80933466780475,0,1.0,0,0,0,0.0
1,1,1,9521,5288,9.80854547597774,0,1.0,0,0,0,0.0
1,1,1,11791,113540,9.808180207389508,0,2.0,0,0,0,0.0
1,1,1,125316,8239,9.806633226630517,0,1.0,0,0,0,0.0
0,1,1,3973,1,9.804563297358328,0,2.0,0,0,0,0.0
0,4,2,115453,1468,9.803991866070778,0,31.0,0,7,41,117.125
1,2,2,44388,21084,9.803023858364234,0,10.0,0,0,0,0.0
0,1,1,67,1,9.802170941792632,0,1.0,0,0,0,0.0
1,1,1,3010,379,9.800966414198644,0,1.0,0,0,0,0.0
0,1,1,85246,7757,9.800938116736226,0,1.0,0,0,0,0.0
0,1,1,13747,31946,9.800593382028898,0,1.0,0,1,28,242.0
0,1,1,4011,19,9.800498381141631,0,1.0,0,0,0,0.0
1,1,1,28411,1903,9.79933134055553,0,1.0,0,0,0,0.0
0,1,1,143808,40814,9.79870318759079,0,1.0,0,0,0,0.0
0,2,2,10822,481,9.79854794764859,0,11.0,0,0,0,0.0
0,1,1,14495,3905,9.798054595809411,0,1.0,0,0,0,0.0
0,1,1,918,2817,9.797201742613987,0,1.0,0,0,0,0.0
1,1,1,8745,319,9.796335517045502,0,1.0,0,0,0,0.0
1,1,1,225,537,9.79564931150389,0,5.0,0,0,0,0.0
1,1,1,26696,20002,9.79525051691875,0,3.0,0,0,0,0.0
1,1,1,12023,76,9.794298036375237,0,1.0,0,0,0,0.0
0,2,2,86447,11073,9.793997791743198,0,16.0,0,8,29,46.23076923076923
1,1,1,14422,35116,9.793411625494814,0,1.0,0,0,0,0.0
0,1,1,3704,42,9.793010961312492,0,1.0,0,0,0,0.0
0,2,2,86896,909,9.79251437728836,0,15.0,0,0,0,0.0
1,1,1,22412,41,9.79245565926164,0,4.0,0,0,0,0.0
1,1,1,44970,1567,9.790275962453263,0,1.0,0,0,0,0.0
1,1,1,1,1,9.789083096075592,0,1.0,0,0,0,0.0
0,1,1,67338,1049,9.78840763279575,0,1.0,0,0,19,26.6
0,1,1,28849,25080,9.788236010112149,0,2.0,0,0,0,0.0
0,1,1,75540,1740,9.787183110018352,0,1.0,0,0,0,0.0
0,1,1,1975,65,9.785371470349936,0,1.0,0,0,0,0.0
0,1,1,3587,63,9.785256505967348,0,1.0,0,0,0,0.0
1,1,1,89351,1409,9.783787192711586,0,2.0,0,0,0,0.0
0,1,1,4688,5122,9.78357462901853,0,1.0,0,0,0,0.0
0,1,1,1009,39,9.78153125436393,0,2.0,0,0,0,0.0
0,1,1,1569,733,9.779079451945496,0,1.0,0,0,0,0.0
0,1,1,2429,5664,9.77688958326093,0,1.0,0,0,0,0.0
0,1,1,720,226,9.776597450779374,0,1.0,0,0,0,0.0
1,1,1,23951,1742,9.776371483025171,0,2.0,0,2,24,199.6875
0,1,1,257095,23076,9.776115886908864,0,7.0,0,1,27,81.0
1,1,1,65,92,9.776105841785029,0,1.0,0,0,0,0.0
1,1,1,8244,487,9.77486927753426,0,1.0,0,0,0,0.0
0,1,1,14932,2059,9.773167912411436,0,1.0,0,0,0,0.0
0,1,1,23038,2416,9.771849561206022,0,2.0,0,3,46,88.91666666666667
0,1,1,4038,62464,9.77133627755961,0,3.0,0,0,0,0.0
0,1,1,1378,2978,9.771115696780337,0,1.0,0,0,0,0.0
0,1,1,18394,1833,9.770631439422363,0,3.0,0,0,0,0.0
0,1,1,22735,16450,9.770053290260195,0,1.0,0,0,0,0.0
0,1,1,98162,2140,9.76940146629386,0,1.0,0,0,0,0.0
0,1,1,1628,224,9.76861056331011,0,2.0,0,0,0,0.0
0,1,1,43743,169,9.766896776456864,0,2.0,0,0,0,0.0
0,2,2,166513,8612,9.765234546122493,0,11.0,0,2,44,62.0
1,1,1,741,2,9.764753711078002,0,1.0,0,0,0,0.0
0,1,1,9015,114,9.76471850561244,0,1.0,0,0,0,0.0
0,1,1,28248,68,9.763796794202191,0,2.0,0,9,32,227.32258064516128
0,1,1,2020,174,9.76357462901853,0,1.0,0,0,0,0.0
1,1,1,38630,2720,9.763049494027277,0,3.0,0,0,0,0.0
1,1,1,12662,578,9.762746239026896,0,6.0,0,0,0,0.0
1,1,1,3972,6480,9.762705678274491,0,5.0,0,0,0,0.0
0,1,1,79258,91,9.76253769972099,0,1.0,0,1,0,113.0
1,1,1,23054,682,9.762474038352572,0,1.0,0,0,0,0.0
0,1,1,6834,75,9.760073127003167,0,1.0,0,0,0,0.0
0,1,1,42,10,9.759734983418104,0,1.0,0,0,0,0.0
1,1,1,10546,3732,9.75958006035678,0,1.0,0,0,0,0.0
1,1,1,21617,923,9.758632142897913,0,3.0,0,0,0,0.0
0,1,1,17622,235,9.757889691000427,0,1.0,0,0,0,0.0
0,1,1,6331,207,9.756689599738737,0,9.0,0,3,24,207.83333333333337
0,1,1,9037,3162,9.756476845917152,0,1.0,0,0,0,29.0
1,1,1,21672,11957,9.75641442038416,0,1.0,0,0,0,0.0
1,1,1,48514,3250,9.75612346036185,0,1.0,0,0,0,0.0
1,1,1,42,1,9.75558450936431,0,1.0,0,0,0,0.0
0,1,1,5250,5852,9.75527529700342,0,1.0,0,0,0,0.0
0,1,1,25929,20503,9.755105829109793,0,2.0,0,0,0,0.0
0,1,1,4288,4475,9.754085662810706,0,8.0,0,2,2,148.25
0,1,1,24774,2662,9.754071751740156,0,3.0,0,4,4,226.16666666666663
1,1,1,46367,4255,9.753962776406164,0,1.0,0,0,0,0.0
1,1,1,247,14,9.753073228405048,0,1.0,0,0,0,0.0
1,1,1,18085,676,9.752982505409635,0,2.0,0,0,0,0.0
1,1,1,12968,3360,9.752097425428904,0,1.0,0,0,0,0.0
1,1,1,1559,149,9.751649767812356,0,2.0,0,0,0,0.0
1,1,1,19155,98,9.751615829870303,0,1.0,0,0,0,0.0
1,1,1,121,21,9.751273883714704,0,1.0,0,0,0,0.0
1,4,2,27681,2009,9.749641915504194,0,37.0,0,3,1,85.1
0,1,1,1485,1289,9.749624106798844,0,3.0,0,0,0,0.0
1,1,1,621,1689,9.749606868479072,0,7.0,0,0,0,0.0
1,1,1,26183,194,9.749330073032016,0,1.0,0,0,0,0.0
0,1,1,13637,380,9.7490825573781,0,2.0,0,0,0,0.0
0,1,1,11017,688,9.749042440258927,0,2.0,0,13,44,90.8695652173913
1,1,1,36725,17592,9.748997981871725,0,2.0,0,0,0,43.0
1,1,1,187882,106278,9.745493659616548,0,1.0,0,0,0,86.0
0,1,1,144881,27860,9.74396572339833,0,1.0,0,0,0,0.0
0,1,1,187645,33136,9.743925035893575,0,1.0,0,1,0,51.0
1,1,1,21477,18003,9.74368927652024,0,5.0,0,64,49,85.57275541795666
0,1,1,137102,241,9.74300291253819,0,1.0,0,0,0,0.0
1,1,1,3263,189,9.742983519428448,0,1.0,0,1,0,64.0
1,1,1,10590,7305,9.742215210051308,0,1.0,0,0,0,81.0
1,1,1,75432,8449,9.74176232390027,0,4.0,0,0,24,56.4
0,1,1,4567,1154,9.741644349149338,0,2.0,0,0,0,0.0
1,1,1,11825,2978,9.741429408849696,0,1.0,0,0,0,0.0
1,1,1,221,1125,9.74137122952047,0,2.0,0,0,0,0.0
0,1,1,13367,244,9.74132395089345,0,1.0,0,0,0,0.0
1,1,1,27250,130,9.741191082741246,0,1.0,0,0,0,0.0
0,1,1,60625,34432,9.74041548510391,1,2.0,0,0,0,0.0
0,1,1,41203,17720,9.738292351532282,0,4.0,1,4,44,72.61904761904762
0,1,1,27569,2668,9.73771122368986,0,3.0,0,0,0,0.0
0,6,3,83092,52412,9.736995231345702,0,86.0,0,28,52,197.5531914893617
1,1,1,1516,1653,9.736275784999972,0,1.0,0,0,0,0.0
0,1,1,42,148,9.736012456990238,0,1.0,0,0,0,0.0
0,1,1,4,1,9.735826669731384,0,1.0,0,1,0,112.0
1,1,1,3384,5,9.73506713795457,0,1.0,0,0,0,0.0
1,1,1,85031,1471,9.735065204981211,0,1.0,0,0,0,0.0
0,2,2,48516,11189,9.733651536007654,0,12.0,0,1,0,6.0
1,1,1,43848,17615,9.733057035792177,0,1.0,0,0,0,0.0
1,1,1,11672,9,9.73300944028428,0,3.0,0,0,0,0.0
0,1,1,153072,11362,9.7322914199025,0,1.0,0,0,48,43.0625
1,1,1,776,124,9.728514453339772,0,1.0,0,0,0,0.0
1,1,1,126,23,9.727894951223009,0,1.0,0,0,0,0.0
0,1,1,13060,19,9.727646358174106,0,1.0,0,0,0,0.0
0,1,1,21823,466,9.727470394222474,0,7.0,0,0,0,0.0
0,1,1,2,1662,9.727265245541966,0,1.0,0,1,0,134.0
0,2,2,2760,1,9.724498083273604,0,15.0,0,2,84,130.0
1,1,1,5220,101,9.722118022685985,0,3.0,0,0,0,0.0
1,1,1,4623,2407,9.722103192660883,0,3.0,0,0,0,0.0
1,3,2,34718,28,9.722054456381828,0,20.0,0,0,0,0.0
0,1,1,467,1314,9.721818063246737,0,1.0,0,0,0,0.0
0,1,1,7181,1394,9.721568773059902,0,1.0,0,0,0,0.0
1,1,1,69872,19231,9.721445347957866,0,1.0,0,0,0,0.0
0,1,1,16476,4236,9.72142804626192,0,1.0,0,5,43,87.83478260869565
0,1,1,18315,13928,9.72012788401891,0,1.0,0,0,0,0.0
1,1,1,6620,78,9.719729533067,0,1.0,0,0,0,0.0
1,1,1,1190,472,9.71921054556478,0,6.0,0,0,0,0.0
1,1,1,7563,1087,9.719201514459757,0,1.0,0,0,0,0.0
0,1,1,9287,40,9.718832379924809,0,1.0,0,0,0,0.0
0,1,1,598645,1397042,9.718007792503712,1,1.0,0,0,0,0.0
1,1,1,208,76,9.717852299056808,0,1.0,0,0,0,0.0
0,1,1,15206,2466,9.717646770119249,0,1.0,1,0,25,179.375
0,1,1,28250,1617,9.717509085377696,0,2.0,0,4,30,120.0
0,1,1,10538,1319,9.7142302555554,0,1.0,0,0,0,0.0
1,1,1,354,160,9.713240066187389,0,1.0,0,0,0,0.0
1,1,1,18320,7624,9.712905756860952,0,1.0,0,0,0,0.0
0,1,1,2276,104,9.712081169439854,0,2.0,0,1,0,482.0
1,1,1,9,12,9.710861178059014,0,1.0,0,0,0,0.0
1,1,1,134654,26450,9.710851323063704,0,2.0,0,0,0,0.0
1,1,1,27185,352,9.709746391129716,0,1.0,0,25,51,63.03174603174603
0,1,1,1803,339,9.708472529999591,0,1.0,0,0,0,0.0
0,2,2,28286,2711,9.708459728012116,0,12.0,0,22,53,51.42666666666667
1,1,1,19543,25573,9.708424807739345,0,1.0,0,0,0,0.0
1,1,1,75829,3072,9.70776211475889,0,1.0,0,0,0,0.0
0,1,1,16081,230,9.70760047382295,0,1.0,0,0,0,0.0
1,1,1,438,723,9.706859099320454,0,1.0,0,0,0,0.0
0,1,1,31766,3967,9.705267786926608,0,1.0,0,0,0,0.0
1,1,1,-100,10360,9.704612033637384,0,1.0,0,0,0,0.0
1,1,1,3725,1313,9.70224940149806,0,1.0,0,0,0,0.0
1,1,1,7,1,9.701797339237304,0,1.0,0,0,0,75.0
1,1,1,14956,8316,9.701657689834308,0,1.0,0,0,0,0.0
1,1,1,27595,27951,9.700499965546022,0,1.0,0,1,0,103.0
1,1,1,11173,528,9.697246391129717,0,8.0,0,0,0,0.0
1,1,1,6239,6618,9.692000586632544,0,2.0,0,0,0,0.0
1,1,1,14462,55436,9.691967092323724,0,1.0,0,0,0,0.0
1,1,1,5211,16058,9.691867211470932,0,1.0,0,0,0,0.0
1,1,1,575,6250,9.691716566301466,0,1.0,0,0,0,0.0
1,1,1,1574,751,9.691599922450225,0,1.0,0,0,0,0.0
1,1,1,11094,205,9.691591873675918,0,7.0,0,0,0,0.0
0,1,1,687,160,9.69158502904895,0,1.0,0,0,0,0.0
0,1,1,103455,63621,9.69116145437914,0,1.0,0,0,0,0.0
0,1,1,1013,439,9.691093736935482,0,1.0,0,0,0,0.0
0,1,1,166,31,9.69106448883043,0,1.0,0,0,0,0.0
0,1,1,16522,683,9.689611748444594,0,3.0,0,1,18,41.166666666666664
1,1,1,24019,2253,9.689166277306104,0,9.0,0,0,0,0.0
0,1,1,109273,21324,9.6889816625065,0,2.0,0,0,0,0.0
1,1,1,24784,7793,9.68839080642112,0,1.0,0,0,0,0.0
0,1,1,869,950,9.687774885058278,0,1.0,0,0,0,0.0
0,1,1,267618,37195,9.686810363041396,1,1.0,0,0,0,0.0
1,3,2,10207,242,9.686503812479884,0,25.0,0,9,38,86.92857142857143
0,3,2,28105,1171,9.685550349605649,0,25.0,0,0,0,0.0
1,1,1,22597,9064,9.685354865791922,0,1.0,0,0,0,0.0
1,1,1,1407,141,9.684032807080232,0,1.0,0,0,0,0.0
1,1,1,1901,55,9.683453390394552,0,1.0,0,0,0,0.0
1,1,1,81474,36737,9.68256061020848,0,1.0,0,0,0,0.0
1,1,1,34396,9042,9.682449543460692,0,1.0,0,0,0,0.0
1,2,2,8302,794,9.682101354751792,0,16.0,0,0,0,0.0
0,1,1,2485,390,9.68141020586848,0,5.0,0,0,0,0.0
1,1,1,79366,14385,9.681016227872687,0,1.0,0,3,8,147.2
0,1,1,8869,8020,9.677824952237025,0,1.0,0,0,0,0.0
0,1,1,49971,19838,9.673043156409712,0,2.0,0,12,41,91.0
1,1,1,1054,1,9.672786641338858,0,1.0,0,0,0,0.0
0,1,1,1654,4430,9.672459271703651,0,2.0,0,0,0,0.0
1,1,1,7603,257,9.672258844548228,0,1.0,0,0,0,0.0
0,1,1,59723,745,9.67204019674231,0,3.0,0,0,0,0.0
1,1,1,45465,307,9.671925295735898,0,1.0,0,0,0,0.0
1,1,1,25599,1161,9.671895445557176,0,2.0,0,0,0,0.0
1,1,1,934,1,9.670868371254947,0,1.0,0,0,0,0.0
0,1,1,10705,2648,9.67075917410434,0,1.0,0,0,0,0.0
0,1,1,21390,12339,9.670448979412727,0,1.0,0,0,0,0.0
0,1,1,1798,1198,9.670350873092858,0,1.0,0,0,0,0.0
0,2,2,14425,285,9.670327423907874,0,15.0,0,0,0,0.0
1,1,1,2226,333,9.670127915706995,0,1.0,0,0,0,0.0
1,1,1,2221,3408,9.669743507513726,0,3.0,0,0,0,0.0
1,1,1,14405,234,9.669734824977663,0,2.0,0,0,0,0.0
0,1,1,4150,54,9.669412366996069,0,2.0,0,0,0,0.0
0,1,1,4272,6372,9.667912569799832,0,1.0,0,0,0,0.0
1,1,1,8053,1800,9.6674765733996,1,1.0,0,3,26,46.83673469387755
1,1,1,28349,4380,9.666905712497629,0,1.0,0,0,0,0.0
0,1,1,20852,24576,9.66655619288904,0,1.0,0,0,0,0.0
0,1,1,173958,17458,9.666463727048798,0,5.0,0,2,35,22.6
1,1,1,2138,40,9.664845004458996,0,1.0,0,0,0,0.0
0,1,1,168517,18488,9.66467341346348,0,9.0,0,0,0,0.0
1,1,1,18631,15365,9.663815046540774,0,1.0,0,0,0,0.0
1,1,1,65,1,9.663739438763251,0,1.0,0,0,0,0.0
1,1,1,465,9,9.661798448320376,0,1.0,0,1,0,16.0
1,1,1,134309,9726,9.661559837019135,0,1.0,0,0,0,0.0
0,1,1,303478,303,9.661257817854182,0,9.0,0,6,49,47.375
0,1,1,1094,1,9.65836995565934,0,9.0,0,1,0,146.0
1,1,1,5958,594,9.65797084419332,0,1.0,0,0,0,0.0
0,1,1,356,123,9.657806794962708,0,1.0,0,1,0,50.0
1,1,1,7762,10241,9.657659667170988,0,1.0,0,0,0,0.0
0,1,1,2935,114,9.655967238088929,0,1.0,0,0,0,0.0
1,1,1,1468,104,9.655519929041343,0,1.0,0,0,0,0.0
0,1,1,5847,1,9.65411487922767,0,1.0,0,0,0,0.0
1,1,1,61050,4131,9.653085808575913,0,1.0,0,0,0,0.0
0,1,1,542,1501,9.652504332164522,0,1.0,0,0,0,0.0
1,1,1,317726,22311,9.65151762848617,0,3.0,0,22,51,70.37903225806451
1,1,1,22030,6592,9.64978850459842,0,1.0,0,0,0,0.0
0,1,1,38266,3146,9.649749369809973,0,1.0,0,0,0,0.0
1,1,1,238912,7068,9.64912242099257,0,1.0,0,1,20,91.27118644067797
1,1,1,26537,20502,9.647693288232158,0,1.0,0,0,0,0.0
1,2,2,26528,2278,9.646405484343395,0,10.0,0,0,0,0.0
1,1,1,2712,4734,9.646060876388418,0,1.0,0,0,0,0.0
0,1,1,1353,5,9.64545202146916,0,1.0,0,1,0,109.0
0,1,1,53910,13279,9.645121039391942,0,1.0,0,0,0,0.0
0,2,2,1260,19,9.644237987448829,0,12.0,0,0,0,0.0
1,1,1,2,1,9.64303159025766,0,2.0,0,0,0,0.0
1,1,1,1656,1354,9.642369752855576,0,1.0,0,0,0,381.0
1,1,1,59973,1304,9.641923299386365,0,1.0,0,0,0,0.0
1,1,1,89345,2212,9.641847216287523,0,1.0,0,0,0,0.0
0,1,1,47473,5084,9.641219760460718,0,3.0,0,1,0,49.0
0,1,1,1838,9,9.640949112502698,0,1.0,0,0,0,0.0
1,3,2,473281,3709,9.640116032674069,0,20.0,0,11,36,102.75
0,1,1,542,2,9.639301236872106,0,1.0,0,0,0,0.0
1,1,1,157,1,9.639269802288991,0,3.0,0,0,0,0.0
0,1,1,64,1,9.638622573095391,0,1.0,0,1,0,120.0
0,6,3,39401,4568,9.637269206552944,0,57.0,0,0,0,0.0
0,1,1,13280,6968,9.636462079268233,0,1.0,0,0,0,0.0
0,1,1,1625,772,9.636444904324636,0,1.0,0,0,0,0.0
1,1,1,19304,2621,9.636342108167767,0,1.0,0,0,0,0.0
0,1,1,52161,452,9.63625189218176,0,5.0,0,0,20,32.96666666666667
1,1,1,14026,3178,9.634880114860293,0,1.0,0,0,0,0.0
0,1,1,27340,11766,9.633910015739954,0,2.0,0,0,0,0.0
0,1,1,265,268,9.63360042312201,0,1.0,0,0,0,0.0
0,1,1,47865,10964,9.633269979742286,0,1.0,0,0,0,0.0
0,1,1,202006,7674,9.633040082665197,1,3.0,0,0,0,0.0
0,1,1,30841,1577,9.632960323748168,0,1.0,0,0,0,0.0
0,1,1,17096,26047,9.632486872028135,0,2.0,0,0,0,0.0
1,1,1,133,1,9.631950551141886,0,1.0,0,1,0,127.0
0,1,1,768,8,9.630258755821584,0,1.0,0,0,0,0.0
1,1,1,17648,6668,9.628971300501783,0,2.0,0,0,0,85.0
1,1,1,259429,3571,9.628334243184373,0,3.0,0,0,0,0.0
0,1,1,209102,2506,9.626752785785838,0,4.0,0,2,0,823.0
0,7,3,138251,14648,9.62377236268649,0,112.0,0,9,36,302.4117647058824
1,1,1,3308,131,9.62268920046883,0,1.0,0,0,0,0.0
1,1,1,708,495,9.622042161403757,0,1.0,0,0,0,0.0
0,1,1,21,8,9.620875406010445,0,1.0,0,0,0,0.0
1,1,1,10268,330,9.620820585618524,0,1.0,0,0,0,76.5
1,1,1,12046,47,9.620572436202853,0,1.0,0,0,0,34.4
0,1,1,7310,194,9.620209829413996,0,2.0,0,0,0,0.0
1,1,1,96715,6170,9.617886363751207,0,1.0,0,0,0,0.0
0,1,1,1919,1,9.615425561915837,0,1.0,0,0,0,0.0
1,1,1,36095,178,9.615067803404417,0,1.0,0,0,0,116.0
0,1,1,10510,1646,9.614672431132758,0,2.0,0,0,0,0.0
0,1,1,178848,11947,9.614430872839351,0,8.0,0,10,43,102.3913043478261
0,1,1,77029,1753,9.61241915458448,0,1.0,0,0,0,0.0
1,1,1,14000,5204,9.611066706996576,0,1.0,0,0,0,0.0
1,1,1,5690,636,9.60888859459259,0,1.0,0,0,0,0.0
0,1,1,10015,744,9.608840428699114,0,9.0,0,0,0,0.0
0,1,1,11788,38,9.608539423552967,0,2.0,0,0,0,0.0
0,1,1,826,3864,9.607555635178691,0,2.0,0,0,0,0.0
1,1,1,7124,1039,9.606542662075542,0,3.0,0,0,0,0.0
1,1,1,-100,10,9.604802637485587,0,1.0,0,0,15,89.0
1,1,1,1953,420,9.604339262577485,0,1.0,0,0,0,0.0
0,1,1,22998,181,9.603949879354424,0,1.0,0,0,0,37.5
1,1,1,17327,4843,9.60389600960514,0,1.0,0,0,0,0.0
1,1,1,120,12,9.603489292998049,0,3.0,0,0,0,0.0
1,1,1,61903,33,9.60215009103085,0,1.0,0,0,0,0.0
1,1,1,1198,24,9.60214270770639,0,1.0,0,4,15,273.7142857142857
1,1,1,69,112,9.602066529543285,0,2.0,0,0,0,0.0
0,1,1,3976,8,9.601765302580525,0,1.0,0,0,0,0.0
1,1,1,41994,187025,9.6014325142823,0,4.0,0,1,2,177.85714285714286
0,1,1,36714,14,9.601106412170608,0,1.0,0,0,0,0.0
0,1,1,334,52,9.5987393120109,0,1.0,0,0,0,0.0
1,1,1,70,21,9.598677013230256,0,2.0,0,0,0,0.0
1,1,1,6993,1472,9.598553493063958,0,1.0,0,0,0,0.0
0,1,1,44,1,9.597348743653356,0,1.0,0,0,0,0.0
0,1,1,247929,1788,9.5969658564883,0,2.0,0,0,0,8.0
0,1,1,1905,834,9.595986155877354,0,1.0,0,0,0,0.0
1,1,1,6201,2094,9.595872522394451,0,1.0,0,1,20,32.0
1,1,1,37827,3032,9.593874778586304,0,4.0,0,0,0,0.0
0,1,1,9502,175,9.593545000656423,0,1.0,0,0,0,0.0
0,1,1,187,31,9.593229957687376,0,1.0,0,0,0,0.0
0,1,1,1082,3471,9.593128017108878,0,1.0,0,0,0,0.0
0,1,1,8666,1906,9.592983677868888,0,2.0,0,0,0,0.0
1,1,1,14677,29866,9.592506296825968,0,2.0,0,0,0,0.0
1,1,1,39,12,9.592459081575123,0,2.0,0,0,0,0.0
0,1,1,2331,28,9.591008591043526,0,1.0,0,0,0,0.0
1,1,1,25039,1350,9.590859878847414,0,3.0,0,1,7,60.666666666666664
0,1,1,22,1,9.586437077366949,0,1.0,0,0,0,0.0
1,1,1,15113,9530,9.586282344434151,0,3.0,0,0,0,0.0
0,1,1,33615,2588,9.58569018913717,0,1.0,0,0,0,0.0
0,1,1,16901,207,9.585280462161734,0,1.0,0,0,0,0.0
0,1,1,31811,12579,9.585100854080004,1,1.0,0,0,0,9.0
0,1,1,1112,53,9.58468837024093,0,1.0,0,0,0,0.0
1,1,1,3940,868,9.58383424952199,0,3.0,0,0,0,0.0
0,1,1,185964,15825,9.582206400762896,0,6.0,0,4,39,112.33333333333331
1,1,1,3370,4776,9.582068177323851,0,1.0,0,0,0,0.0
0,1,1,922,1137,9.580632580193525,0,1.0,0,0,0,0.0
1,1,1,51947,27581,9.580581277179354,0,1.0,0,0,0,20.0
1,1,1,166,57,9.579858440208229,0,1.0,0,0,0,0.0
0,1,1,22769,788,9.57732909703891,0,1.0,0,0,0,0.0
0,3,2,39731,4,9.576793885235732,0,28.0,0,12,43,59.906474820143885
1,1,1,6739,517,9.575885546198544,0,2.0,0,0,0,0.0
1,1,1,29715,11095,9.575841721573097,0,8.0,0,0,0,0.0
1,1,1,887,117,9.575796090726644,0,1.0,0,0,0,0.0
1,1,1,39998,1460,9.574817974520087,0,3.0,0,0,0,0.0
0,1,1,579,1,9.574731085783302,0,1.0,0,0,0,0.0
1,1,1,123527,5181,9.573427913171953,0,1.0,0,0,0,90.0
0,1,1,67071,3969,9.571734375006818,0,1.0,0,0,0,0.0
1,1,1,26797,1745,9.571557301972112,1,1.0,0,1,12,50.75
0,1,1,22567,1954,9.57139426676031,0,1.0,0,1,0,503.5
1,1,1,4340,50,9.5713402068825,0,1.0,0,0,0,0.0
1,1,1,141044,34221,9.57118436486663,0,1.0,0,0,6,47.333333333333336
0,1,1,8238,5379,9.571005105353866,0,1.0,0,0,0,0.0
0,1,1,8104,780,9.570976839579536,0,1.0,0,1,0,62.0
1,1,1,353,13,9.570919991149998,0,1.0,0,0,0,0.0
0,1,1,55224,12450,9.57091691740548,0,1.0,0,0,0,24.0
1,1,1,3972,1337,9.570750396504016,0,1.0,0,0,0,0.0
1,2,2,1812,57,9.56995220526007,0,14.0,0,0,0,0.0
1,1,1,71406,9882,9.569436766823683,0,1.0,0,0,0,0.0
1,1,1,33559,7024,9.568359910535502,0,2.0,0,0,0,0.0
0,2,2,7641,1557,9.568316783047988,0,14.0,0,0,0,0.0
0,1,1,754,6,9.568280119930384,0,1.0,0,0,0,0.0
1,1,1,19544,1634,9.568068158310998,0,1.0,0,0,0,0.0
0,1,1,35384,11836,9.567667557504851,0,1.0,0,1,18,53.75
0,1,1,5639,132,9.565527470806243,0,1.0,0,0,0,0.0
0,1,1,32574,380,9.565006962275811,0,1.0,0,2,0,164.66666666666666
1,2,2,2735,569,9.564860309805407,0,12.0,1,29,46,138.37121212121212
0,1,1,8520,1330,9.56456196645864,0,1.0,0,0,0,0.0
1,1,1,1015,48,9.56348793041027,0,2.0,0,0,0,0.0
1,1,1,15434,721,9.563232302605874,0,1.0,0,0,0,0.0
1,1,1,33574,2958,9.563108592311048,0,1.0,0,1,0,75.0
0,1,1,46,1,9.562896884196364,0,1.0,0,0,0,0.0
0,1,1,1290,13699,9.56284488404426,1,1.0,0,0,0,0.0
0,1,1,944,460,9.560629823329885,0,1.0,0,0,0,0.0
0,1,1,3223,1464,9.560214519250993,0,1.0,0,0,0,0.0
0,1,1,1017,619,9.560153614746216,0,1.0,0,0,0,0.0
1,1,1,2405,1280,9.559953029150352,0,1.0,0,1,14,25.5
0,1,1,4923,409,9.559785082284938,0,2.0,0,0,0,0.0
0,1,1,1604,152,9.559479830935024,0,2.0,0,0,0,0.0
1,1,1,9067,1452,9.559367496663723,0,1.0,0,0,0,0.0
0,1,1,3658,96,9.559311250307854,0,3.0,0,0,0,0.0
0,1,1,2841,359,9.558220673077647,0,2.0,0,0,0,0.0
1,6,3,16615,3552,9.557912633176006,0,51.0,0,6,7,114.125
0,1,1,2685,236,9.557196957712726,0,1.0,0,0,0,0.0
1,1,1,1002,98,9.556080491314775,0,1.0,0,0,0,0.0
1,1,1,9862,10173,9.554641566935228,0,1.0,0,0,0,0.0
0,1,1,24223,4767,9.552684669072272,0,3.0,0,0,0,0.0
0,1,1,44785,1,9.552668222954695,0,3.0,0,0,0,0.0
1,1,1,36434,24245,9.552402676778817,0,1.0,0,0,0,0.0
0,1,1,22381,1021,9.55239028673648,0,3.0,0,0,0,0.0
0,1,1,1182,1440,9.55204323879874,0,2.0,0,0,0,0.0
1,1,1,45787,556,9.551849497829846,0,1.0,0,0,0,0.0
0,1,1,8713,183,9.549219830174511,0,2.0,0,0,0,0.0
0,1,1,42632,5664,9.548846069178744,0,4.0,0,0,0,0.0
1,1,1,216,19,9.54813410122174,0,1.0,0,0,0,0.0
0,1,1,51473,2008,9.545978582424365,1,1.0,0,0,0,0.0
0,1,1,54469,4969,9.545960425150048,0,1.0,0,0,0,0.0
0,1,1,25689,1481,9.545642815445888,0,1.0,0,0,0,0.0
1,1,1,41915,4502,9.545088464037669,0,2.0,0,0,0,0.0
1,1,1,29138,108,9.54431058485801,0,8.0,0,1,42,83.33333333333333
0,1,1,3510,10,9.543232017413084,0,1.0,0,0,0,0.0
0,1,1,1207,12754,9.542043460615355,0,2.0,0,4,24,74.55263157894737
1,1,1,3967,1,9.54167679775126,0,1.0,0,0,0,0.0
0,1,1,30777,61578,9.54046694655852,0,5.0,0,0,0,0.0
0,1,1,3670,1211,9.540041850860495,0,4.0,0,0,0,0.0
0,1,1,2567,537,9.539793511316295,0,1.0,0,0,0,0.0
0,1,1,5780,16869,9.53849534542282,0,1.0,0,0,0,0.0
1,1,1,14421,1002,9.537685746467258,0,3.0,0,0,0,0.0
1,1,1,45160,4892,9.535745389786142,0,2.0,0,0,0,0.0
0,1,1,24331,1,9.534746296065451,0,1.0,0,0,0,0.0
1,1,1,969,1,9.534359194384717,0,4.0,0,1,0,125.0
1,1,1,13314,51738,9.53374568131655,0,3.0,0,6,19,92.625
1,1,1,296,418,9.53256644081664,0,1.0,0,0,0,0.0
1,1,1,6876,19171,9.530189073716478,0,1.0,0,0,0,0.0
1,1,1,1950,14,9.529606931855248,0,1.0,0,0,0,0.0
1,1,1,268782,11720,9.529422031862852,0,1.0,0,0,0,0.0
1,1,1,897,2079,9.529255003951985,0,1.0,0,0,0,0.0
1,1,1,78,119,9.529078311174333,0,1.0,0,0,0,0.0
1,1,1,4477,1449,9.528584325573402,0,1.0,0,0,0,0.0
0,1,1,238,172,9.527836708517604,0,1.0,0,0,0,0.0
0,1,1,1047,2,9.526691659464444,0,2.0,0,0,0,0.0
1,1,1,150795,553,9.52514483714589,1,5.0,0,0,0,0.0
1,1,1,66438,11624,9.524795856234794,0,1.0,0,0,0,0.0
0,1,1,56870,347,9.524526887745427,0,3.0,0,0,0,0.0
0,1,1,19497,64903,9.524341227238926,0,4.0,0,2,16,31.583333333333332
0,1,1,27188,1794,9.52366725329921,0,1.0,0,0,0,0.0
1,1,1,2528,824,9.521939777192028,0,1.0,0,1,0,37.0
0,1,1,873,382,9.519902486650288,0,1.0,0,0,29,186.2
0,3,2,32434,7289,9.51920100745035,0,21.0,0,0,0,0.0
0,1,1,33504,2668,9.5191782554033,0,1.0,0,0,0,0.0
1,1,1,219535,8786,9.519077297155524,0,2.0,0,0,0,0.0
1,1,1,1426,255,9.518768560115952,0,1.0,0,0,0,0.0
0,1,1,5064,11,9.517466401523407,0,1.0,0,0,0,0.0
1,3,2,7384,192,9.5164249725174,0,20.0,0,0,0,0.0
0,1,1,9441,13863,9.516234241916848,0,1.0,0,0,0,0.0
0,1,1,6796,323,9.516140096607954,0,1.0,0,0,0,0.0
1,1,1,18724,879,9.516100898443328,1,1.0,0,1,36,353.4
1,1,1,22250,5714,9.515170377744669,0,1.0,0,0,0,0.0
1,1,1,106,49,9.513818849111312,0,1.0,0,0,0,0.0
1,1,1,24187,25417,9.51298275891434,0,9.0,0,0,0,0.0
1,1,1,184,72,9.51297173145978,0,3.0,0,0,0,0.0
0,1,1,18726,40,9.51001640532598,0,1.0,0,0,0,0.0
1,1,1,114,1055,9.50883307706274,0,1.0,0,0,0,0.0
1,1,1,11107,1527,9.507870202826425,0,1.0,0,0,0,0.0
0,1,1,11960,37224,9.506148589015488,0,2.0,0,0,0,0.0
0,1,1,1542,580,9.50608448401384,0,2.0,0,0,0,0.0
1,1,1,5154,176,9.505859973911678,0,1.0,0,0,0,0.0
1,1,1,4907,9711,9.505352647625775,0,3.0,0,0,0,0.0
1,1,1,160,49,9.504918615886986,0,1.0,0,0,0,0.0
1,1,1,7579,197,9.504699777952542,0,3.0,0,1,5,124.0
0,1,1,53527,18579,9.504536235731337,0,2.0,0,0,0,0.0
0,1,1,3657,582,9.504129962757473,0,3.0,0,0,0,0.0
1,1,1,11059,21276,9.50235289479286,0,1.0,0,1,17,44.22727272727273
0,1,1,11678,366,9.501921873422411,0,1.0,0,0,0,0.0
0,1,1,43088,55117,9.501611900547417,0,1.0,0,0,0,0.0
1,1,1,565,2,9.500316491517578,0,5.0,0,0,0,0.0
0,1,1,71580,1,9.499870386617332,0,2.0,0,0,0,0.0
1,1,1,43154,9937,9.499766861634445,0,1.0,0,9,34,35.44444444444444
1,1,1,9063,61,9.499504452579256,0,1.0,0,0,0,0.0
0,1,1,3975,308,9.499446083121503,0,2.0,0,0,0,0.0
1,1,1,473,148,9.499329027325118,0,1.0,0,0,0,0.0
0,1,1,84748,3970,9.498741688617486,0,9.0,0,12,39,106.8
1,1,1,45847,13362,9.498317575250182,0,2.0,0,0,0,0.0
1,1,1,14488,1957,9.497502684383957,0,1.0,0,0,0,0.0
0,1,1,19933,229,9.497160579787916,0,1.0,0,0,0,0.0
1,1,1,8529,3581,9.496713365804595,0,1.0,0,0,0,0.0
1,1,1,121744,386,9.496658608788854,0,1.0,0,0,0,32.0
1,1,1,11340,24,9.495172183965671,0,1.0,0,0,0,0.0
0,1,1,20380,3669,9.495137485509517,0,1.0,0,0,0,0.0
1,1,1,263,43,9.493743463150402,0,1.0,0,0,0,0.0
1,1,1,5114,202,9.4934064603365,0,3.0,0,0,0,0.0
0,1,1,834,484,9.49260221666778,0,1.0,0,0,0,0.0
0,1,1,49,24,9.492239324686134,0,1.0,0,0,0,0.0
0,1,1,126,10,9.491896396199811,0,1.0,0,0,0,0.0
1,1,1,7363,1853,9.491719323165103,0,1.0,0,0,0,0.0
1,1,1,50045,15376,9.491407417316752,0,1.0,0,0,0,0.0
1,1,1,145340,1828,9.49024630240307,0,3.0,0,0,0,0.0
1,1,1,30557,1891,9.489667519479148,0,1.0,0,0,25,61.73684210526316
1,1,1,2879,482,9.488764504040711,0,1.0,0,0,0,0.0
1,1,1,20,1,9.486398576340251,0,1.0,0,1,0,77.0
0,1,1,3491,2510,9.485698998425582,0,7.0,0,0,0,0.0
1,1,1,125,37,9.485598547187212,0,1.0,0,0,0,0.0
0,1,1,1541,781,9.483379462085685,0,1.0,0,0,0,0.0
0,1,1,2658,294,9.481633099878165,0,3.0,0,0,0,0.0
0,2,2,68163,13,9.481294924605011,0,10.0,0,15,53,85.83870967741936
0,1,1,2816,418,9.480673014193574,0,1.0,0,0,3,82.0
1,1,1,4074,1914,9.480560743298447,0,3.0,0,0,0,0.0
0,1,1,27059,609,9.480518408013127,0,1.0,0,1,0,463.0
1,1,1,11,1,9.48039447590169,0,1.0,0,0,0,0.0
0,1,1,15037,265251,9.478400059342762,0,1.0,1,0,0,47.333333333333336
0,1,1,2289,15,9.478273497120032,0,2.0,0,3,7,81.0
1,1,1,846,14,9.477957757013051,0,1.0,0,0,0,0.0
1,1,1,29496,1,9.477342659540495,0,1.0,0,0,0,0.0
1,1,1,2153,360,9.477306852001266,0,1.0,0,0,0,0.0
0,1,1,898,84,9.477033795748572,0,1.0,0,0,0,0.0
1,2,2,15479,137,9.476809507463024,0,13.0,0,0,0,0.0
1,1,1,-12,1,9.475692755872284,0,2.0,0,1,0,162.0
1,1,1,1641,194,9.475665218923972,0,1.0,0,0,0,0.0
1,1,1,30431,4353,9.475599909774989,0,1.0,0,0,0,0.0
1,6,3,24965,247,9.47553403024042,0,73.0,0,0,0,0.0
1,1,1,706,304,9.473019612160469,0,1.0,0,0,0,0.0
1,1,1,8108,1726,9.4729082285318,0,1.0,0,0,0,0.0
0,1,1,326,6281,9.470420111564732,0,1.0,0,0,0,0.0
0,1,1,58460,2444,9.469848173267776,0,1.0,0,0,0,0.0
0,1,1,9995,1174,9.469576511290946,0,4.0,0,0,0,0.0
0,1,1,215,43,9.46945324462935,0,1.0,0,0,0,0.0
0,1,1,24848,3717,9.467894634342128,0,7.0,0,0,0,45.5
1,1,1,1550,35,9.46784909855994,0,1.0,0,0,0,0.0
1,1,1,2307,588,9.46778851093604,0,1.0,0,1,0,305.75
0,1,1,10844,2934,9.467749186019065,0,1.0,0,0,0,0.0
1,1,1,8033,445,9.467597716959313,0,1.0,0,0,0,0.0
1,7,3,16745,4759,9.46668909272933,0,203.0,0,50,53,280.3185840707965
1,1,1,130,1,9.466457262678883,0,1.0,0,0,0,0.0
0,1,1,8994,417,9.465806262602833,0,1.0,0,0,0,0.0
1,1,1,722,1,9.465394792782568,0,1.0,0,0,0,16.0
0,1,1,9172,5661,9.464493900446014,0,1.0,0,0,0,0.0
1,1,1,696,21558,9.462929681367251,0,1.0,0,0,0,0.0
1,1,1,2415,5974,9.461620931652444,0,1.0,0,0,0,0.0
0,1,1,5946,77,9.4607410802062,0,1.0,0,2,3,87.0
1,1,1,3323,613,9.460539448903438,0,1.0,0,0,0,0.0
0,1,1,563797,45915,9.460335916315408,0,1.0,0,0,28,56.36
1,1,1,29808,9780,9.458169116558771,0,6.0,0,0,0,0.0
1,1,1,17134,13048,9.457799570078686,0,3.0,0,0,0,0.0
1,1,1,4500,2521,9.457738317004942,0,2.0,0,0,0,0.0
0,1,1,46631,1274,9.457519954391817,0,2.0,0,0,0,0.0
0,1,1,36017,1008,9.457366298854003,0,2.0,0,0,0,0.0
0,1,1,23950,169,9.456994185638806,0,3.0,0,4,51,183.10256410256412
1,1,1,114467,4518,9.456820851798462,0,9.0,0,0,0,0.0
0,1,1,12119,190,9.456032135292771,0,1.0,0,0,0,40.5
0,1,1,55469,84,9.45591327327538,0,1.0,0,0,0,0.0
1,1,1,27288,2291,9.455464601640022,0,1.0,0,0,0,0.0
0,1,1,11361,3192,9.454160795266914,0,1.0,0,0,0,0.0
0,1,1,444,101,9.453956977486094,0,3.0,0,0,0,0.0
1,1,1,33247,19715,9.453921740332444,0,2.0,0,0,0,0.0
0,1,1,14880,5858,9.453533434504372,0,1.0,0,0,0,0.0
1,1,1,209,166,9.45302927702725,0,1.0,0,0,0,0.0
0,1,1,3934,379,9.45299318429523,0,3.0,0,0,0,0.0
1,1,1,59,4,9.452466052954444,0,1.0,0,0,0,0.0
1,1,1,13323,7146,9.451892086619868,0,2.0,0,0,0,0.0
1,1,1,55519,23502,9.450938465305192,0,3.0,0,2,53,379.25
1,1,1,53,7,9.450591670872155,0,1.0,0,0,0,0.0
1,1,1,10158,845,9.449016392650744,0,2.0,0,14,47,228.43478260869568
0,1,1,2316,290,9.448770429713132,0,1.0,0,0,0,0.0
1,2,2,17142,345,9.448768560115951,0,10.0,0,0,0,0.0
0,1,1,10404,31413,9.448130552155904,0,1.0,0,0,0,0.0
0,1,1,90448,65084,9.44747799936355,0,1.0,0,0,0,0.0
0,1,1,7753,1136,9.447294303518492,0,5.0,0,0,0,0.0
1,1,1,10291,2447,9.445882060508884,0,1.0,0,0,0,0.0
0,1,1,61886,1317,9.445379487436153,0,1.0,0,0,0,0.0
1,1,1,5946,1,9.445074426214768,0,1.0,0,0,0,45.666666666666664
1,2,2,425371,142294,9.444698256924328,0,14.0,0,0,0,22.0
1,1,1,26021,60,9.442519384006234,0,1.0,0,0,0,0.0
1,1,1,139,1,9.44188612925936,0,1.0,0,0,0,0.0
1,1,1,459,1,9.441695113466016,0,1.0,0,0,0,0.0
1,1,1,6731,214,9.44002236268649,0,4.0,0,0,0,0.0
0,4,2,10124,258,9.439681430549696,0,33.0,0,0,0,0.0
0,1,1,2608,2478,9.439125684865616,0,1.0,0,0,0,0.0
0,1,1,13,12,9.438949245592667,0,1.0,0,0,0,0.0
0,1,1,52321,4431,9.437069381471188,0,2.0,0,3,17,26.0
1,1,1,338,1,9.434595650895986,0,1.0,0,0,0,0.0
1,1,1,28,31,9.43392484576505,0,1.0,0,0,0,0.0
0,1,1,16379,13,9.433616457294445,0,1.0,0,0,0,0.0
1,1,1,541,989,9.43256945118498,0,1.0,0,0,0,0.0
0,2,2,5682,26,9.432542674750778,0,11.0,0,9,53,102.11382113821138
1,1,1,3350,7010,9.430544614061752,0,1.0,0,0,0,0.0
1,1,1,30650,21367,9.429713308766038,0,9.0,0,0,0,0.0
1,1,1,3988,5346,9.429596379722003,0,1.0,0,0,0,0.0
1,1,1,396,30,9.428782439498416,0,1.0,0,0,0,0.0
0,1,1,398,23,9.428615031330493,0,1.0,0,0,0,0.0
1,1,1,12554,2782,9.428264529391182,0,3.0,0,0,0,0.0
1,1,1,1634,3,9.426475103072324,0,3.0,0,0,0,0.0
1,1,1,13215,413,9.425719975939716,0,1.0,0,2,26,175.4
1,1,1,3064,39176,9.425687970971024,0,1.0,0,0,0,0.0
1,1,1,11887,5250,9.423522026792758,0,1.0,0,0,0,0.0
0,1,1,75737,4,9.423301604453924,0,5.0,0,0,0,0.0
1,1,1,2146,577,9.42329339723918,0,1.0,0,0,0,0.0
1,1,1,1557,4053,9.42065263875311,0,1.0,0,0,0,0.0
1,1,1,57311,2470,9.419371647803228,0,1.0,0,0,0,0.0
0,1,1,5219,279,9.417705234641264,0,2.0,0,0,0,0.0
1,1,1,1482,607,9.415670510834635,0,1.0,0,0,0,0.0
1,1,1,14493,3706,9.414970616039088,0,2.0,0,0,0,0.0
1,1,1,23095,24,9.412962129969172,0,2.0,0,0,0,0.0
0,6,3,383063,177573,9.41294346568545,0,57.0,0,0,0,0.0
0,2,2,4517,5497,9.410897555983825,0,12.0,0,0,0,0.0
1,1,1,160633,1130,9.409802479045148,0,3.0,0,6,35,115.23809523809524
0,6,3,15614,8,9.409709347755062,0,90.0,0,25,51,48.232300884955755
1,1,1,31362,2079,9.40968618376287,0,1.0,0,0,0,0.0
0,1,1,41563,6978,9.409681081980732,0,1.0,0,0,0,0.0
0,1,1,1601,185,9.40794663449423,0,1.0,0,0,0,0.0
1,1,1,17392,2526,9.40762398638411,0,1.0,0,0,0,0.0
1,1,1,483,221,9.405664046464723,0,1.0,0,0,0,0.0
0,1,1,1299,1803,9.40457356429878,0,5.0,0,0,0,0.0
1,1,1,22302,16259,9.40408822954582,0,3.0,0,0,0,0.0
0,1,1,11181,7069,9.4039449993889,0,1.0,0,0,0,0.0
0,1,1,5276,58,9.40376076484635,0,2.0,0,0,0,0.0
1,1,1,7754,126,9.403566770372752,0,2.0,0,0,0,0.0
1,1,1,260,1,9.402877617838971,0,1.0,0,0,0,0.0
0,1,1,3347,224,9.401376014421729,0,2.0,0,0,0,0.0
1,1,1,15691,93,9.400831866577786,0,8.0,0,0,0,109.0
0,1,1,26716,11063,9.400771120513449,0,1.0,0,0,0,0.0
0,1,1,2920,553,9.400633816028948,0,1.0,0,1,7,130.6
0,1,1,9420,415,9.400618637434883,0,1.0,0,0,0,0.0
0,1,1,2059,640,9.399866045349302,0,1.0,0,0,0,0.0
0,1,1,2941,1,9.399831948966815,0,1.0,0,0,0,0.0
0,1,1,13717,14949,9.399679402512078,0,1.0,0,0,0,0.0
1,1,1,60916,5408,9.398931151694525,0,1.0,0,0,0,0.0
0,1,1,54306,6786,9.398679960222424,0,1.0,0,0,0,0.0
1,2,2,9460,73,9.398525068849189,0,10.0,0,0,0,137.4
0,1,1,141621,28731,9.398266050419396,0,1.0,0,2,0,42.46153846153846
0,1,1,31,1,9.398229007044742,0,1.0,0,1,0,211.0
1,1,1,10,11,9.39820511422653,0,1.0,0,0,0,0.0
1,1,1,20647,1135,9.395676373130884,0,2.0,0,0,0,0.0
0,1,1,48105,100682,9.395390356450273,0,1.0,0,0,0,0.0
0,1,1,411,61,9.393610309805409,0,1.0,0,0,0,0.0
0,1,1,1389,8285,9.3913175815878,0,1.0,0,0,0,0.0
0,1,1,2491,1260,9.390313322708796,0,1.0,0,0,0,0.0
1,1,1,20452,2710,9.389746296065454,0,1.0,0,0,0,0.0
0,1,1,15594,532,9.388479469690823,0,3.0,0,0,0,266.0
0,1,1,598,54,9.387675257710193,0,3.0,0,0,0,0.0
1,1,1,562,69,9.386731111133772,0,6.0,0,0,0,0.0
1,1,1,3452,255,9.386721826524044,0,1.0,0,0,0,0.0
1,1,1,39383,145080,9.385948573805203,0,1.0,0,0,0,0.0
0,1,1,11916,259,9.385670669275076,0,1.0,0,4,31,153.82142857142858
0,1,1,4449,429,9.385123067429562,0,1.0,0,0,0,0.0
1,2,2,4696,1692,9.38509106246087,0,19.0,0,0,0,0.0
1,1,1,33087,3172,9.385071827791569,0,1.0,0,1,0,298.0
0,3,2,18218,4151,9.384583292541738,0,20.0,0,0,0,0.0
1,1,1,12619,178,9.383728791565744,0,1.0,0,0,0,0.0
1,1,1,1360,1684,9.38371437348579,0,1.0,0,0,0,0.0
1,1,1,11,1,9.3828980883437,0,1.0,0,1,0,136.0
0,1,1,3735,2974,9.380323050951755,0,1.0,0,0,0,0.0
0,1,1,19128,5793,9.379882206274088,0,2.0,0,3,31,58.25
0,1,1,4562,9247,9.379575528960224,0,1.0,0,0,0,0.0
1,1,1,132,1,9.37957397624392,0,1.0,0,0,0,0.0
0,1,1,-89,1,9.376613960273124,0,1.0,0,0,0,0.0
0,1,1,237,847,9.376150648741197,0,1.0,0,0,0,0.0
0,1,1,5047,231,9.375889000200116,0,2.0,0,0,0,0.0
0,1,1,38586,3177,9.374466395185792,0,1.0,0,0,0,0.0
1,1,1,13747,729,9.373759719139452,0,2.0,0,0,0,0.0
1,1,1,3978,5775,9.371667988462848,0,5.0,0,0,0,0.0
1,2,2,1566,76,9.37133729157842,0,16.0,0,0,0,0.0
1,1,1,14990,369,9.370692977688895,0,1.0,0,0,0,0.0
1,1,1,3806,1162,9.370569679339212,0,2.0,0,0,0,0.0
0,1,1,18333,445,9.370302326942326,0,1.0,0,0,0,0.0
1,1,1,29701,11,9.369903817549975,0,1.0,0,0,0,0.0
1,1,1,1435,3223,9.369811256645471,0,1.0,0,0,0,0.0
0,1,1,15418,100,9.36960414330352,0,4.0,0,0,0,0.0
0,1,1,17725,1,9.368745713004635,0,1.0,0,0,0,0.0
0,1,1,9742,20930,9.367802929015994,0,1.0,0,0,0,0.0
0,3,2,219072,43286,9.366432292465689,0,22.0,0,2,1,122.5
1,1,1,10937,96,9.36634717826182,0,2.0,0,0,0,0.0
1,1,1,36,666,9.364923749357212,0,1.0,0,0,0,0.0
0,1,1,29101,552,9.364883949118918,1,4.0,0,11,50,52.705882352941174
0,1,1,11771,1774,9.36380525492164,0,2.0,0,0,18,37.588235294117645
1,1,1,307,1,9.362513553398076,0,1.0,0,0,0,0.0
1,1,1,2819,13,9.361983791946002,0,8.0,0,0,0,0.0
1,1,1,42782,43,9.360358826802898,0,1.0,0,0,0,0.0
0,1,1,8752,73,9.360208720330924,0,1.0,0,0,0,0.0
1,1,1,9030,119,9.359643373156231,0,1.0,0,5,42,38.5
0,1,1,1322,1,9.358030322734148,0,1.0,0,0,0,0.0
1,1,1,7281,441,9.357735179884248,0,1.0,0,0,0,0.0
0,1,1,96416,79378,9.35757439452668,0,1.0,0,0,0,0.0
1,1,1,174,1,9.357269903690876,0,1.0,0,0,0,0.0
1,1,1,21262,175,9.35690121278916,0,7.0,0,0,0,0.0
0,1,1,12179,825,9.356786913856414,0,1.0,0,0,0,0.0
0,1,1,-21,1,9.35674302585479,0,1.0,0,0,0,0.0
0,1,1,3584,3989,9.355295102058305,0,2.0,0,0,0,0.0
0,1,1,35582,17315,9.354662861330238,0,1.0,0,0,0,0.0
0,1,1,7654,3128,9.353813303695944,0,3.0,0,0,0,0.0
0,1,1,15700,2053,9.35189439985028,0,1.0,0,0,0,0.0
1,1,1,1400,1251,9.351544183103758,0,1.0,0,0,0,0.0
0,1,1,3114,2,9.34873173855791,0,8.0,0,0,0,0.0
1,1,1,6,1,9.347175219684486,0,1.0,0,0,0,0.0
0,1,1,45,1,9.346855645318882,0,1.0,0,0,0,0.0
0,1,1,5245,107,9.346032040228508,0,2.0,0,0,0,0.0
0,1,1,26876,66,9.345188503330895,0,1.0,0,0,0,0.0
1,1,1,25999,506,9.344727409965117,0,1.0,0,0,0,0.0
1,1,1,41347,9723,9.34440349433148,0,1.0,0,0,0,0.0
1,1,1,97644,688,9.343902569039315,0,2.0,0,0,0,0.0
0,6,3,75928,10643,9.343878200899788,0,57.0,0,0,0,0.0
1,1,1,108852,4317,9.343583691811643,0,2.0,0,1,31,86.0
0,1,1,37757,1190,9.343356836790983,0,2.0,0,0,17,113.0
1,2,2,215435,335,9.341592380685324,1,16.0,0,3,29,170.1818181818182
0,1,1,544,34,9.34140412175562,0,3.0,0,0,0,0.0
1,1,1,637,36,9.341187882244377,0,1.0,0,0,0,0.0
1,1,1,1251,15,9.34041751314153,0,1.0,0,0,0,0.0
0,7,3,90963,29579,9.338652993659691,0,163.0,0,37,53,149.74358974358975
0,1,1,1243,2,9.338428134988565,0,1.0,0,0,0,0.0
1,1,1,4812,156,9.338112870202904,0,2.0,0,1,21,90.6
0,2,2,16049,319,9.337172494508934,0,15.0,0,0,0,0.0
1,1,1,7884,30892,9.336104130628284,0,7.0,0,0,0,0.0
1,1,1,3753,385,9.335833324229826,0,1.0,0,0,0,0.0
1,1,1,6392,265,9.33547813245352,0,1.0,0,0,0,0.0
1,1,1,23372,47870,9.333847463454608,0,1.0,0,0,0,0.0
0,1,1,12476,3,9.332938300527136,0,1.0,0,0,0,0.0
1,1,1,13,1,9.332646833495422,0,1.0,0,0,0,0.0
1,5,3,360363,45403,9.331898550989782,0,49.0,0,0,0,0.0
0,1,1,23209,19756,9.33126697571156,0,3.0,0,0,0,56.333333333333336
1,1,1,208,13,9.330020207896515,0,1.0,0,0,0,0.0
0,1,1,10523,2254,9.32921941822937,0,5.0,0,0,0,0.0
0,2,2,25358,1295,9.329059488450172,0,11.0,0,0,0,0.0
0,2,2,56592,384,9.326205405756935,0,13.0,0,7,47,118.16
1,1,1,32323,6657,9.325642435188836,0,2.0,0,0,0,11.0
0,1,1,31375,175,9.324878023446496,0,2.0,0,0,0,0.0
0,1,1,7571,68,9.323925099269752,0,1.0,0,0,0,0.0
1,1,1,5808,2029,9.323920884754074,0,1.0,0,0,0,0.0
0,1,1,19382,994,9.323908843280703,0,1.0,0,0,0,0.0
1,1,1,1968,144,9.323894647017363,0,4.0,0,0,0,0.0
0,1,1,243,1,9.323851804722638,0,1.0,0,0,3,133.0
0,1,1,7539,2787,9.322998856462949,0,1.0,0,0,0,0.0
1,1,1,1171,449,9.322919446114886,0,1.0,0,0,0,0.0
1,1,1,32417,1288,9.32232532615646,0,1.0,0,0,0,68.0
0,1,1,46468,7940,9.321954924098003,0,1.0,0,0,0,0.0
1,1,1,12948,18062,9.319865094706667,0,5.0,0,0,0,0.0
1,1,1,60547,2293,9.319499224044767,0,2.0,0,0,0,0.0
0,1,1,23168,15065,9.319472606051004,0,1.0,0,0,0,0.0
1,1,1,50103,72742,9.319442153798612,0,2.0,0,0,0,0.0
0,1,1,49496,4646,9.319045799196235,0,1.0,0,0,0,73.0
0,1,1,2438,317,9.315509345220017,0,1.0,0,0,0,0.0
0,1,1,10527,525,9.315149653735238,0,1.0,0,0,0,0.0
0,1,1,8260,67,9.313728759877655,0,1.0,0,0,0,0.0
1,1,1,9710,4647,9.31360999292453,0,1.0,0,0,0,0.0
1,1,1,42117,2140,9.31329761175486,0,1.0,0,0,0,0.0
1,1,1,2877,66,9.312958644279512,0,1.0,0,0,0,0.0
0,1,1,105765,443,9.31288389208036,0,5.0,0,0,0,0.0
0,1,1,376,731,9.31278822574325,0,1.0,0,0,0,0.0
1,1,1,574,2769,9.312621387960908,0,1.0,0,0,0,0.0
0,1,1,8653,38923,9.310046667449845,0,1.0,0,0,0,0.0
0,1,1,2191,912,9.308113060331433,0,1.0,0,0,0,0.0
0,1,1,268,1,9.307499452199,0,1.0,0,0,0,0.0
1,7,3,32048,3375,9.306154419623644,0,106.0,0,33,55,234.1428571428571
0,1,1,930,385,9.30606490077557,0,1.0,0,0,0,0.0
1,1,1,6834,212,9.30508599236682,0,4.0,0,1,0,145.0
0,1,1,796,15,9.304414711914568,0,1.0,0,0,0,0.0
0,1,1,136,15,9.304145014599182,0,1.0,0,0,0,0.0
0,1,1,10035,547,9.303888784721115,0,3.0,0,0,0,0.0
0,1,1,14306,1498,9.303488595860117,0,1.0,0,0,41,107.8
0,1,1,10212,24612,9.30071874010429,0,1.0,0,0,0,0.0
0,1,1,1722,1,9.30022063505194,0,1.0,0,0,0,0.0
0,1,1,57,1,9.299586556414782,0,2.0,0,0,0,0.0
1,1,1,5,1,9.299122737873448,0,1.0,0,0,0,0.0
1,1,1,2009,197,9.297938870912716,0,1.0,0,0,0,0.0
0,1,1,61991,7200,9.297358788777194,0,1.0,0,1,12,103.0
1,1,1,59626,46,9.297057530126343,0,1.0,0,0,0,170.0
0,1,1,-11,1,9.296119752855576,0,1.0,0,0,0,0.0
1,1,1,12068,25674,9.294712484875756,0,1.0,1,0,1,143.23529411764707
0,1,1,84773,2440,9.293632491466878,0,2.0,0,0,0,0.0
1,1,1,311593,1549,9.292384519504498,0,1.0,0,0,0,0.0
1,1,1,65020,1275,9.291903526019569,0,2.0,0,12,40,85.76785714285714
1,1,1,187,236,9.291703922754428,0,1.0,0,0,0,0.0
1,1,1,1076,6,9.29143599997196,0,1.0,0,0,0,29.0
1,1,1,4781,5291,9.291420758001722,0,1.0,0,0,0,0.0
1,1,1,193,176,9.291254902550104,0,1.0,0,0,0,0.0
1,1,1,9680,49,9.290594142543004,0,3.0,0,1,46,104.93548387096774
0,1,1,39,1,9.289326016956776,0,1.0,0,0,0,0.0
0,1,1,3955,257,9.288744160288337,0,1.0,0,0,0,0.0
1,1,1,1729,2195,9.287040988944506,0,1.0,0,0,0,0.0
1,1,1,11984,141,9.287014719519709,0,1.0,0,1,30,69.4
1,1,1,110166,21716,9.286963860138767,0,7.0,0,2,0,78.0
0,1,1,1229,4746,9.28691857786128,0,2.0,0,0,0,0.0
1,1,1,518573,18795,9.286448580142824,1,6.0,0,0,0,0.0
1,1,1,39161,1646,9.285520372674574,0,2.0,0,0,0,0.0
0,1,1,1114,22,9.285465235401778,0,1.0,0,0,0,0.0
1,1,1,1617,2332,9.284587728874031,0,2.0,0,0,0,0.0
1,1,1,178307,40411,9.283400851544958,1,1.0,0,0,0,0.0
0,1,1,1300,788,9.282447356982631,0,1.0,0,0,0,0.0
0,1,1,3302,612,9.281622199175956,0,6.0,0,0,0,0.0
0,1,1,27514,27193,9.279723258825612,0,1.0,0,0,0,0.0
1,6,3,48929,6699,9.276306459068977,0,84.0,0,219,52,113.46634615384616
1,1,1,131,34,9.275443782566327,0,1.0,0,0,0,0.0
0,1,1,46658,18564,9.275319185005044,0,3.0,0,0,42,56.92857142857143
0,1,1,12066,6460,9.27398369054412,0,1.0,0,0,0,0.0
0,1,1,125,1,9.273347235300376,0,1.0,0,0,0,0.0
1,1,1,148,97,9.272208397112427,0,1.0,0,0,0,0.0
0,6,3,42364,56,9.271920542522723,0,92.0,0,56,53,147.1326530612245
1,1,1,26186,1028,9.268930993254086,0,1.0,0,0,0,0.0
1,2,2,60035,29306,9.268272799982102,0,16.0,0,18,52,111.1153846153846
1,1,1,17431,49,9.267257165079574,0,1.0,0,0,0,0.0
1,1,1,4102,328,9.267241479476104,0,1.0,0,0,0,0.0
0,2,2,5798,11288,9.26682563669972,0,10.0,0,0,0,0.0
1,1,1,53125,8094,9.265053860645777,0,1.0,0,0,0,0.0
0,1,1,2034,361,9.264588584452405,0,1.0,0,0,0,0.0
1,1,1,3372,461,9.26431698585175,0,9.0,0,12,53,123.52380952380952
0,1,1,132149,854,9.262199492759752,0,4.0,0,7,27,64.92307692307692
1,1,1,6371,1042,9.261488855702437,0,1.0,0,0,0,0.0
1,1,1,1446,22,9.261073868504422,0,1.0,0,0,0,0.0
1,1,1,133038,14,9.26107345655928,0,6.0,0,5,50,168.41666666666666
0,1,1,12997,1819,9.2608042662533,0,2.0,0,0,0,0.0
0,1,1,18253,10088,9.259742493494915,0,2.0,0,0,0,0.0
0,2,2,49948,2733,9.259331689124494,0,11.0,0,0,0,0.0
0,1,1,695,1,9.259257317182396,0,1.0,0,0,0,0.0
1,1,1,887,149,9.258843439067457,0,1.0,0,0,0,0.0
1,1,1,146963,86539,9.25863461456876,0,9.0,0,0,0,0.0
1,1,1,17187,673,9.258404052041827,0,2.0,0,1,22,104.6
1,1,1,10485,1340,9.25813685808538,0,2.0,0,0,0,0.0
1,1,1,4511,245,9.257173762032448,0,1.0,0,0,0,0.0
1,1,1,45167,61,9.256350822391918,0,1.0,0,0,0,0.0
0,1,1,22,38,9.256135723651836,0,1.0,0,0,0,0.0
1,1,1,10211,16248,9.25475507366578,0,1.0,0,0,0,0.0
0,2,2,9297,117,9.25434059347717,0,18.0,0,11,48,34.17142857142857
0,2,2,8040,77,9.254011639437572,0,13.0,0,0,0,0.0
0,7,3,59971,123,9.253873352622351,0,297.0,0,114,47,106.30935251798562
0,1,1,5553,808,9.253435106367885,0,1.0,0,0,0,0.0
0,1,1,1729,127,9.252617363573757,0,1.0,0,0,0,0.0
1,1,1,4343,17,9.251405642783835,0,5.0,0,0,0,0.0
1,1,1,3349,79,9.250019257253884,0,1.0,0,0,0,0.0
0,1,1,43546,7177,9.249115005980022,0,5.0,0,0,0,0.0
0,2,2,24812,4582,9.248790203079928,0,14.0,0,1,0,475.0
1,1,1,21,10,9.248438750497982,0,1.0,0,0,0,0.0
0,1,1,304,1,9.248359815471238,0,3.0,0,0,0,0.0
1,1,1,87210,7846,9.247736795976726,0,2.0,0,0,0,0.0
0,1,1,515875,1459,9.24636628617877,0,1.0,0,0,0,0.0
0,1,1,38373,1165,9.246108376832051,0,1.0,0,0,0,0.0
1,1,1,18745,7030,9.244741923109334,0,1.0,0,0,0,0.0
1,1,1,4,1,9.244062657258953,0,1.0,0,0,0,0.0
1,1,1,386,135,9.24318134816067,0,1.0,0,0,0,0.0
0,1,1,732,8,9.243100416784392,0,2.0,0,0,0,0.0
0,1,1,8536,1232,9.242750833799628,0,1.0,0,0,0,0.0
1,1,1,7932,66,9.24234085331949,0,1.0,0,0,0,0.0
1,1,1,40335,6514,9.242148538314549,0,1.0,0,1,4,29.75
1,1,1,5443,2068,9.240533142973964,0,1.0,0,0,0,0.0
1,1,1,36332,987,9.24042838215565,0,1.0,0,0,0,0.0
0,1,1,1606,4,9.240368428293506,0,2.0,0,0,0,0.0
1,2,2,330346,2483,9.239713213701776,0,10.0,0,0,0,95.0
1,1,1,27046,4292,9.23933333690506,0,1.0,0,0,0,0.0
1,1,1,2195,1982,9.239248729710598,0,1.0,0,0,0,0.0
1,1,1,14723,18711,9.238843882700683,0,4.0,0,0,0,0.0
0,1,1,214,40,9.238281736022865,0,1.0,0,0,0,0.0
1,1,1,3404,3242,9.237595657233603,0,1.0,0,4,21,92.5
0,1,1,6022,367,9.237166980781655,0,1.0,0,0,0,0.0
1,1,1,98602,10354,9.23645745280741,0,1.0,0,1,42,32.71875
1,1,1,1949,303,9.23475257030684,0,2.0,0,0,1,100.66666666666669
1,1,1,11270,2941,9.234578571016652,0,1.0,0,1,0,27.0
0,1,1,12631,7138,9.23444627325003,0,1.0,0,0,0,0.0
0,1,1,263,54,9.234246448168276,0,1.0,0,0,0,0.0
1,1,1,6519,1000,9.23228939186488,0,1.0,0,0,0,0.0
0,1,1,31705,1963,9.231536958219737,0,1.0,0,0,0,0.0
1,1,1,27743,1175,9.231279492506248,0,1.0,0,0,0,0.0
1,1,1,3716,9621,9.23061277513864,0,4.0,0,0,0,0.0
0,1,1,24464,468,9.22951513146485,0,1.0,0,0,0,0.0
0,1,1,18959,511,9.229113263135192,0,1.0,0,2,3,125.33333333333331
1,1,1,62550,1189,9.228597602882196,0,2.0,0,1,0,44.0
1,1,1,35433,1899,9.227860316143026,0,2.0,0,0,0,0.0
1,1,1,1357,2617,9.227653456305775,0,4.0,0,12,1,142.03846153846155
1,1,1,18544,3707,9.2271148538772,0,1.0,0,0,0,0.0
1,1,1,35928,438,9.226635888429891,0,1.0,0,0,0,0.0
1,1,1,4169,6933,9.226477416302734,0,1.0,0,0,0,0.0
0,1,1,10724,28251,9.226443795241565,0,1.0,0,0,0,0.0
1,1,1,81,451,9.22635959999224,0,1.0,0,0,0,0.0
0,1,1,26885,6282,9.223982613149134,0,5.0,0,0,0,0.0
1,7,3,21542,70,9.223762602755444,0,140.0,0,25,32,136.10795454545453
0,1,1,68,1,9.223653849238064,0,1.0,0,0,0,0.0
0,1,1,21682,2284,9.223165218923972,0,1.0,0,0,0,0.0
0,1,1,54600,1733,9.223122851950563,0,1.0,0,0,0,0.0
1,1,1,18775,1003,9.223061630564908,0,1.0,0,0,0,0.0
0,1,1,1666,5901,9.22217052984749,0,1.0,0,0,0,0.0
0,1,1,603,1,9.22170360587355,0,2.0,0,0,0,0.0
0,1,1,2995,408,9.221275848376148,0,1.0,0,0,0,0.0
0,1,1,2021,10748,9.221179675029632,0,1.0,0,0,0,0.0
1,1,1,74524,77699,9.22110736281324,0,3.0,1,0,0,16.16
0,1,1,408928,71731,9.221049943998125,1,1.0,0,0,0,0.0
1,5,3,476108,1050,9.221015752551372,0,43.0,0,0,3,104.66666666666669
0,1,1,30065,85229,9.220991923109334,0,1.0,0,0,0,0.0
1,1,1,6960,1706,9.220806389355184,0,1.0,0,0,0,0.0
0,1,1,1424,5314,9.220601525867464,0,1.0,0,0,0,0.0
0,1,1,374,2320,9.220573576974012,0,1.0,0,0,0,0.0
0,1,1,158682,3607,9.21998550944036,0,1.0,0,1,17,149.58823529411765
0,1,1,35907,6384,9.219516810933504,0,1.0,0,0,0,0.0
1,1,1,6480,332,9.218667855372878,0,1.0,0,0,0,0.0
1,1,1,6079,38,9.21865318378822,0,9.0,0,0,0,0.0
0,1,1,9803,27,9.21847126247608,0,1.0,0,0,0,0.0
1,2,2,132399,26914,9.218277204626308,0,17.0,0,0,0,0.0
0,1,1,67498,3413,9.218063436785911,0,1.0,0,0,0,0.0
0,1,1,33566,21,9.217973094047556,0,2.0,0,0,0,0.0
1,1,1,21054,1270,9.217729507716529,0,2.0,0,0,0,0.0
1,2,2,17391,328,9.217289645369585,0,15.0,0,0,0,0.0
0,1,1,175273,1574,9.217217998603036,0,4.0,0,0,0,23.0
0,1,1,198,1,9.215381230280984,0,1.0,0,0,0,0.0
1,1,1,259,69,9.213841949727328,0,1.0,0,0,0,0.0
1,1,1,15132,2513,9.212912633176009,0,1.0,0,0,0,0.0
1,1,1,806792,12907,9.212742816713412,0,1.0,0,0,0,0.0
1,1,1,41224,37858,9.21250626513788,0,1.0,0,3,22,23.333333333333332
0,1,1,85217,15450,9.2120113605824,0,1.0,0,0,0,0.0
0,1,1,2113,434,9.212006227112177,0,5.0,0,5,48,172.0
1,1,1,1538,9141,9.21065888130641,0,2.0,0,0,0,0.0
1,1,1,327,1,9.210387884779424,0,1.0,0,0,0,0.0
1,1,1,4502,7734,9.210177919509569,0,3.0,0,0,0,0.0
1,1,1,247726,52372,9.209955881078256,0,4.0,0,6,29,15.9
0,1,1,1624,23,9.209809640552994,0,1.0,0,0,0,0.0
0,3,2,40230,3541,9.20942003551332,0,23.0,0,0,0,0.0
0,1,1,982,62,9.208754173724085,0,2.0,0,5,47,189.33333333333337
0,3,2,3458,9,9.2082145572767,0,24.0,0,0,0,0.0
1,1,1,11495,2534,9.207865227796637,0,1.0,0,0,0,0.0
0,1,1,36439,5217,9.207423432476334,0,2.0,0,0,0,0.0
1,1,1,5064,416,9.20737361880229,0,1.0,0,1,0,29.333333333333332
0,1,1,23439,233,9.207117325548053,0,1.0,0,0,0,0.0
0,1,1,995893,143,9.206608414857756,1,6.0,0,0,0,0.0
1,1,1,8107,680,9.206556129512864,0,1.0,0,0,0,0.0
0,1,1,681,1111,9.20515786094998,0,1.0,0,2,35,152.33333333333334
1,2,2,8202,24,9.204085440994092,0,19.0,0,0,0,0.0
1,6,3,51725,135,9.20381251149375,0,63.0,0,10,48,72.17073170731707
1,1,1,43058,8246,9.20280704846741,0,1.0,0,0,0,0.0
0,1,1,3815,4,9.202441114429334,0,3.0,0,0,0,0.0
1,1,1,20414,495,9.202286001239484,0,1.0,0,0,0,0.0
1,1,1,89850,35327,9.202158963695435,0,1.0,0,0,0,0.0
0,1,1,1860,45,9.20198933736137,0,1.0,0,0,0,0.0
0,1,1,6704,1,9.20158635994864,0,1.0,0,0,0,0.0
0,1,1,103043,42047,9.20117450987132,1,6.0,0,0,0,28.0
1,1,1,383,552,9.201142219709835,0,1.0,0,0,0,0.0
0,1,1,49953,66063,9.20078382743666,0,3.0,0,0,0,0.0
1,1,1,24816,5168,9.200620570408242,0,1.0,0,0,0,0.0
1,1,1,18873,10085,9.199822759421348,1,1.0,0,0,0,0.0
1,1,1,10646,9339,9.19978692019403,0,1.0,0,0,0,6.0
1,1,1,8113,2683,9.199321358807866,0,1.0,0,0,0,0.0
1,1,1,3845,545,9.198866793188175,0,6.0,0,2,45,109.0
0,3,2,18061,1980,9.197033637308133,0,21.0,0,0,0,0.0
0,1,1,103005,4179,9.196090916695669,0,1.0,0,0,0,0.0
0,1,1,6330,90,9.19599794384602,0,4.0,0,0,0,0.0
1,2,2,1204,74,9.195853953174993,0,13.0,0,0,0,0.0
0,1,1,9282,1493,9.195013553398075,0,1.0,0,0,3,79.22222222222223
0,1,1,562,84,9.193790139703752,0,1.0,0,0,0,0.0
1,1,1,4560,7195,9.192577943592514,0,1.0,0,0,0,0.0
1,1,1,35768,1939,9.191740839376733,0,4.0,0,0,0,0.0
1,1,1,3925,79,9.188509351557633,0,1.0,0,0,0,0.0
0,1,1,3358,393,9.18815406471706,0,1.0,0,0,0,0.0
0,1,1,36,8,9.187910510074124,0,1.0,0,0,0,0.0
1,1,1,15067,457,9.187799570078688,0,4.0,0,0,0,81.0
1,1,1,6874,4676,9.187621102768118,0,1.0,0,0,0,3.0
1,1,1,2911,1163,9.18717591682242,0,2.0,0,0,0,0.0
0,1,1,1104,1,9.186756588356376,0,2.0,0,1,38,73.16
1,1,1,68485,1661,9.186232847640984,0,4.0,0,0,0,13.0
1,1,1,12109,184,9.18580528027211,0,1.0,0,0,0,0.0
0,2,2,1638,1,9.185542934593098,0,10.0,0,0,0,0.0
1,1,1,39682,30479,9.185385096227696,0,1.0,0,0,0,0.0
1,1,1,3481,2372,9.184585605772147,0,1.0,0,0,0,0.0
0,1,1,10010,3813,9.184499826118437,0,1.0,0,0,0,0.0
0,1,1,50905,661,9.184400674091666,0,2.0,0,0,0,0.0
1,1,1,11687,2175,9.183272990110629,0,1.0,0,1,0,29.0
1,1,1,113,48,9.182998222701192,0,3.0,0,0,0,0.0
1,1,1,10783,1185,9.18238667429447,0,1.0,0,0,0,0.0
1,1,1,5465,535,9.18158531424174,0,1.0,0,0,0,0.0
0,1,1,3127,7256,9.181563354396886,0,1.0,0,0,0,0.0
0,1,1,4064,851,9.180812663596573,0,1.0,0,0,0,0.0
1,1,1,18,1,9.179672209316143,0,1.0,0,1,0,119.0
1,1,1,36376,334,9.177139253704818,0,2.0,0,0,0,0.0
0,1,1,185322,24940,9.176786977232588,0,1.0,0,0,0,0.0
0,1,1,459,69,9.176216084642531,0,4.0,0,0,0,0.0
1,1,1,39345,217,9.174710742030928,0,2.0,0,3,31,95.55555555555556
1,1,1,199,53,9.174451248279818,0,1.0,0,0,0,0.0
0,1,1,6745,2143,9.174370792224858,0,1.0,0,0,0,0.0
0,1,1,91431,2182,9.173284017565187,0,2.0,0,0,0,0.0
1,1,1,10509,116962,9.171824559304737,0,1.0,0,0,0,0.0
1,2,2,27616,1359,9.171743754680811,0,12.0,0,0,0,0.0
1,1,1,1161,76,9.171566808398458,0,1.0,0,0,0,0.0
1,1,1,62477,42255,9.170880476104491,0,1.0,0,0,0,0.0
1,1,1,9608,2363,9.17007540854549,0,1.0,0,2,19,20.5
0,1,1,673,1,9.169584211496284,0,4.0,0,0,0,0.0
0,2,2,15495,1586,9.169358243742083,0,17.0,0,0,0,0.0
0,1,1,130,1,9.168916321669428,0,1.0,0,0,0,0.0
0,1,1,1384,56,9.168803290260197,0,1.0,0,0,0,0.0
0,1,1,68,1,9.168115405249928,0,1.0,0,0,0,0.0
1,1,1,61771,12283,9.167258907924404,0,1.0,0,1,23,87.5
1,1,1,56241,25611,9.166872281564984,0,1.0,0,0,0,0.0
0,1,1,18097,522,9.165900851544958,0,9.0,0,0,0,0.0
1,1,1,62741,14286,9.16571379676259,0,1.0,0,0,0,117.16666666666669
0,1,1,47137,12662,9.165615753818894,0,3.0,0,1,42,132.8125
1,1,1,13050,2065,9.165388772045883,0,7.0,0,0,0,0.0
1,1,1,99204,7013,9.165275550508124,0,1.0,0,0,0,0.0
1,1,1,22356,581,9.164017501733818,0,4.0,0,0,0,0.0
0,1,1,30077,2383,9.16304756105392,0,1.0,0,0,30,82.83333333333333
0,1,1,39912,2753,9.161173495852507,0,6.0,0,0,0,0.0
0,1,1,97,1,9.160358193041144,0,1.0,0,0,0,0.0
0,1,1,10810,2755,9.160162835979769,0,1.0,0,0,0,0.0
1,1,1,49199,431,9.159186684434658,0,6.0,0,0,0,0.0
1,1,1,101278,1292,9.158946773921818,0,1.0,0,1,0,110.0
0,2,2,28439,3152,9.158329870228254,0,17.0,0,0,0,0.0
1,1,1,6051,134,9.158193611450654,0,5.0,0,0,0,0.0
1,1,1,2841,796,9.158131978119856,0,1.0,0,13,20,80.82608695652173
1,1,1,2748,317,9.157704822696122,0,1.0,0,0,0,0.0
1,1,1,6966,1842,9.157638372775976,0,1.0,0,0,0,0.0
0,1,1,37515,8416,9.15677737574198,0,2.0,0,0,0,0.0
1,1,1,12840,7131,9.155769567797144,0,3.0,0,2,12,188.71428571428572
1,1,1,11196,72,9.152923533878214,0,3.0,0,0,0,0.0
0,1,1,82674,11701,9.152677127307372,0,1.0,0,1,0,2.0
1,1,1,102978,16720,9.152294398582756,0,1.0,0,0,0,0.0
0,1,1,2093,72,9.151657468017692,0,1.0,0,0,0,0.0
1,1,1,70,1,9.15026892769777,0,1.0,0,0,0,0.0
1,1,1,88095,18267,9.1494648107814,1,2.0,0,0,0,0.0
1,1,1,28442,4433,9.14933755142074,0,1.0,0,0,0,0.0
1,1,1,22638,5476,9.149289480591529,0,1.0,0,0,0,0.0
0,1,1,103916,10936,9.149020765606863,0,1.0,0,0,0,0.0
0,1,1,12133,10922,9.148843312315105,0,1.0,0,0,0,0.0
1,1,1,13187,976,9.14837746573615,0,2.0,0,0,0,0.0
1,1,1,40479,23315,9.147328590029506,0,1.0,0,0,0,0.0
1,1,1,48275,20666,9.147079743475905,0,1.0,0,0,0,0.0
1,1,1,3754,377,9.146143455545262,0,1.0,0,0,0,0.0
0,1,1,3806,175,9.145339877326386,0,1.0,0,0,0,0.0
1,1,1,95627,1672,9.145016025068928,0,1.0,0,0,0,303.0
1,1,1,76663,18093,9.145001290108093,0,3.0,0,0,0,0.0
1,1,1,1650,97,9.142099865411664,0,1.0,0,0,0,0.0
1,1,1,183,1718,9.141413501429613,0,2.0,0,0,0,0.0
1,1,1,22322,1947,9.141247360785204,0,1.0,0,2,38,43.793103448275865
1,1,1,231,1,9.141133600549953,0,4.0,0,0,0,0.0
0,1,1,27071,3587,9.140239172583312,0,1.0,0,0,0,0.0
0,1,1,7225,2827,9.139991435112783,0,2.0,0,0,0,0.0
1,1,1,3597,7482,9.138977543055084,0,1.0,0,0,0,0.0
1,1,1,4350,540,9.138658475698886,0,1.0,0,0,0,0.0
0,1,1,1327,404,9.138567689327298,0,1.0,0,0,0,0.0
0,1,1,141579,7713,9.137162639513624,0,1.0,0,1,32,53.125
0,1,1,8440,11685,9.136259529010925,0,1.0,0,0,0,0.0
0,1,1,828,2801,9.135398531976929,0,1.0,0,0,0,0.0
0,1,1,1379,8153,9.133390616292594,0,1.0,0,0,0,0.0
0,1,1,1760,75,9.132968372522472,0,1.0,0,0,0,0.0
0,1,1,4331,72,9.132483893347883,0,2.0,0,0,0,0.0
1,1,1,51189,5537,9.131829249141733,0,6.0,0,2,38,85.66666666666667
1,1,1,8845,607,9.131622484368746,0,1.0,0,0,0,0.0
0,1,1,3604,47,9.131498995890537,0,1.0,0,0,28,89.0
0,7,3,18570,849,9.13126117679149,0,209.0,0,112,52,228.85813148788927
1,1,1,114,1,9.13119101936507,0,1.0,0,2,85,188.5
0,1,1,147,69,9.131108028263084,0,2.0,0,0,0,0.0
1,1,1,1158,415,9.130900819856867,0,1.0,0,0,0,0.0
0,1,1,14142,1672,9.130601430803203,0,3.0,0,0,0,0.0
1,1,1,6264,3740,9.130537325801557,0,1.0,0,0,0,0.0
1,1,1,863,1234,9.12961906839288,0,1.0,0,0,0,0.0
0,1,1,48018,29432,9.129217136687046,0,1.0,0,0,0,0.0
1,3,2,43252,1676,9.128100480160567,0,20.0,0,0,0,154.0
1,1,1,60432,67,9.126148652391665,0,1.0,0,0,0,0.0
0,1,1,98187,3509,9.125050438332291,0,5.0,0,0,0,0.0
0,1,1,6782,424,9.12436378915745,0,1.0,0,0,0,0.0
0,1,1,1217,210,9.124274682254518,0,1.0,0,0,0,0.0
1,1,1,4140,3934,9.122872737873449,0,1.0,0,0,0,0.0
0,1,1,4031,572,9.122542326181811,0,2.0,0,0,0,0.0
1,1,1,1283,439,9.122355176335182,0,1.0,0,1,0,18.0
1,1,1,44806,4,9.121887967168451,0,2.0,0,0,0,0.0
1,1,1,53926,4460,9.11930611683763,0,5.0,0,0,18,46.25
0,1,1,1229,236,9.118843058810402,0,1.0,0,0,0,0.0
1,1,1,55384,2283,9.118830225134838,0,2.0,0,2,1,77.0
0,1,1,1877,163,9.118223746822164,0,7.0,0,0,0,0.0
0,1,1,102108,12984,9.1178741638374,0,1.0,0,0,0,0.0
0,1,1,1442,4392,9.117028662278347,0,1.0,0,0,0,0.0
1,1,1,53447,19,9.1143764010164,0,1.0,0,0,0,0.0
0,1,1,260,88,9.113948580142823,0,1.0,0,0,0,0.0
0,1,1,6038,124,9.113811846043903,0,1.0,0,0,0,0.0
1,1,1,22519,999,9.113438433617103,0,1.0,0,0,0,0.0
0,1,1,15020,5079,9.11310174768408,0,1.0,0,0,0,0.0
0,1,1,5672,503,9.112603991200698,0,2.0,0,0,0,0.0
0,1,1,11416,1713,9.111848769003826,0,2.0,0,0,0,0.0
1,1,1,42,221,9.111288808804064,0,1.0,0,0,0,0.0
0,1,1,9586,5338,9.110677925847186,0,1.0,0,0,0,0.0
1,1,1,163650,26104,9.10891571959576,0,5.0,0,9,32,37.6875
1,1,1,10593,42,9.108622826600095,0,3.0,0,0,0,0.0
0,1,1,484,8,9.107876540443986,0,1.0,0,0,0,0.0
0,1,1,57752,6571,9.10659329963987,0,2.0,0,0,0,0.0
0,1,1,12,77,9.106431785456282,0,1.0,0,0,0,0.0
0,1,1,5362,11449,9.106295494990594,0,1.0,0,0,0,0.0
1,1,1,2451,1783,9.10568394658387,0,1.0,0,0,0,0.0
1,1,1,3570,86,9.10545534871838,0,1.0,0,0,0,0.0
0,1,1,3773,115,9.10523749311466,0,1.0,0,0,0,0.0
0,1,1,2721,684,9.105187806192966,0,1.0,0,0,0,0.0
0,1,1,2179,69,9.104857552941768,0,1.0,0,1,0,49.0
0,1,1,30926,140,9.103023985116586,0,1.0,0,0,0,0.0
1,1,1,7387,5,9.102610233753998,0,1.0,0,0,0,0.0
0,1,1,90505,8031,9.100422931804546,0,1.0,0,0,0,39.0
0,1,1,9749,122,9.100056047123836,0,1.0,0,0,0,0.0
1,1,1,1003,134,9.09961257233488,0,1.0,0,0,0,0.0
0,1,1,5242,1702,9.098722644076709,0,1.0,0,0,0,0.0
0,1,1,7342,3300,9.09846967807169,0,1.0,0,0,0,0.0
0,1,1,67,107,9.097920491821784,0,1.0,0,0,0,0.0
0,1,1,1390,777,9.097656213169415,0,1.0,0,1,0,504.0
0,1,1,8449,3406,9.09674464194727,0,1.0,0,0,0,0.0
0,1,1,9326,614,9.096338115468702,0,6.0,0,0,0,0.0
1,1,1,6272,10637,9.095842640527644,0,1.0,0,1,0,34.0
0,1,1,17270,21165,9.095271874689937,0,2.0,0,0,0,0.0
0,1,1,2864,81,9.095069261056452,0,3.0,0,0,9,69.75
0,1,1,192,1,9.09505902580409,0,2.0,0,0,0,0.0
1,1,1,12181,128,9.09331383605582,0,1.0,0,0,0,0.0
1,1,1,3758,34,9.092859460564656,0,1.0,0,0,0,0.0
1,1,1,2994,12,9.09280765054108,0,2.0,0,0,0,0.0
0,1,1,54055,320,9.092645217402945,1,2.0,0,1,28,51.53846153846154
1,1,1,27306,395,9.092553987398128,0,1.0,0,0,0,0.0
0,1,1,2644,108,9.092039879861431,0,2.0,0,0,0,0.0
1,1,1,11615,9885,9.091985312974217,0,2.0,0,0,0,0.0
1,1,1,2223,166,9.091532521887444,0,1.0,0,2,15,66.88888888888889
0,1,1,42199,1690,9.088937204119295,0,1.0,0,0,0,0.0
0,1,1,28182,3353,9.087760181785534,0,2.0,0,0,0,0.0
1,1,1,10714,189,9.086997481199935,0,3.0,0,0,0,0.0
0,1,1,5349,450,9.085899615709533,0,1.0,0,0,0,0.0
1,1,1,3090,2,9.084668248305167,0,1.0,0,1,0,133.0
0,1,1,75565,15074,9.084479704182671,0,1.0,0,0,0,0.0
0,1,1,1738,159,9.084147549646207,0,1.0,0,0,0,0.0
1,1,1,11804,4567,9.083870247189749,0,1.0,0,0,0,0.0
0,1,1,10102,5490,9.082045393588713,0,2.0,0,4,42,122.66666666666669
0,1,1,34505,24146,9.081161929700457,0,4.0,0,0,0,0.0
0,1,1,35704,3864,9.080947147841254,0,2.0,0,0,0,0.0
0,1,1,7242,260,9.080357812784088,0,1.0,0,0,0,0.0
0,1,1,35931,3952,9.079271766950438,0,2.0,0,0,31,16.75
0,1,1,13006,2347,9.079253894868913,0,6.0,0,1,0,121.0
0,1,1,5810,975,9.078743748343191,0,2.0,0,0,0,0.0
0,1,1,23747,7500,9.078574977587497,0,1.0,0,0,0,0.0
1,1,1,138,230,9.078048321568026,0,1.0,0,2,26,82.0
1,2,2,23236,520,9.077648386211726,0,10.0,0,51,20,30.03125
1,1,1,2117,508,9.076624417342105,1,1.0,0,0,0,0.0
1,1,1,6441,4301,9.076361818158388,0,1.0,0,0,0,0.0
0,2,2,16433,12853,9.075779961489946,0,13.0,0,0,0,0.0
1,1,1,-12,36,9.075597628232664,0,1.0,0,0,0,0.0
1,1,1,10518,4311,9.075368301541156,0,3.0,0,0,0,0.0
1,1,1,1317,1,9.074916587849366,0,1.0,0,0,0,0.0
0,1,1,18320,1480,9.074890350112655,0,3.0,0,0,0,0.0
0,1,1,10822,4317,9.07372495730712,0,1.0,0,0,0,0.0
1,5,3,17814,25986,9.072930980578851,0,43.0,0,0,0,0.0
1,1,1,32366,4154,9.072641858465635,0,3.0,0,0,0,0.0
0,1,1,3281,25906,9.0715334091539,0,1.0,0,0,0,0.0
0,1,1,27659,1419,9.07141876165219,1,2.0,0,0,0,0.0
1,1,1,64,1,9.0707135115698,0,2.0,0,1,0,83.0
1,1,1,1749,147,9.070707997842522,0,3.0,0,0,0,0.0
0,1,1,1257,3277,9.070548670136992,0,1.0,0,0,0,0.0
1,1,1,103113,8224,9.070283472530075,0,2.0,0,0,0,0.0
1,1,1,648,1,9.070265505384286,0,1.0,0,0,0,0.0
1,1,1,5751,442,9.07023831700494,0,2.0,0,0,0,0.0
0,1,1,21943,16078,9.0701747190127,0,1.0,0,0,0,0.0
1,1,1,7706,1673,9.068149374880065,0,1.0,0,1,0,34.0
0,1,1,9579,3021,9.06678957565579,0,4.0,0,2,3,254.0
0,1,1,16636,63,9.065072017920096,0,2.0,0,0,0,0.0
0,1,1,13421,3959,9.06497334121464,0,9.0,0,1,2,140.5
1,1,1,890,7090,9.064765435670491,0,1.0,0,0,0,0.0
0,2,2,2790,34,9.064194004382944,0,13.0,0,1,0,40.0
0,1,1,2165,1401,9.063842393360558,0,2.0,0,0,0,0.0
0,1,1,35079,13462,9.063558848350798,0,2.0,0,0,0,0.0
1,1,1,17428,5096,9.061883911093211,0,4.0,0,0,0,0.0
1,1,1,1240,1145,9.061704556516183,0,2.0,0,0,0,0.0
0,2,2,6703,446,9.06161126678566,0,10.0,0,0,17,52.833333333333336
0,1,1,926,97,9.060466724741906,1,1.0,0,0,0,0.0
0,1,1,1269,71,9.06020919565224,0,1.0,0,0,0,0.0
1,1,1,2202,1168,9.059754946913426,0,1.0,0,0,0,0.0
0,1,1,276,215,9.059528979159223,0,1.0,0,0,0,0.0
1,1,1,4699,226,9.059321580624482,0,1.0,0,0,0,0.0
0,1,1,4759,5,9.05871595789018,0,1.0,0,0,0,0.0
0,1,1,3211,3496,9.058535525918169,0,2.0,0,0,0,0.0
1,1,1,3407,84,9.057752228075492,0,1.0,0,0,0,0.0
0,2,2,30118,49,9.057592551800996,0,13.0,0,1,26,106.255
1,1,1,6499,3450,9.057013356931932,0,1.0,0,0,0,0.0
0,1,1,69343,663,9.05698715088331,0,8.0,0,0,42,110.3013698630137
1,1,1,340,189,9.05679927221066,0,1.0,0,0,0,0.0
0,1,1,139,34,9.05667445283276,0,1.0,0,0,0,0.0
1,1,1,193169,21541,9.056494527870154,0,1.0,0,0,0,0.0
0,1,1,821,126,9.056439707478235,0,1.0,0,0,0,0.0
1,1,1,131075,4337,9.055052719874617,0,4.0,0,1,23,36.31481481481482
0,1,1,8709,14647,9.054764389963594,0,1.0,0,0,0,0.0
0,1,1,15579,3098,9.054492157601183,0,3.0,0,0,0,0.0
1,1,1,12358,1,9.054192134785762,0,1.0,0,0,0,0.0
1,1,1,507,15,9.053946076783886,0,1.0,0,0,0,0.0
0,1,1,31367,574,9.053255815167033,0,1.0,0,0,0,0.0
1,1,1,107217,1060,9.05270688242183,0,2.0,0,0,0,0.0
1,1,1,3616,462,9.05169695137511,0,1.0,0,0,0,0.0
1,1,1,18899,135,9.051674484520849,0,2.0,0,1,28,49.13333333333333
1,1,1,135700,3137,9.051665865360963,0,2.0,0,0,0,69.5
0,6,3,97901,220,9.051030804393084,0,94.0,0,8,10,77.21428571428571
0,1,1,2131,3988,9.050568792072754,0,1.0,0,0,0,0.0
0,1,1,18914,6036,9.050239838033155,0,1.0,0,1,0,226.0
0,1,1,2258,493,9.049962123631555,0,1.0,0,0,0,0.0
1,1,1,125,31,9.049653608408596,0,1.0,0,0,0,0.0
1,1,1,8267,1007,9.049526634240726,0,1.0,0,0,0,0.0
1,1,1,331,54,9.049231016069507,0,1.0,0,0,0,0.0
0,1,1,4627,599,9.04844125385692,0,1.0,0,0,0,0.0
1,1,1,7363,21237,9.048265163152935,0,3.0,0,0,0,0.0
0,1,1,9432,946,9.04765168177286,0,1.0,0,0,0,0.0
0,1,1,2813,451,9.047432241764746,0,5.0,0,0,0,0.0
0,1,1,11303,23656,9.047357426189418,0,1.0,0,0,0,0.0
1,1,1,587,31,9.047344687578116,0,1.0,0,0,0,0.0
0,1,1,11011,22404,9.047019282604351,0,1.0,0,0,0,0.0
0,1,1,125,5,9.046343153874666,0,1.0,0,0,0,0.0
0,2,2,31080,1303,9.043989679592718,0,13.0,0,6,54,93.24242424242424
1,1,1,2027,236,9.043402942958751,0,1.0,0,0,0,0.0
0,1,1,122906,155620,9.042918432096076,0,1.0,0,0,0,0.0
1,1,1,36154,16316,9.042704949448474,0,1.0,0,0,0,0.0
0,1,1,222,1,9.04266036430892,0,3.0,0,3,58,214.33333333333337
0,1,1,16440,3592,9.040796122414733,0,2.0,0,0,0,0.0
0,1,1,39374,2001,9.040187077366946,0,1.0,0,0,0,0.0
0,1,1,136895,7506,9.039551921334802,0,2.0,0,2,8,192.33333333333337
0,1,1,11421,1840,9.039428274416151,0,1.0,0,0,0,0.0
1,1,1,27288,16257,9.039359416201332,0,2.0,0,0,0,47.0
1,1,1,13408,166,9.039333527033588,0,1.0,0,0,0,0.0
0,1,1,4166,503,9.03913633206312,0,2.0,0,0,0,0.0
0,1,1,64851,1208,9.039055495751107,0,1.0,0,0,0,0.0
0,1,1,2643,105,9.038007443934749,0,1.0,0,0,0,0.0
0,1,1,32874,6723,9.03796013361964,0,1.0,0,3,7,49.266666666666666
0,1,1,83581,1593,9.03778255357553,0,1.0,0,0,0,0.0
0,1,1,9780,811,9.03762411313646,1,1.0,0,0,0,0.0
0,1,1,1422,384,9.037522426062663,0,1.0,0,0,0,0.0
0,1,1,24471,3141,9.037354954518568,0,1.0,0,0,0,0.0
1,1,1,405,1,9.036989083856668,0,1.0,0,0,0,0.0
0,1,1,125586,81295,9.036349047859,0,1.0,0,0,0,70.2
0,1,1,14266,1605,9.036141712700433,0,2.0,0,0,0,0.0
1,1,1,171,326,9.03551419349745,0,1.0,0,0,0,0.0
1,1,1,259,1,9.035309995459578,0,1.0,0,1,0,68.0
1,1,1,12120,528,9.035235686893651,0,1.0,0,0,0,0.0
0,1,1,10,1,9.034776019491822,0,1.0,0,0,0,0.0
1,1,1,37,76,9.034651612059063,0,1.0,0,0,0,0.0
1,1,1,4828,1728,9.034552143151418,0,3.0,0,0,0,0.0
0,1,1,7133,134,9.034435626052524,0,1.0,0,0,0,0.0
1,1,1,19034,2576,9.034275284328183,0,5.0,0,0,0,0.0
0,1,1,26810,3973,9.034272432400282,0,1.0,0,1,1,63.2
0,1,1,3375,597,9.034239635229396,0,2.0,0,0,0,0.0
0,1,1,621,188,9.03421304892372,0,1.0,0,0,0,0.0
0,1,1,11524,621,9.034183990947191,0,1.0,0,0,0,0.0
0,1,1,1123,21,9.034136395439296,0,1.0,0,0,0,0.0
0,1,1,1412,23122,9.034016963036326,0,1.0,0,0,0,0.0
1,1,1,2492,46,9.0339892042714,0,1.0,0,0,0,0.0
0,1,1,83497,131513,9.03396803662874,0,9.0,0,0,0,79.0
0,1,1,72108,7193,9.033031526881484,0,1.0,0,0,0,0.0
0,1,1,4748,740,9.032599269675616,0,2.0,0,0,0,0.0
1,1,1,2926,1,9.032415827335258,0,1.0,0,0,0,0.0
1,1,1,42783,26111,9.032261664788043,0,1.0,0,0,0,0.0
0,1,1,15024,105,9.032217745098333,0,1.0,0,0,0,0.0
1,1,1,671,3539,9.031912303619894,0,1.0,0,3,52,78.58333333333333
1,1,1,57,128,9.031217795799272,0,1.0,0,0,0,0.0
0,1,1,1594,3282,9.030018718556391,0,1.0,0,0,0,0.0
0,1,1,25133,2622,9.029673666968185,0,1.0,0,1,0,257.0
0,1,1,1564,34,9.029614029986918,0,1.0,0,0,0,0.0
0,1,1,113000,7073,9.028795780183383,0,4.0,0,0,0,0.0
1,3,2,262416,31775,9.028678819451262,0,20.0,0,0,0,0.0
1,1,1,80610,8001,9.028575959918218,0,1.0,0,0,0,0.0
0,1,1,13405,46959,9.028435771817728,0,1.0,0,0,0,0.0
0,1,1,12644,3535,9.028382092196972,0,1.0,0,1,0,357.5
1,1,1,39803,19066,9.028343369353664,0,1.0,0,0,0,0.0
0,1,1,15,56,9.02730735901067,0,1.0,0,0,0,0.0
1,1,1,2963,2617,9.02726461178021,0,2.0,0,1,38,72.15384615384616
0,1,1,20658,10378,9.026151504319566,0,1.0,0,0,0,0.0
1,2,2,12317,9766,9.025585143126069,0,15.0,0,1,0,108.0
1,1,1,7148,29,9.02547334755226,0,3.0,0,7,41,40.32142857142857
0,1,1,9378,2099,9.02454514008401,0,1.0,0,2,29,174.75
0,1,1,92773,51476,9.023949277280757,0,2.0,0,0,0,41.333333333333336
0,1,1,6567,180,9.02385643118346,0,1.0,0,1,0,83.0
0,1,1,6363,24500,9.023553081118816,0,1.0,0,0,0,0.0
1,1,1,5183,515,9.022933864194842,0,2.0,0,0,0,0.0
1,1,1,8864,22,9.02169245166664,0,1.0,0,0,0,0.0
0,1,1,1634,207,9.02119390298106,0,1.0,0,0,0,0.0
1,1,1,2630,579,9.020766303924098,0,8.0,0,0,0,54.5
0,1,1,2170,252,9.020542807840746,0,4.0,0,0,0,0.0
1,1,1,5563,1,9.020392511240244,0,1.0,0,0,0,0.0
1,1,1,925,4,9.019657315914872,0,3.0,0,1,56,549.0
1,1,1,2204,3157,9.019195398658807,0,3.0,0,0,0,0.0
1,1,1,22065,879,9.019095834686894,0,1.0,0,0,0,0.0
0,1,1,453,1,9.017895680049026,0,8.0,0,0,0,0.0
0,1,1,41171,372,9.016904825231167,0,4.0,0,18,52,107.78333333333332
1,1,1,58622,42917,9.016217954239712,0,8.0,0,0,0,0.0
1,1,1,7281,44,9.01591460417507,0,7.0,0,1,0,174.0
1,1,1,265,130,9.01574019293974,0,1.0,0,0,0,0.0
1,1,1,34328,23400,9.015686164750017,0,1.0,0,1,0,288.3333333333333
1,1,1,69106,162015,9.015145312467208,0,1.0,0,0,0,0.0
0,1,1,5819,6,9.014824153697212,0,1.0,0,0,51,163.78125
1,1,1,5354,78,9.01384901617091,0,1.0,0,0,0,0.0
1,1,1,15543,1251,9.01235796488691,0,1.0,0,0,0,0.0
1,1,1,788,123,9.01141166352052,0,1.0,0,0,0,0.0
0,6,3,62591,2038,9.010653114074428,0,98.0,0,44,45,105.15625
0,1,1,31307,492,9.010308252614749,0,3.0,0,0,0,0.0
0,1,1,738,98,9.010048663799374,0,4.0,0,0,0,0.0
1,1,1,46979,1447,9.00937785866844,0,1.0,0,0,0,0.0
1,1,1,19521,16204,9.009081511671203,0,1.0,0,0,0,0.0
0,4,2,25715,28,9.008315040203158,0,31.0,0,0,0,0.0
1,1,1,76687,245,9.007107375488477,0,1.0,0,0,0,0.0
0,7,3,18313,347,9.006027445455775,0,127.0,0,163,58,75.06879606879608
0,1,1,1015,1112,9.005305527439194,0,1.0,0,0,0,0.0
0,1,1,25708,505,9.005222156080157,0,1.0,0,0,0,167.0
1,1,1,127,1,9.004383530836158,0,1.0,0,0,0,0.0
0,1,1,2734,80,9.004373580776585,0,1.0,0,0,0,0.0
1,1,1,47829,1104,9.00355621823951,0,1.0,0,3,0,68.5
0,1,1,1347,833,9.001889139627702,0,1.0,0,0,0,0.0
0,1,1,23221,3074,9.001359409863714,0,3.0,0,0,0,0.0
1,1,1,431,671,8.999896877858745,0,1.0,0,0,0,0.0
0,1,1,4133,1063,8.99974185973316,0,1.0,0,0,0,0.0
1,1,1,1868,56,8.99963719397911,0,1.0,0,0,0,0.0
1,1,1,24842,38,8.999551414325397,0,2.0,0,0,0,0.0
0,1,1,45831,187540,8.99943873148513,0,1.0,0,0,0,0.0
0,1,1,545,54,8.998888943161557,0,1.0,0,0,0,0.0
1,1,1,3797,253,8.998871578089435,0,3.0,0,0,0,0.0
1,1,1,276,4174,8.998844643214793,0,2.0,0,0,0,0.0
1,1,1,4707,8976,8.998506689758257,0,1.0,0,0,0,0.0
1,1,1,397,507,8.99839793624088,0,2.0,0,0,0,0.0
0,2,2,19370,8231,8.997668254642784,0,12.0,0,2,47,97.6
1,1,1,106,12,8.997093020784696,0,1.0,0,0,0,0.0
0,1,1,20638,2042,8.996036539936977,0,2.0,0,1,4,92.5
0,1,1,84465,3876,8.995961439168857,0,4.0,0,5,53,141.6
1,1,1,14204,887,8.995685657740612,0,1.0,0,1,0,45.0
1,1,1,94648,23825,8.994499635989909,0,1.0,0,0,0,0.0
0,1,1,34384,6274,8.994332829895656,0,6.0,0,0,0,0.0
0,1,1,159204,212,8.994249363472354,0,4.0,0,1,0,19.75
1,1,1,33107,377,8.993500193700255,0,7.0,0,0,0,0.0
1,1,1,13224,613,8.993415618193879,0,1.0,0,0,0,0.0
1,1,1,17052,1446,8.993191234844067,0,1.0,0,0,0,0.0
1,1,1,15964,904,8.992205386744086,0,2.0,0,0,0,0.0
0,1,1,446,2116,8.991962465862903,0,1.0,0,0,0,0.0
0,1,1,58267,1479,8.990410890331177,0,1.0,0,0,0,0.0
0,1,1,84318,3099,8.989852324407279,0,2.0,0,0,0,26.0
1,1,1,7822,152,8.989788599662685,0,1.0,0,0,0,0.0
0,1,1,207031,27133,8.988925035893578,0,2.0,0,0,0,0.0
1,1,1,18607,94,8.988704169921514,0,2.0,0,0,0,0.0
0,1,1,18248,648,8.988558341341394,0,1.0,0,0,0,0.0
1,1,1,33337,5365,8.988148772806397,0,8.0,0,78,53,64.91536050156739
1,1,1,3835,453,8.987894729406392,0,1.0,0,0,0,0.0
0,1,1,236,1,8.986287477904376,0,1.0,0,0,0,0.0
0,1,1,9924,1079,8.986044557023193,0,1.0,0,0,0,0.0
1,1,1,1215,6,8.984439143430272,0,2.0,0,1,0,500.0
0,1,1,1005,2614,8.983946203536236,0,3.0,0,1,0,188.0
0,1,1,32,12,8.983098103553981,0,1.0,0,0,1,13.0
1,1,1,661,57,8.982458828070422,0,1.0,0,0,0,0.0
0,1,1,8416,2162,8.9810905681267,0,1.0,0,0,0,0.0
0,1,1,2328,166,8.980833514358352,1,1.0,0,0,0,0.0
0,1,1,1195,305,8.980810952439828,0,1.0,0,0,0,0.0
0,1,1,44,28,8.98007439452668,0,1.0,0,0,0,0.0
1,1,1,21834,3529,8.9782109131466,0,1.0,0,0,0,44.0
1,1,1,58173,3909,8.977460761043778,0,1.0,0,0,0,99.0
0,1,1,12885,4809,8.976242892764821,0,1.0,0,2,45,198.0
1,1,1,22,1,8.974735110170455,0,1.0,0,0,0,0.0
0,1,1,-2,1,8.97402545544386,0,1.0,0,0,0,0.0
1,1,1,15622,625,8.973930549620857,0,1.0,0,0,0,0.0
1,1,1,89983,32405,8.97364028673648,0,1.0,0,0,0,0.0
0,5,3,3356,357,8.972416714601717,0,45.0,0,21,38,169.93103448275863
1,1,1,147852,1160,8.971888537554033,0,1.0,0,0,0,48.23809523809524
0,1,1,51,22,8.9715245681774,0,1.0,0,0,0,0.0
0,1,1,1070,1414,8.97151617083413,0,1.0,0,0,0,0.0
0,1,1,112072,6018,8.969686880900802,0,1.0,0,0,0,0.0
0,1,1,80,1,8.969437495649705,0,1.0,0,1,0,349.0
1,1,1,36064,8477,8.968945443022129,0,1.0,0,0,0,0.0
0,1,1,13529,141,8.967705202953177,0,3.0,1,0,1,59.08982035928144
1,1,1,169,222,8.966507266481454,0,1.0,0,0,0,0.0
1,1,1,385,975,8.966124157499783,0,1.0,0,0,0,0.0
1,1,1,2622,2473,8.96567193679859,0,2.0,0,0,0,0.0
0,1,1,37003,18088,8.965151143075365,0,1.0,0,0,0,0.0
1,1,1,13323,1761,8.964647429231473,0,1.0,0,0,0,0.0
1,1,1,6670,136,8.964185987296725,0,1.0,0,0,10,31.5
0,1,1,16228,5133,8.962580161758662,0,9.0,0,3,9,76.75
0,1,1,3536,152,8.962146193396048,0,2.0,0,0,0,0.0
1,1,1,24906,137,8.961317961844854,0,3.0,0,0,0,0.0
1,1,1,14411,1490,8.960715222726543,0,1.0,0,0,0,0.0
0,1,1,4920,959,8.960711990541586,0,1.0,0,0,0,0.0
1,1,1,8385,1598,8.96066917993495,0,1.0,0,0,0,65.0
0,1,1,15122,60,8.958502190049787,0,2.0,0,0,0,0.0
0,1,1,10365,7,8.957444916999872,0,1.0,0,3,23,51.09090909090909
0,1,1,11861,1126,8.957287142010646,0,1.0,0,0,0,13.0
1,1,1,1931,83,8.957262108421272,0,1.0,0,2,17,20.0
1,1,1,774,1,8.957145337817678,0,1.0,0,0,0,0.0
1,1,1,54617,594,8.95636409970071,0,1.0,0,0,0,0.0
1,1,1,538,1,8.956201001112731,0,1.0,0,0,0,0.0
1,1,1,2262,1,8.955733982074529,0,1.0,0,0,0,0.0
0,1,1,4842,1083,8.955446919687022,0,2.0,0,0,0,0.0
0,1,1,762,34,8.955339718885947,0,1.0,0,1,0,113.0
1,1,1,11031,2641,8.954981833622176,0,1.0,0,0,0,0.0
1,1,1,2292,721,8.954826181734832,0,1.0,0,0,0,46.0
1,1,1,28597,46145,8.954658678502648,0,2.0,0,0,0,0.0
0,1,1,768,1,8.95383120746556,0,1.0,0,0,0,0.0
0,1,1,23096,3301,8.953524815344485,0,3.0,0,0,0,0.0
1,1,1,15985,231,8.953444042408648,0,1.0,0,0,0,0.0
0,1,1,88518,9369,8.953408995383526,0,3.0,0,0,0,0.0
1,1,1,3065,75,8.952944955025577,0,2.0,0,0,38,134.625
0,1,1,4480,41,8.952749693028467,0,1.0,0,0,0,0.0
1,1,1,15149,1514,8.952496410142569,0,3.0,0,3,42,198.6086956521739
0,1,1,6848,406,8.952130381040229,0,6.0,0,0,0,0.0
0,1,1,15028,1528,8.951000066947904,0,1.0,0,0,0,20.0
0,1,1,46456,1558,8.950479051408065,0,2.0,0,1,17,90.0
1,1,1,287483,39996,8.949087690848327,0,1.0,0,0,0,0.0
0,1,1,3970,5090,8.948902885920194,0,3.0,0,0,0,0.0
0,1,1,8031,107,8.947563303695945,0,1.0,0,0,0,69.0
1,1,1,321,75,8.944604365120135,0,1.0,0,0,0,0.0
0,1,1,7319,170,8.944248571270158,0,1.0,0,0,0,0.0
1,1,1,679,124,8.944199137853168,0,1.0,0,0,0,0.0
1,2,2,5219,755,8.944056668210356,0,18.0,0,1,8,178.0
0,1,1,9031,680,8.944047890610031,0,1.0,0,0,0,0.0
1,1,1,12516,17498,8.943835612109766,0,2.0,0,3,32,44.0
1,1,1,18159,3909,8.943568418153317,0,3.0,0,0,0,0.0
1,1,1,58276,7015,8.94342198749953,0,8.0,0,2,8,185.5
0,1,1,61155,10712,8.94192380639577,0,1.0,0,0,0,12.5
0,1,1,11576,1,8.941386154609829,0,5.0,0,5,9,105.63636363636364
1,1,1,273,440,8.941241498488958,0,1.0,0,0,0,0.0
0,1,1,48,1,8.94111202096215,0,1.0,0,1,0,20.0
1,1,1,29583,1525,8.940806357667096,0,1.0,0,7,42,83.125
0,1,1,454,362,8.93928000585327,0,1.0,0,0,0,0.0
1,1,1,27299,1394,8.938715704385478,0,1.0,0,0,0,0.0
0,1,1,5481,4555,8.938698339313355,0,1.0,0,0,0,0.0
1,1,1,103806,24114,8.93863116056719,0,2.0,0,1,1,26.5
1,1,1,326801,27537,8.938067904806296,0,1.0,0,1,16,49.4
1,1,1,16834,13991,8.937995339085202,0,1.0,0,0,0,0.0
0,1,1,16245,2035,8.937624937026744,1,1.0,0,0,0,0.0
0,1,1,621,769,8.936554925365527,0,1.0,0,0,0,0.0
0,1,1,1642,145,8.936348097216365,0,1.0,0,0,0,0.0
1,1,1,12941,1220,8.935444606456612,0,1.0,0,0,0,0.0
0,1,1,60530,119,8.934620779549622,0,5.0,0,1,28,141.6
1,1,1,8582,3566,8.933228626787688,0,1.0,0,0,0,0.0
0,1,1,3250,666,8.932811072854562,0,2.0,0,0,0,0.0
0,1,1,13934,240,8.932754731434429,0,1.0,0,1,47,87.21739130434783
1,1,1,4637,933,8.932497645977994,0,1.0,0,0,0,0.0
0,1,1,95,13,8.931250212713108,0,1.0,0,0,0,0.0
1,1,1,2887,348,8.930113180746163,0,1.0,0,0,0,0.0
0,1,1,1799,836,8.92829250997272,0,1.0,0,0,0,0.0
0,1,1,14516,38,8.92807943927026,0,2.0,0,0,0,0.0
0,1,1,53,1,8.927387149615786,0,1.0,0,0,0,0.0
1,1,1,22057,657,8.92709761555743,1,1.0,0,0,0,0.0
0,1,1,692,1083,8.926411251575377,0,1.0,0,0,0,0.0
1,1,1,6758,49,8.925183845181989,0,1.0,0,0,0,0.0
1,1,1,8238,266,8.924557561814433,0,2.0,0,0,24,79.57142857142857
1,1,1,661,326,8.924263844928484,0,1.0,0,0,0,0.0
1,1,1,7499,6091,8.924046591398431,0,5.0,0,6,37,123.33333333333331
0,1,1,5012,13428,8.923050824926964,0,1.0,0,0,0,0.0
0,1,1,52884,2980,8.922939061041244,0,2.0,0,0,0,0.0
0,1,1,747,2562,8.922501702053234,0,1.0,0,0,0,0.0
1,1,1,40435,3638,8.9224653875046,0,1.0,0,0,0,0.0
1,1,1,1249,402,8.921761246505284,1,2.0,0,0,0,0.0
1,1,1,40899,25283,8.921331460970261,0,1.0,0,0,0,0.0
0,1,1,7414,2302,8.920228240193017,0,1.0,0,0,0,0.0
0,1,1,17759,16379,8.919016867972061,0,5.0,0,1,27,44.07692307692308
1,1,1,5513,1132,8.918445119803634,0,2.0,0,0,0,0.0
1,1,1,2355,722,8.918154920295432,0,1.0,0,0,0,0.0
1,1,1,34442,11432,8.917789524954848,0,1.0,0,3,19,21.0
0,1,1,6815,4304,8.917465989578268,0,1.0,0,0,0,0.0
0,1,1,292,1,8.916743691304635,0,1.0,0,0,0,0.0
0,1,1,2160,3609,8.916484514434403,0,1.0,0,0,0,0.0
1,1,1,276,149,8.916231136484242,0,2.0,0,0,0,0.0
0,1,1,3835,434,8.916192793897988,0,4.0,0,0,0,0.0
0,1,1,12278,1335,8.915630045146498,0,1.0,0,0,0,0.0
1,1,1,25861,1055,8.91511061401105,0,1.0,0,0,0,0.0
0,2,2,52829,160508,8.914998596620629,0,10.0,0,7,58,53.1875
0,1,1,12739,20,8.914027515169568,0,1.0,0,0,0,0.0
1,1,1,5898,133,8.913927634316778,0,2.0,0,0,0,0.0
0,1,1,6288,973,8.913916955431185,0,1.0,0,0,0,162.0
0,1,1,9955,1836,8.913139551572844,0,5.0,0,0,0,0.0
1,1,1,36273,18825,8.912573760764923,0,1.0,0,0,0,0.0
0,1,1,3034,1843,8.912159470704843,0,1.0,0,0,0,0.0
0,1,1,517,1,8.911991143582375,0,2.0,0,0,0,104.0
0,1,1,2269,564,8.91166272824027,0,2.0,0,0,0,0.0
0,1,1,6938,6589,8.911367585390371,0,1.0,0,0,0,0.0
0,1,1,124,430,8.910828792833268,0,1.0,0,0,0,0.0
0,1,1,5458,525,8.90907229043765,0,2.0,0,0,0,0.0
0,1,1,49331,1411,8.9088277217759,0,1.0,0,1,25,177.33333333333334
0,1,1,250,36,8.908595289651783,0,1.0,0,0,0,0.0
0,1,1,15498,50326,8.908550324255176,0,1.0,0,0,0,0.0
1,1,1,842,100,8.908170700963165,0,1.0,0,0,0,0.0
0,1,1,27,225,8.908147061649656,0,1.0,0,0,0,0.0
0,1,1,23337,3337,8.90648980634507,0,2.0,0,0,0,0.0
1,1,1,44042,7151,8.906199987093922,0,1.0,0,0,0,0.0
0,1,1,28185,1137,8.906009034676755,0,1.0,0,0,0,0.0
1,1,1,4623,4437,8.905906175143711,0,1.0,0,0,0,0.0
0,4,2,81711,20323,8.905182641034653,0,34.0,0,0,0,0.0
1,1,1,134794,17486,8.903916036476637,0,1.0,0,2,31,132.0
1,1,1,3465,4276,8.90338282102299,0,1.0,0,0,0,0.0
1,1,1,154503,5464,8.902735718581742,0,1.0,0,0,0,0.0
1,1,1,700,1,8.902388322075035,0,2.0,0,0,0,0.0
0,1,1,5070,3791,8.902167075845918,0,3.0,0,0,0,0.0
1,1,1,55109,19717,8.901286780766444,0,1.0,0,0,0,0.0
1,1,1,81004,5460,8.90126263444353,0,1.0,0,0,0,0.0
0,1,1,28801,353,8.90124827973975,0,2.0,0,3,12,43.76923076923077
1,1,1,101,1,8.90055713085644,0,2.0,0,1,0,55.0
0,1,1,19911,15447,8.90034200042827,0,1.0,0,1,0,138.0
0,1,1,45,1,8.898922754351254,0,1.0,0,0,0,0.0
1,1,1,10988,661,8.898604574261514,0,1.0,0,0,0,0.0
0,1,1,195792,19107,8.898562619233248,0,1.0,0,0,0,0.0
0,1,1,47259,197,8.898116862901968,0,1.0,0,0,0,0.0
1,1,1,2009,601,8.89787270618536,0,1.0,0,0,0,0.0
1,1,1,11052,589,8.896789924224755,0,1.0,0,0,0,0.0
0,1,1,9652,1855,8.895569615963037,0,1.0,0,0,0,0.0
0,1,1,74818,16214,8.895252766772986,0,2.0,0,0,0,0.0
1,2,2,36740,32473,8.895229380964178,0,13.0,0,32,51,59.41891891891892
0,1,1,59,3,8.894401656422389,0,1.0,0,0,0,0.0
1,1,1,48791,6386,8.894324876185614,0,1.0,0,0,0,21.0
0,1,1,27557,13549,8.894128695233958,0,1.0,0,0,0,0.0
1,1,1,103,1,8.893641934517047,0,1.0,0,0,0,0.0
1,1,1,17441,3431,8.893026013154206,0,1.0,0,0,0,0.0
1,1,1,26436,3009,8.89246263064096,0,2.0,0,0,0,0.0
1,1,1,2834,488,8.892239419750398,0,1.0,0,0,0,0.0
0,1,1,7219,2530,8.89213415192268,0,5.0,0,0,0,0.0
0,1,1,41387,3070,8.89159212718062,0,1.0,0,0,0,0.0
1,1,1,4162,398,8.891141269067202,0,2.0,0,0,0,0.0
0,1,1,6161,2611,8.89022747967891,0,1.0,0,4,25,54.0
1,1,1,4128,3386,8.890099364739877,0,1.0,0,0,0,0.0
0,1,1,10985,1147,8.88974518698238,0,4.0,0,0,0,0.0
0,1,1,21717,1719,8.889433566326817,0,1.0,1,2,51,37.45161290322581
0,1,1,63824,1071,8.888343749610717,0,1.0,0,0,0,0.0
1,1,1,372,2138,8.887446723220878,0,1.0,0,0,0,0.0
1,1,1,1782,58,8.886671727657209,0,1.0,0,0,0,0.0
1,1,1,25841,10078,8.886423641617712,0,1.0,0,0,0,0.0
1,1,1,15043,1289,8.883510745833496,0,1.0,0,1,0,72.0
0,1,1,25851,1487,8.88341314652303,0,1.0,0,0,0,0.0
1,1,1,140,407,8.883247227695236,0,1.0,0,0,0,0.0
0,1,1,56745,15892,8.882793897910968,1,8.0,0,0,0,0.0
1,1,1,25013,17,8.882346842368086,0,1.0,0,0,0,0.0
1,1,1,14491,4691,8.882164984432123,0,1.0,0,0,0,0.0
1,1,1,178,1192,8.881979957687376,0,1.0,0,0,0,0.0
0,1,1,119637,14541,8.880300647473671,0,1.0,0,0,0,0.0
1,1,1,8887,149,8.879956704968539,0,1.0,0,0,0,0.0
1,1,1,1968,153,8.879948909698935,0,1.0,0,0,0,0.0
1,1,1,4466,1694,8.879227118434708,0,1.0,0,1,0,13.0
0,6,3,165681,1315,8.87919055038137,0,86.0,0,0,0,0.0
1,1,1,158,1,8.878723341214641,0,3.0,0,0,0,0.0
0,7,3,16353,171,8.878299354599688,0,159.0,0,1,0,132.0
1,1,1,10840,456,8.878212307422464,0,1.0,0,0,0,0.0
1,1,1,12170,10426,8.87779662308652,0,1.0,0,0,0,0.0
0,1,1,10973,3714,8.876927513902045,0,1.0,0,0,0,0.0
0,1,1,7713,2098,8.876182717086063,0,1.0,0,0,0,0.0
1,1,1,2547,2,8.875383321694779,0,1.0,0,0,0,0.0
1,1,1,3993,2864,8.875179694042485,0,1.0,0,0,0,0.0
1,1,1,19900,616,8.874206552865717,0,1.0,0,0,0,0.0
0,1,1,67507,19136,8.873559767305345,0,2.0,0,0,0,0.0
0,1,1,108336,99482,8.873333165789386,0,2.0,0,3,45,37.75
1,1,1,75545,60547,8.873319127966486,0,1.0,0,0,0,0.0
0,1,1,364,1240,8.872681975584808,0,1.0,0,0,0,0.0
1,1,1,4439,1142,8.871944467029024,0,1.0,0,0,0,0.0
1,1,1,18544,14213,8.87111493626623,0,1.0,0,1,16,150.0
0,1,1,19963,2475,8.869218214082032,0,1.0,0,0,0,0.0
0,1,1,1,1,8.86875160698897,0,6.0,0,1,0,4.0
0,1,1,4318,1327,8.86849157454037,0,1.0,0,4,23,273.1666666666667
0,1,1,10745,187,8.86824006618739,0,1.0,0,0,0,0.0
0,1,1,6293,118,8.867810375716632,0,1.0,0,0,0,0.0
1,1,1,741,135,8.867042509972721,0,1.0,0,0,0,0.0
0,1,1,13,1,8.86637119783238,0,1.0,0,0,0,0.0
0,1,1,70,8,8.865235274948512,0,1.0,0,0,0,0.0
1,1,1,32699,2857,8.864496372116864,0,1.0,0,11,46,43.375
0,1,1,5254,1772,8.864484425707758,0,1.0,0,0,0,5.0
1,1,1,483,518,8.862335276216035,0,1.0,0,0,0,0.0
0,1,1,176,774,8.861941583413033,0,1.0,0,0,0,0.0
1,1,1,2491,2538,8.861406656802645,0,1.0,0,2,13,614.0
0,1,1,44796,2812,8.861389830428015,0,1.0,0,0,46,115.77777777777776
1,1,1,15364,3511,8.861349871749281,0,1.0,0,0,0,0.0
1,1,1,177,3,8.860675073919282,0,1.0,0,0,0,0.0
1,1,1,21840,1117,8.860461781400206,0,1.0,0,0,0,0.0
1,1,1,33723,122,8.860021443731943,0,1.0,0,0,0,0.0
0,1,1,7470,348,8.85989767006094,0,2.0,0,0,0,0.0
1,1,1,4311,7,8.859706464139071,0,1.0,0,0,0,0.0
0,1,1,6107,39,8.859330991986562,0,1.0,0,0,0,0.0
0,1,1,30069,5977,8.858191900293912,0,1.0,0,0,0,0.0
1,1,1,136082,651,8.857181208733083,0,1.0,0,0,0,0.0
0,1,1,837,21,8.856443224855983,0,1.0,0,0,0,0.0
0,1,1,52255,16829,8.854705862065403,0,6.0,0,0,0,0.0
0,1,1,29,1,8.853263642124723,0,1.0,0,0,0,0.0
0,1,1,157499,209,8.852953954442516,0,1.0,0,0,0,0.0
1,1,1,64377,7329,8.85172404469019,0,2.0,0,0,0,0.0
1,1,1,4567,1,8.851449720913985,0,3.0,0,0,0,0.0
1,1,1,7176,1451,8.851013090751994,0,2.0,0,0,0,0.0
0,3,2,3453,358,8.850849897099753,0,25.0,0,4,48,40.125
0,1,1,68158,1097,8.850625608814205,0,2.0,0,6,47,47.9
0,1,1,1321,13,8.848811877731993,0,1.0,0,0,0,0.0
0,1,1,21326,1695,8.845661891674752,0,1.0,0,0,0,0.0
0,1,1,6983,1238,8.84526357241093,0,4.0,0,0,0,0.0
1,1,1,41647,87,8.844814267013815,0,1.0,0,0,0,0.0
0,1,1,1479,184,8.84305364516678,0,3.0,0,0,0,0.0
0,1,1,8707,3333,8.842021849339467,0,3.0,0,3,0,163.0
0,1,1,2,3,8.840891883816106,0,1.0,0,0,0,0.0
0,1,1,33361,635,8.840669179934949,0,3.0,0,0,0,0.0
0,1,1,12764,44597,8.840660592463152,0,2.0,0,0,0,0.0
1,1,1,1098,418,8.83924464194727,0,3.0,0,0,0,0.0
0,1,1,17717,10248,8.838281831087128,0,7.0,0,0,0,0.0
0,1,1,1276,7,8.837708276697693,0,1.0,0,0,0,0.0
0,1,1,35522,131,8.837685366210204,0,1.0,0,0,0,10.0
0,1,1,803,75,8.837315439473063,0,1.0,0,7,46,83.8
1,1,1,304,29,8.836890438839301,0,1.0,0,0,0,0.0
1,1,1,27129,17798,8.836820471541408,0,3.0,0,0,0,0.0
0,1,1,9878,177,8.83665084520734,0,1.0,0,0,0,0.0
0,1,1,43334,238,8.836195265568838,0,1.0,0,0,0,0.0
1,1,1,47017,7288,8.835752994927217,0,1.0,0,0,0,0.0
0,1,1,871,773,8.835434149387632,0,1.0,0,0,0,0.0
1,1,1,14146,2,8.834702471440007,0,2.0,0,0,0,0.0
0,1,1,1021,3971,8.832037915199988,0,1.0,0,0,0,0.0
1,1,1,2126,56,8.83142021930423,0,1.0,0,0,0,0.0
0,1,1,689530,87979,8.830301629804394,1,3.0,0,6,44,73.15
0,1,1,6387,1298,8.82705876596177,0,1.0,0,0,0,0.0
0,1,1,14761,256,8.82702920097584,0,2.0,0,0,0,0.0
1,1,1,22657,675,8.826176189339973,0,1.0,0,2,38,261.0
0,1,1,11188,1445,8.8259922716783,0,1.0,0,0,0,0.0
0,1,1,2270,2046,8.825256062334118,0,1.0,0,0,0,0.0
1,1,1,37043,6498,8.824741891421247,0,5.0,0,0,0,0.0
1,1,1,22811,13543,8.824162157854689,0,2.0,0,0,0,0.0
1,1,1,2192,9363,8.824107274086595,0,1.0,0,0,0,0.0
1,1,1,144570,2313,8.824078532990947,0,1.0,0,3,4,133.07692307692307
1,1,1,30560,2301,8.823978969019036,0,1.0,0,0,0,0.0
1,1,1,2755,196,8.823656954670671,0,2.0,0,0,0,0.0
1,1,1,11323,5823,8.822786451210332,0,1.0,0,0,0,0.0
1,1,1,26784,21,8.82277257182787,0,1.0,0,0,0,0.0
1,1,1,15350,30652,8.822515581435697,0,1.0,0,0,0,0.0
0,2,2,1925,26,8.82233911047466,0,12.0,0,0,0,0.0
0,1,1,6075,908,8.821816225337642,0,3.0,0,2,1,278.0
0,1,1,159170,11690,8.821713112299895,0,2.0,0,1,39,72.6923076923077
1,1,1,9260,8791,8.821603820085024,0,1.0,0,0,0,0.0
0,1,1,1450,57,8.819466173369177,0,1.0,0,0,0,0.0
0,1,1,1220,402,8.819419496815827,0,1.0,0,0,0,0.0
1,1,1,7911,7281,8.818935778155346,0,1.0,0,0,0,0.0
1,1,1,19601,3875,8.81882962306117,0,1.0,0,0,0,0.0
1,1,1,51639,42,8.817693129791719,0,6.0,0,0,0,0.0
1,1,1,2531,3481,8.81740030017223,0,1.0,0,0,0,0.0
0,1,1,45382,16756,8.817296173115672,0,1.0,0,0,0,0.0
0,1,1,-6,69,8.817218347172002,0,1.0,0,0,0,0.0
0,1,1,32310,829,8.815951045476055,0,1.0,0,0,0,0.0
1,1,1,4773,846,8.815755815167032,0,1.0,0,0,0,0.0
0,1,1,2816,20086,8.814602020201637,0,1.0,0,0,0,0.0
0,1,1,4445,747,8.8141998349911,0,2.0,0,0,0,0.0
0,1,1,43176,33115,8.813560369379013,0,3.0,0,0,0,0.0
0,1,1,8679,3139,8.813151878239003,0,1.0,0,0,0,0.0
0,1,1,19816,1407,8.813043441602503,0,3.0,0,1,9,81.5
1,1,1,115093,9371,8.812489121882372,0,1.0,0,0,0,0.0
1,1,1,7284,7243,8.812456578216187,0,1.0,0,0,0,0.0
1,1,1,23859,453,8.810376001746494,0,1.0,0,0,0,0.0
1,1,1,63344,83657,8.809943459347831,0,1.0,0,0,0,0.0
0,1,1,1679,8608,8.809820889824168,0,1.0,0,0,0,0.0
1,1,1,4833,6259,8.809662924706414,0,2.0,0,0,0,0.0
0,1,1,988,76,8.80965573151048,0,1.0,0,0,0,0.0
1,1,1,3623,132,8.808654102742768,0,2.0,0,0,0,0.0
1,1,1,145624,558,8.808417551167235,0,2.0,0,0,0,0.0
1,1,1,11564,2186,8.807962225033435,0,1.0,0,1,0,137.4
0,1,1,2920,194,8.80784171523548,0,5.0,0,1,15,257.05
1,1,1,5025,1,8.807032591601235,0,1.0,0,0,0,0.0
0,1,1,42981,10358,8.805590910358049,0,1.0,0,0,0,0.0
1,1,1,22052,84,8.804194289575733,0,1.0,0,0,0,0.0
0,1,1,3601,824,8.803969842849746,0,1.0,0,0,0,0.0
0,1,1,2069,55,8.803081689124495,0,1.0,0,0,0,0.0
1,1,1,3901,341,8.802822005244858,0,5.0,0,0,0,0.0
1,1,1,7903,1312,8.802082056706313,0,1.0,0,0,0,0.0
1,1,1,1467,1128,8.80192960531584,0,2.0,0,0,0,0.0
1,1,1,49904,8608,8.801737290310896,0,3.0,0,0,0,0.0
0,4,2,41855,295,8.801235160871395,0,39.0,0,140,51,64.75087719298246
1,1,1,6628,15276,8.80096749159363,0,1.0,0,0,0,0.0
0,1,1,1976,61,8.800017609473317,0,1.0,0,0,0,0.0
0,1,1,8119,1186,8.799588711204754,0,7.0,0,0,0,0.0
0,1,1,13244,12173,8.799552713536997,0,1.0,0,0,0,0.0
0,1,1,876,154,8.799066491517578,0,1.0,0,0,0,0.0
1,2,2,43000,4,8.798988095188326,0,14.0,0,5,28,68.28571428571429
0,2,2,2129,747,8.798603813747405,0,17.0,0,0,0,0.0
1,1,1,2166,1,8.79768761606444,0,1.0,0,0,0,0.0
0,1,1,2733,2106,8.797496283390219,0,1.0,0,0,0,0.0
0,1,1,4652,28,8.797447356982634,0,1.0,0,0,0,0.0
1,1,1,13310,1103,8.79706079399939,0,1.0,0,0,0,0.0
0,1,1,26076,47,8.797057530126345,0,7.0,0,1,0,112.66666666666669
0,1,1,3394,381,8.796886509516412,0,1.0,0,1,0,211.0
1,1,1,9092,131,8.796825002937966,0,5.0,0,0,0,0.0
0,4,2,144171,21681,8.796817492861154,0,39.0,0,1,1350,85.6
1,1,1,113,1,8.794943237531218,0,1.0,0,0,0,0.0
0,1,1,10853,16252,8.794696450703322,0,1.0,0,0,0,0.0
1,1,1,19754,777,8.793538219405631,0,3.0,0,1,22,537.4782608695652
0,1,1,21844,368,8.793141547922374,0,1.0,0,0,0,0.0
0,1,1,7960,98,8.79292185440956,0,5.0,0,0,0,0.0
0,1,1,15345,115,8.792782046566126,0,5.0,0,0,0,0.0
0,1,1,968,1733,8.791537243412527,0,1.0,0,0,0,0.0
0,1,1,13604,3,8.791253444898064,0,1.0,0,1,23,50.0
0,2,2,32202,2973,8.791136103908888,0,10.0,0,6,33,130.6
0,1,1,124,159,8.791086828932338,0,1.0,0,0,0,0.0
0,1,1,35027,1106,8.790187140743122,0,1.0,0,0,0,0.0
1,1,1,236,352,8.790060356703778,0,1.0,0,0,0,0.0
0,1,1,4818,982,8.788835453669327,1,1.0,0,0,0,0.0
1,1,1,7469,78,8.788583153114152,0,2.0,0,0,0,0.0
1,1,1,52706,136,8.788085903640173,0,7.0,0,0,0,0.0
1,1,1,1,1,8.788004940575808,0,1.0,0,0,0,0.0
1,1,1,13867,115,8.785313639589676,0,1.0,0,0,0,0.0
1,1,1,752,569,8.785089953377797,0,1.0,0,0,0,0.0
0,1,1,50220,1,8.784882111209825,0,5.0,0,0,0,0.0
0,1,1,38357,18964,8.784591277939867,0,1.0,0,0,0,0.0
0,1,1,2362,1427,8.783847621895047,0,4.0,0,0,0,0.0
1,3,2,23899,2634,8.78358388194017,0,25.0,0,0,0,0.0
0,1,1,6371,491,8.783065686640148,0,1.0,0,0,0,0.0
1,1,1,3998,69,8.781986643873905,0,1.0,0,1,0,21.0
1,1,1,318,168,8.78185466298816,0,1.0,0,1,96,148.0
0,1,1,13968,424,8.781841702560245,0,1.0,0,0,0,0.0
1,1,1,14865,7185,8.780599339389408,0,1.0,0,0,0,0.0
0,1,1,341,2,8.780112705424846,0,1.0,0,1,18,126.0
1,1,1,6735,4,8.779115259484724,0,1.0,0,0,0,0.0
1,1,1,176326,2892,8.777253172380508,0,1.0,0,1,0,454.0
1,1,1,16130,313,8.776731998400232,0,1.0,0,0,0,0.0
1,1,1,25408,92,8.774856063601641,0,1.0,0,0,0,0.0
0,1,1,35693,24627,8.774433724767256,0,2.0,0,0,0,0.0
1,1,1,3762,16,8.774368352242096,0,1.0,0,0,0,0.0
1,1,1,16247,117,8.774259757165156,0,8.0,0,1,41,149.85714285714286
0,1,1,15687,18206,8.773971712446928,0,1.0,0,0,0,0.0
0,1,1,183,1,8.773897245440564,0,2.0,0,0,0,0.0
0,1,1,1004,452,8.773679801781984,0,1.0,0,0,0,0.0
0,1,1,141424,34287,8.772622623796332,0,1.0,0,0,0,0.0
1,1,1,124448,202,8.772106329781579,0,1.0,0,0,0,0.0
1,1,1,6551,1635,8.772058417392804,0,1.0,0,0,0,0.0
0,1,1,120700,220,8.771914775290742,0,1.0,0,4,49,61.54761904761905
1,1,1,31225,223,8.771172101576646,0,2.0,0,0,0,0.0
0,1,1,2275,4,8.77114304360012,0,2.0,0,0,0,0.0
0,1,1,5226,15030,8.769726966331886,0,1.0,0,0,0,0.0
0,1,1,2218,1298,8.768739850708393,0,1.0,0,6,57,108.0
0,1,1,51268,884,8.76782286082323,0,1.0,0,0,0,0.0
0,1,1,5089,16,8.767048213828527,0,1.0,0,0,0,277.0
1,1,1,12843,4866,8.766255409559509,0,5.0,0,0,0,109.0
1,1,1,5049,12172,8.766163228912058,0,2.0,0,0,0,0.0
1,1,1,2930,53828,8.766121210507617,0,1.0,0,0,0,98.0
0,1,1,30302,1873,8.766118453643976,0,1.0,0,0,0,0.0
0,1,1,7217,11,8.765770898696832,0,1.0,0,0,0,0.0
0,1,1,11539,132,8.765354580599132,0,1.0,0,0,0,0.0
0,1,1,85037,24379,8.76473099071904,0,1.0,0,0,0,0.0
0,1,1,45682,53743,8.764538517273657,1,2.0,0,0,0,193.0
0,1,1,3864,126,8.76427363654762,0,3.0,0,0,0,0.0
0,1,1,4924,106,8.764214284759143,0,1.0,0,0,32,135.0
0,1,1,15756,10494,8.764051566428218,0,1.0,0,0,0,0.0
1,1,1,192,15,8.763767451032878,0,1.0,0,0,0,0.0
0,1,1,1614,124,8.763759117065783,0,1.0,0,0,0,0.0
1,1,1,82969,3564,8.763456020505842,0,1.0,0,0,0,0.0
1,5,3,133500,2592,8.76283835629817,1,43.0,0,0,0,0.0
0,1,1,-92,344,8.762160579787917,0,2.0,0,1,0,7.0
0,1,1,2360,865,8.761496587595861,0,1.0,0,0,0,0.0
0,1,1,5202,33,8.760610588660581,0,1.0,0,0,0,0.0
1,1,1,1159,1924,8.760156276545592,0,4.0,0,1,21,66.88888888888889
0,1,1,10448,4848,8.759971091360406,0,4.0,0,4,50,162.97297297297297
0,1,1,1932,84,8.758756582018759,0,1.0,0,2,21,122.0
0,1,1,206,52,8.757832557378102,0,1.0,0,0,0,0.0
0,1,1,471,275,8.757806256265216,0,1.0,0,0,0,0.0
0,1,1,1920,3366,8.757223385577964,0,1.0,0,0,0,0.0
1,1,1,854,1,8.756574255099093,0,4.0,0,0,0,0.0
1,1,1,2423,430,8.755657677159073,0,1.0,0,0,0,0.0
1,1,1,937,187,8.755491631578927,0,1.0,0,0,0,0.0
0,1,1,5668,9153,8.75500249425543,0,1.0,0,1,6,115.0
0,1,1,392451,2728,8.75491956652962,0,1.0,0,0,0,0.0
0,1,1,191,1,8.752893525259054,0,1.0,0,0,0,0.0
1,2,2,116430,1418,8.752072645344233,0,10.0,0,0,0,0.0
1,1,1,80569,9211,8.75186974651796,0,1.0,0,0,0,0.0
0,1,1,68915,4483,8.751477289550383,0,1.0,0,15,19,159.27777777777777
0,1,1,8146,2,8.751134456128323,0,8.0,0,0,0,0.0
0,4,2,9119,7235,8.75109490939473,0,36.0,0,30,53,76.16822429906541
1,1,1,118779,75958,8.750228398633457,0,4.0,0,1,38,29.705882352941178
0,1,1,5061,52,8.74990318378822,0,1.0,0,0,0,0.0
0,1,1,389858,668733,8.74970719296509,1,2.0,0,2,0,42.46153846153846
1,1,1,15659,4436,8.749351842748345,0,1.0,0,0,0,0.0
1,1,1,17689,168,8.747004515955432,0,1.0,0,0,0,0.0
0,1,1,762,100,8.746609650693182,0,1.0,0,0,0,0.0
1,1,1,253,51,8.746468702078586,0,1.0,0,0,0,0.0
0,1,1,241,49,8.74628728777585,0,1.0,0,0,0,0.0
0,1,1,-1,1,8.746155180137754,0,1.0,0,0,0,0.0
0,1,1,3220,495,8.745336645141428,0,1.0,0,0,0,0.0
0,1,1,2686,5596,8.744605949524525,0,1.0,0,0,0,0.0
0,1,1,6187,1,8.744260074046036,0,3.0,0,0,0,0.0
1,1,1,390295,896,8.743425853446242,0,7.0,0,1,16,104.2
1,1,1,9944,1361,8.743190252513346,0,1.0,0,0,0,0.0
0,1,1,2251,7,8.74170376431399,0,1.0,0,0,0,0.0
1,1,1,1081,23,8.741544721801251,0,2.0,0,0,0,0.0
1,1,1,716,329,8.741407987702333,0,4.0,0,0,0,0.0
0,1,1,17450,4562,8.740968664052879,0,9.0,0,0,0,0.0
1,1,1,14496,1017,8.740844605189087,0,2.0,0,0,0,0.0
0,1,1,45280,12013,8.739850169617307,0,1.0,0,0,0,0.0
0,1,1,36759,19044,8.739190994014601,0,1.0,0,0,0,0.0
1,1,1,112,381,8.739137314393844,0,1.0,0,0,0,0.0
0,1,1,7981,9268,8.738759529010924,0,1.0,0,0,0,0.0
0,1,1,13655,2530,8.73870756054691,0,8.0,0,0,0,0.0
1,1,1,8187,154,8.735801477701573,0,1.0,0,0,0,0.0
1,1,1,5250,4612,8.735443402309274,0,1.0,0,0,0,0.0
0,1,1,9415,4896,8.734878245263111,0,1.0,0,0,0,0.0
1,1,1,166651,97327,8.734384291350265,0,4.0,0,1,20,159.7
0,1,1,34557,4170,8.73418997999579,0,1.0,0,0,0,0.0
1,1,1,46621,318,8.734151542345272,0,1.0,0,0,0,17.0
1,1,1,1108,4605,8.733360195728292,0,1.0,0,0,0,0.0
1,1,1,764,650,8.732997747379875,0,1.0,0,0,0,0.0
1,1,1,15934,79,8.730974304532511,0,1.0,0,0,0,0.0
1,1,1,18060,934,8.730622186500721,0,3.0,0,0,0,414.0
1,1,1,1644,1536,8.730454936773238,0,1.0,0,0,0,0.0
0,1,1,51214,330,8.7303515385427,0,4.0,0,0,0,0.0
0,1,1,24406,34236,8.729531799399041,0,3.0,0,0,0,0.0
1,1,1,22498,4509,8.728261202141962,0,1.0,0,0,0,45.5
1,1,1,9509,2977,8.72825527646954,0,1.0,0,0,0,0.0
1,1,1,109260,1231,8.727647403881003,0,4.0,0,0,0,0.0
1,1,1,25277,479,8.727536083628513,0,2.0,0,0,44,93.73170731707316
0,1,1,113356,1363,8.726679586302987,0,1.0,0,0,0,0.0
1,1,1,36886,385,8.726079952617283,0,1.0,0,0,0,0.0
0,1,1,1263,166,8.726054538770855,0,2.0,0,0,0,0.0
0,1,1,1802,666,8.725582291198164,0,1.0,0,0,0,0.0
0,1,1,4655,13,8.725534442185564,0,1.0,0,7,4,65.41666666666667
1,1,1,65019,1017,8.722619296547112,0,1.0,0,0,0,0.0
1,1,1,6547,20,8.722538460235098,0,1.0,0,0,0,0.0
1,1,1,68,1,8.722523028136333,0,1.0,0,0,0,38.0
1,1,1,178,10989,8.7189803632949,0,4.0,0,0,0,0.0
0,1,1,7251,4025,8.716862141376884,0,6.0,0,1,0,123.0
0,1,1,67,5,8.716502164699316,0,1.0,0,0,0,0.0
0,1,1,113,258,8.716191399622124,0,3.0,0,0,0,0.0
1,1,1,1025,12,8.715871888632696,0,2.0,0,0,0,0.0
0,1,1,1110,156,8.715618415618271,0,3.0,0,17,35,77.67647058823529
1,1,1,111,1,8.714953662912109,0,1.0,0,0,0,0.0
1,1,1,16792,1314,8.714766956698709,0,2.0,0,0,0,0.0
1,1,1,13862,1000,8.714704404413363,0,1.0,0,0,0,0.0
1,1,1,1150,45,8.714351494179379,0,1.0,0,0,0,0.0
0,1,1,17723,23465,8.713955995155372,0,1.0,0,0,0,0.0
1,1,1,2287,237,8.713854941843332,0,6.0,0,4,27,92.16666666666669
0,2,2,40292,2302,8.7121348807487,0,19.0,0,2,3,67.14285714285714
1,1,1,38251,112094,8.711714696704286,0,1.0,0,0,0,0.0
1,1,1,552,1,8.710649089687275,0,2.0,0,0,0,0.0
0,1,1,2891,137,8.709436893576036,0,1.0,0,0,0,0.0
0,1,1,25717,3845,8.709170523509872,0,1.0,0,0,0,0.0
0,1,1,5009,3893,8.708998076935988,0,1.0,0,0,0,0.0
0,1,1,268,12,8.708494141275482,0,1.0,0,0,0,0.0
1,1,1,10336,364,8.707915009782592,0,2.0,0,0,0,0.0
1,1,1,105564,978,8.707623606127054,0,1.0,0,1,0,50.0
1,1,1,1193,1231,8.707169896085734,0,1.0,0,0,0,0.0
0,1,1,1813,333,8.706137371432401,0,1.0,0,0,0,0.0
1,1,1,154,1,8.704404856919258,0,1.0,0,0,0,0.0
1,1,1,1158,13,8.703024682254517,0,3.0,0,0,0,0.0
1,3,2,18272,1231,8.70293199459766,0,27.0,0,3,23,57.5
1,1,1,30746,3844,8.702841937052094,0,1.0,0,0,0,0.0
0,1,1,5173,3399,8.699946628156614,0,1.0,0,1,0,188.0
1,1,1,7558,11601,8.6974073983039,0,1.0,0,0,0,0.0
0,1,1,32008,331,8.695631280981923,0,1.0,0,0,0,0.0
1,1,1,499,23,8.695163945062843,0,1.0,0,0,0,0.0
1,1,1,21971,341,8.694369809894134,0,1.0,0,0,0,0.0
0,1,1,6806,3222,8.693004877199634,0,1.0,0,0,0,0.0
0,1,1,178447,778,8.692387276368137,0,1.0,0,0,0,0.0
0,1,1,18882,121569,8.691900135394173,0,1.0,0,0,0,0.0
1,1,1,5605,389,8.691683674066315,0,1.0,0,0,27,45.5
0,1,1,68299,51033,8.690400940271603,0,1.0,0,0,0,0.0
0,1,1,1429,9,8.689718854181406,0,1.0,0,0,0,0.0
0,1,1,15430,3213,8.6891228646258,0,1.0,0,0,0,0.0
1,1,1,27279,1054,8.688390299411715,0,1.0,0,0,0,0.0
1,1,1,2999,927,8.687714392498641,0,1.0,0,0,0,0.0
1,1,1,27248,20536,8.687336068418231,0,3.0,0,0,0,0.0
1,1,1,1843,110,8.686970451261033,0,3.0,0,0,0,0.0
0,1,1,1224,11,8.686699201229343,0,2.0,0,0,0,0.0
1,1,1,18,1,8.686686462618043,0,1.0,0,0,0,0.0
0,1,1,10712,1080,8.686329496308819,0,1.0,0,0,0,0.0
1,1,1,9746,25968,8.68592981445722,0,2.0,0,0,0,0.0
0,1,1,18671,359,8.684881699264682,0,1.0,0,0,0,0.0
1,1,1,13559,411,8.683550165814736,0,3.0,0,0,0,0.0
1,2,2,8781,327,8.683241904096482,0,18.0,0,0,0,0.0
0,1,1,155,118,8.680219779473571,0,1.0,0,0,0,0.0
1,1,1,3001,4835,8.679827797827311,0,3.0,0,0,0,0.0
1,1,1,11225,3756,8.679536837805003,0,1.0,0,0,0,0.0
1,1,1,55533,14640,8.679428401168503,0,1.0,0,0,0,0.0
1,1,1,4944,686,8.679295628080562,0,5.0,0,0,0,0.0
1,1,1,3709,4607,8.678984926379545,0,1.0,0,0,0,0.0
1,1,1,34360,114,8.678905801224275,0,4.0,0,0,0,0.0
1,1,1,6359,3542,8.678574026944862,0,2.0,0,0,0,0.0
0,1,1,18220,20837,8.677996353104012,0,2.0,0,0,0,0.0
1,1,1,5189,50,8.677266576441655,0,1.0,0,0,0,0.0
1,1,1,956,1,8.676928115975713,0,2.0,0,0,0,0.0
1,1,1,390,346,8.676715837475447,0,1.0,0,0,0,0.0
1,1,1,182369,16974,8.676472187768244,0,1.0,0,0,0,0.0
1,1,1,73498,5781,8.676445759903007,0,4.0,0,0,29,42.888888888888886
1,1,1,333,2,8.676252272438814,0,1.0,0,0,0,0.0
0,1,1,7888,1733,8.675823469234516,0,3.0,0,2,19,162.0
1,1,1,28565,552,8.675380152885998,0,2.0,0,19,5,256.15
0,1,1,355421,23921,8.675370202826423,0,2.0,0,0,0,0.0
0,1,1,32718,538,8.674746676322506,0,1.0,0,0,0,0.0
0,1,1,6019,1007,8.673713676347857,0,3.0,0,0,0,0.0
1,7,3,24648,32,8.673537300451084,0,448.0,0,42,48,113.13020833333331
1,1,1,9218,2798,8.67338589476751,0,1.0,0,0,0,0.0
1,1,1,17017,1144,8.67315685326879,0,2.0,0,5,41,69.4090909090909
1,1,1,70,5333,8.672638341087888,0,1.0,0,0,0,0.0
0,1,1,3725,383,8.672286444872714,0,1.0,0,0,0,0.0
0,1,1,24678,206,8.671385901105127,0,1.0,0,0,0,0.0
0,1,1,2982,60,8.671092152531092,0,1.0,0,0,0,0.0
1,1,1,14808,89,8.670654413286028,0,1.0,0,0,0,0.0
1,1,1,357,14,8.669949448396428,0,1.0,0,0,0,0.0
0,1,1,3080,444,8.667279473493394,0,1.0,0,0,0,0.0
0,1,1,8622,488,8.665616482644914,0,1.0,0,0,0,0.0
0,1,1,1287,2994,8.664837621134533,0,1.0,0,0,0,0.0
1,1,1,2880,16,8.66392845820706,0,2.0,0,0,0,62.0
0,1,1,6015,3766,8.66290620049418,0,2.0,0,0,0,0.0
0,1,1,2029,7,8.662375393335207,0,1.0,0,0,0,0.0
0,1,1,8452,52792,8.660734489083934,0,2.0,0,0,0,0.0
1,1,1,301,544,8.660722574362916,0,1.0,0,0,0,0.0
1,1,1,253456,19057,8.660006138385528,0,2.0,0,0,0,2.0
1,1,1,2089,18,8.65971489317043,0,1.0,0,0,0,0.0
1,1,1,17598,7464,8.659359638017946,0,1.0,0,0,0,0.0
0,2,2,4033,4,8.658721249800845,0,16.0,0,0,0,0.0
0,1,1,4088,3286,8.658537553955787,0,1.0,0,0,0,0.0
1,1,1,13508,26,8.65725025707643,0,2.0,0,0,0,0.0
1,1,1,16,1,8.656874848300097,0,4.0,0,0,0,0.0
0,1,1,36303,3318,8.65472937462656,0,1.0,0,1,0,82.0
1,1,1,73538,19443,8.654601956825461,0,1.0,0,0,0,0.0
0,1,1,17245,1189,8.65447409539113,0,1.0,0,0,0,0.0
1,1,1,3334,50,8.65430652878277,0,2.0,0,0,0,0.0
0,1,1,38409,7767,8.653451045476055,0,1.0,0,0,0,0.0
0,1,1,151,10,8.652485604504625,0,2.0,0,0,0,0.0
1,1,1,171114,26321,8.650471604707429,1,1.0,0,2,3,65.0
1,1,1,3340,2281,8.649445766240625,0,1.0,0,1,0,393.0
0,1,1,123007,8545,8.648417012469743,0,1.0,0,0,0,0.0
0,1,1,2600,12806,8.64795446145192,0,1.0,0,0,0,0.0
1,1,1,42930,2751,8.647910668514562,0,2.0,0,0,28,47.714285714285715
1,1,1,1145,33,8.647843933401626,0,1.0,0,0,0,0.0
0,1,1,23041,866974,8.647524200595582,0,1.0,0,0,0,0.0
0,1,1,26092,1229,8.64740362742145,0,1.0,0,0,0,0.0
1,1,1,56233,15673,8.64667518165878,0,1.0,0,0,0,0.0
0,1,1,225,1,8.645462541914315,0,1.0,0,0,0,0.0
0,1,1,64,1,8.64530327758496,0,1.0,0,0,0,0.0
1,1,1,4537,38,8.644979900648819,0,1.0,0,0,0,0.0
1,1,1,18321,1168,8.6439462986005,0,1.0,0,0,26,91.45454545454544
1,1,1,3508,3911,8.64308422417152,0,1.0,0,0,0,0.0
1,1,1,4,1,8.641377788954646,0,1.0,0,2,29,328.0
0,1,1,54513,13611,8.640226433972012,0,1.0,0,0,0,0.0
1,1,1,107248,1159,8.639789740433846,0,1.0,0,0,0,0.0
0,1,1,238,445,8.639347628232665,0,2.0,0,0,0,0.0
1,1,1,20963,539,8.638250459880192,0,4.0,0,0,0,0.0
1,1,1,62062,1426,8.637790253780869,0,2.0,0,0,0,31.0
0,1,1,27717,5471,8.637588971047075,0,2.0,0,0,0,0.0
0,1,1,2435,1033,8.63626944738241,0,1.0,0,0,0,0.0
1,1,1,20658,22,8.635586125456788,0,3.0,0,0,0,0.0
1,1,1,585,1287,8.634656840593554,0,1.0,0,0,0,0.0
1,1,1,1869,4516,8.634216914870432,0,1.0,0,0,0,0.0
1,1,1,12794,14573,8.633207617585468,0,1.0,0,0,0,0.0
0,1,1,841,835,8.633027439118157,0,5.0,0,0,0,0.0
0,1,1,3767,86,8.632669680606737,0,1.0,0,0,0,0.0
0,1,1,193713,18722,8.632272502114075,0,6.0,0,14,50,186.3684210526316
1,1,1,8787,760,8.630651307853421,0,7.0,0,0,0,0.0
0,1,1,630,85,8.629387174966256,0,1.0,0,0,0,0.0
0,1,1,21989,704,8.628555172532613,0,1.0,0,0,0,0.0
0,1,1,1776,509,8.627494413793038,0,2.0,0,0,0,0.0
0,1,1,115,22,8.627123314596647,0,1.0,0,0,0,0.0
1,1,1,14833,6397,8.626717136687047,0,2.0,0,2,6,20.5
1,1,1,876,1,8.625368681798209,0,1.0,0,0,0,0.0
0,1,1,42738,3258,8.6248379697035,0,7.0,0,0,0,0.0
0,1,1,16156,21,8.62445308618891,0,1.0,0,3,7,291.3333333333333
1,1,1,9977,75,8.624314894437953,0,1.0,0,0,0,0.0
0,1,1,26079,789,8.624027420105305,0,1.0,0,0,0,0.0
0,1,1,4396,2700,8.621684561332774,0,1.0,0,8,35,77.65
0,1,1,4983,2129,8.620453225616496,0,1.0,0,0,0,0.0
0,1,1,151,1,8.620174465507997,0,1.0,0,0,0,0.0
1,1,1,3703,351,8.619081384918852,0,1.0,0,3,21,130.9375
1,1,1,2754,6453,8.617649431918624,0,2.0,0,0,0,0.0
0,1,1,8399,669,8.617461299741272,0,1.0,0,0,0,0.0
0,1,1,38965,184,8.617379290970009,0,1.0,0,0,0,0.0
1,1,1,131,96,8.617016398988362,0,1.0,0,2,9,71.5
1,1,1,77,223,8.61694221717479,0,1.0,0,0,0,0.0
0,2,2,58218,3747,8.616807732930107,0,13.0,0,6,53,49.1578947368421
0,1,1,164123,115416,8.616655851925215,0,1.0,0,0,0,0.0
1,1,1,16140,272,8.616274010467055,0,1.0,0,0,0,0.0
1,1,1,70,1,8.616100391433923,0,1.0,0,0,0,0.0
0,1,1,18995,321,8.61603229373321,0,1.0,0,0,0,0.0
1,1,1,335148,26,8.615685942933403,0,2.0,0,3,13,48.93103448275862
0,1,1,41307,369,8.614759795190862,0,1.0,0,0,0,0.0
0,1,1,51915,84515,8.614727821910257,0,1.0,0,1,3,19.5
1,1,1,18383,1,8.614229399977031,0,2.0,0,0,0,0.0
1,1,1,11945,208,8.614071720052069,0,1.0,0,0,0,0.0
1,1,1,145713,4663,8.613580174433897,0,5.0,0,0,0,0.0
1,1,1,1740,1090,8.613271152201534,0,1.0,0,0,0,0.0
0,1,1,89022,18239,8.613170225641847,0,2.0,0,1,26,119.77777777777776
1,1,1,21,1,8.612543308512533,0,1.0,0,1,0,232.0
1,1,1,89829,1203,8.611760802872055,0,1.0,0,0,0,0.0
1,1,1,150555,1330,8.610894101982254,0,1.0,0,0,0,0.0
1,1,1,1595,436,8.610549398963013,0,1.0,0,0,0,0.0
0,1,1,182,1,8.610207484495499,0,1.0,0,0,0,0.0
1,1,1,3213,84,8.609579965292518,0,1.0,0,0,0,0.0
1,1,1,3517,25,8.60795839077481,0,1.0,0,0,0,0.0
1,1,1,77,62,8.607873403323293,0,1.0,0,0,0,0.0
1,1,1,877,242,8.607750041597432,0,1.0,0,0,0,0.0
0,1,1,353,193,8.607424224678528,0,1.0,0,0,0,0.0
0,1,1,187,87,8.60675969378898,0,1.0,0,0,0,0.0
0,1,1,21087,14300,8.605452053157247,0,1.0,0,0,0,0.0
0,1,1,32033,2077,8.605102850429537,0,1.0,0,0,0,0.0
0,1,1,22704,750,8.604849599231727,0,2.0,0,0,0,23.0
1,2,2,6425,388,8.604324971249879,0,14.0,0,0,0,0.0
1,1,1,4023,1684,8.60429131850062,0,1.0,0,0,0,0.0
0,1,1,38,32,8.603884348388824,0,1.0,0,0,0,0.0
0,1,1,8825,199,8.603862578672496,0,4.0,0,0,0,0.0
0,1,1,6572,1078,8.603322708720407,0,1.0,0,0,0,0.0
1,1,1,3653,184,8.602684288815219,0,1.0,0,0,0,0.0
0,1,1,14064,4203,8.60243842094187,0,1.0,0,0,0,0.0
1,1,1,8423,226,8.601853997538315,0,1.0,0,1,23,38.0
0,1,1,164434,270,8.601755447585214,0,1.0,0,0,0,0.0
0,1,1,59455,385,8.601621185157146,0,1.0,0,0,0,0.0
0,1,1,2917,353,8.601516107457954,0,1.0,0,0,0,0.0
1,1,1,189430,2274,8.601323127003168,0,1.0,0,0,0,0.0
0,1,1,8726,672,8.599277185613454,0,1.0,0,0,0,0.0
0,1,1,24420,10689,8.59917201285,0,1.0,0,3,1,125.25
1,1,1,3956,539,8.599108414857756,0,2.0,0,0,0,0.0
0,1,1,184532,120490,8.598255751790857,0,1.0,0,0,0,0.0
0,1,1,13921,14,8.597271456407178,0,1.0,0,2,6,152.5
0,1,1,9076,587,8.596836220521052,0,1.0,0,0,0,0.0
0,1,1,40966,5814,8.596345055159935,0,1.0,2,1,51,37.5948275862069
0,1,1,6381,45227,8.594480718201483,0,1.0,0,0,0,0.0
0,3,2,5795,90,8.59374263926012,0,29.0,0,4,42,146.5
1,1,1,51280,14967,8.593622731535831,0,1.0,0,0,0,0.0
1,1,1,572,2078,8.592889564248079,0,1.0,0,0,0,0.0
1,1,1,18368,1451,8.591682564983241,0,1.0,0,0,0,0.0
0,1,1,13089,191,8.591667639893881,0,2.0,0,0,0,0.0
1,1,1,12880,1590,8.591647517958119,0,1.0,0,1,3,42.5
1,1,1,3108,473,8.591477701495524,0,1.0,0,0,0,0.0
0,1,1,22448,38362,8.590857407176564,0,3.0,0,0,0,0.0
1,1,1,4730,262,8.589672811389812,0,1.0,0,0,0,0.0
1,1,1,10613,92,8.589472542674828,0,1.0,0,0,0,0.0
1,1,1,10319,10473,8.588773471769562,0,1.0,0,0,0,0.0
0,1,1,1331,18,8.588577861203486,0,1.0,0,0,4,322.0
1,1,1,828,21,8.588245389786142,0,1.0,0,0,0,0.0
1,1,1,361,48,8.586796895604074,0,1.0,0,0,0,0.0
1,1,1,1073,133,8.585135679288513,0,1.0,0,0,0,0.0
0,1,1,29,66,8.585023756962354,0,1.0,0,1,0,440.0
1,1,1,67,305,8.584530975508757,0,3.0,0,0,0,0.0
1,1,1,91445,18158,8.584513959005601,0,1.0,0,0,0,0.0
0,1,1,7436,1801,8.58382033845144,0,2.0,0,0,0,0.0
1,1,1,9252,1033,8.583053898671482,0,2.0,0,2,17,207.33333333333337
1,1,1,145766,9538,8.582564602907546,0,1.0,0,0,0,0.0
0,1,1,3464,438,8.580520245922223,0,1.0,0,0,0,0.0
1,1,1,291,21,8.58034431365868,0,1.0,0,0,0,0.0
0,1,1,7554,2375,8.579837304253655,0,1.0,0,0,0,0.0
1,1,1,48359,31377,8.579835434656474,0,1.0,0,0,0,0.0
1,1,1,97549,6338,8.57964936220483,0,1.0,0,0,0,0.0
0,1,1,942,253,8.57960224201825,0,3.0,0,2,6,61.5
1,1,1,34178,10011,8.579357293099449,0,1.0,0,0,0,0.0
0,2,2,133485,278,8.577691672139679,0,10.0,0,4,50,82.2
0,2,2,124418,11642,8.576517977055136,1,12.0,0,0,0,0.0
0,1,1,63454,23,8.575991162595228,0,1.0,0,1,0,30.0
0,1,1,15248,124,8.575765796914695,0,1.0,0,0,0,0.0
1,1,1,5,1,8.574165738608613,0,1.0,0,0,0,0.0
1,1,1,3936,73,8.573770366336957,0,1.0,0,0,0,0.0
0,1,1,22068,15792,8.572466781780463,0,1.0,0,0,0,0.0
1,1,1,22650,635,8.571914014776635,0,2.0,0,3,28,62.57142857142857
0,1,1,715,282,8.571392016906074,0,1.0,0,0,0,0.0
1,1,1,10745,1394,8.571140952186324,0,1.0,0,0,0,0.0
0,1,1,782,9,8.57094765485066,0,2.0,0,0,0,0.0
1,1,1,556,2322,8.570860607673433,0,1.0,0,0,0,0.0
1,1,1,12675,4695,8.569075997943923,0,1.0,0,0,0,0.0
0,1,1,30,1,8.568919902423351,0,1.0,0,0,0,0.0
1,1,1,4256,1138,8.568748850125331,0,1.0,0,0,0,0.0
0,1,1,3008,13491,8.568069806091565,0,2.0,0,0,0,0.0
1,1,1,15114,4044,8.567364524321087,0,1.0,0,31,51,96.125
0,1,1,108,55,8.567014973024412,0,1.0,0,0,0,0.0
1,1,1,8715,50,8.566975331226555,0,2.0,0,0,0,0.0
0,1,1,3573,862,8.566128372015463,0,2.0,0,0,0,0.0
1,1,1,160,21,8.566027096886808,0,1.0,0,0,0,0.0
1,1,1,2087,3312,8.565540367857984,0,1.0,0,0,0,0.0
1,1,1,0,22,8.564971059672319,0,1.0,0,0,0,0.0
0,1,1,11803,9769,8.564967320477956,0,1.0,0,0,28,31.2
0,1,1,45141,2477,8.564923464164421,0,1.0,0,0,39,59.333333333333336
0,1,1,208,15,8.564293061345449,0,1.0,0,0,0,0.0
1,1,1,55952,1320,8.563470026640655,0,1.0,0,0,0,0.0
0,1,1,5418,1268,8.562800837602198,0,1.0,0,0,0,0.0
1,1,1,8573,1381,8.561781241688694,0,2.0,0,0,0,0.0
1,1,1,2608,8,8.561527166600602,0,1.0,0,0,0,0.0
1,1,1,2530,1,8.56115537026628,0,2.0,0,0,1,22.5
1,1,1,581,32,8.559797884272415,0,1.0,0,0,0,0.0
1,1,1,66,62,8.558853198998502,0,1.0,0,0,0,0.0
1,1,1,14332,26131,8.558738266304001,0,2.0,0,0,0,5.0
1,1,1,957,157,8.558279707985244,0,2.0,0,0,0,0.0
0,1,1,30008,31,8.557983867997413,0,1.0,0,0,0,0.0
0,1,1,18468,38,8.557617205133317,0,1.0,0,0,0,0.0
1,1,1,33789,6231,8.55740362742145,0,1.0,0,2,17,58.75
0,1,1,535,111,8.557345257963696,0,1.0,0,0,0,0.0
0,1,1,10188,10464,8.557258686107788,0,1.0,0,3,48,33.86666666666667
1,1,1,76633,1734,8.555957224653179,0,4.0,0,0,0,0.0
0,1,1,208337,10444,8.55583440162481,0,2.0,0,0,0,0.0
0,1,1,49781,1865,8.555777996828503,0,5.0,0,0,0,0.0
0,1,1,417,9,8.555186380229015,0,1.0,0,0,0,0.0
1,1,1,89120,1334,8.555176715362231,0,1.0,0,0,0,110.0
1,1,1,2338,138,8.555080130070573,0,3.0,0,0,0,0.0
0,1,1,1919,19,8.55436119073425,0,1.0,0,0,0,0.0
0,1,1,62524,319,8.553901459956244,0,1.0,0,0,0,0.0
0,1,1,8785,11428,8.553036945544502,0,1.0,0,0,0,0.0
1,1,1,1810,98,8.552533833774278,0,2.0,0,0,0,0.0
0,1,1,1142,27,8.551892657005448,0,1.0,0,0,0,0.0
1,1,1,12516,6776,8.551707693636878,0,1.0,0,0,0,0.0
1,1,1,12293,56,8.551413628181963,0,1.0,0,0,0,0.0
1,1,1,748,466,8.550720356196768,0,2.0,0,0,0,0.0
0,1,1,3326,11,8.550200037794863,0,8.0,0,0,6,97.8
0,1,1,6014,218,8.549343001771843,0,1.0,0,0,0,0.0
0,1,1,534,33,8.549156580751234,0,1.0,0,0,0,0.0
1,1,1,1289,5,8.548112236441147,0,7.0,0,37,51,94.17777777777778
1,1,1,278581,23714,8.54800246890496,0,1.0,0,0,0,0.0
0,2,2,21262,75,8.547824508603796,0,14.0,0,2,43,42.0
0,1,1,41595,4,8.545268167183663,0,1.0,0,0,0,0.0
1,1,1,1726,91,8.544749623314674,0,6.0,0,4,27,120.8
1,1,1,898,534,8.544019624835702,0,1.0,0,0,0,0.0
1,1,1,3667,832,8.542323076302226,0,1.0,0,0,0,0.0
1,1,1,4925,1702,8.541690898950337,0,1.0,0,0,0,0.0
0,2,2,8066,9476,8.540959411131238,0,18.0,0,9,52,101.1904761904762
1,1,1,8817,2111,8.540769631173319,0,1.0,0,0,0,0.0
0,1,1,24,1,8.540753913881764,0,1.0,0,1,0,139.0
1,1,1,7749,416,8.539809165231677,0,1.0,0,1,0,63.0
1,1,1,2867,30,8.539567860442972,0,1.0,0,0,0,0.0
1,1,1,15551,8851,8.538716464899585,0,1.0,0,17,47,146.38709677419354
1,1,1,6873,75,8.538559989121959,0,2.0,0,0,0,0.0
0,2,2,1223,1,8.538550355943263,0,17.0,0,0,0,0.0
1,1,1,1547,61,8.53853983549811,0,1.0,0,0,0,0.0
1,1,1,2543,960,8.536018826295889,0,1.0,0,0,0,0.0
1,3,2,15046,1108,8.534291920574288,0,22.0,0,19,12,160.51724137931035
0,1,1,4780,6302,8.534177399824928,0,6.0,0,0,0,0.0
0,1,1,6319,790,8.53348793041027,0,2.0,0,0,0,0.0
1,2,2,2542,295,8.532471186424669,0,15.0,0,0,0,0.0
1,1,1,34475,16895,8.530814659946103,0,1.0,0,2,28,386.8333333333333
1,1,1,7043,1094,8.528912645851241,0,1.0,0,0,0,46.0
0,1,1,20483,65,8.52789910236251,0,1.0,0,0,0,0.0
1,1,1,4151,459,8.527792757139807,0,1.0,0,1,0,571.0
0,1,1,4019,46,8.527745320072349,0,1.0,0,0,0,0.0
1,1,1,4227,116,8.527065515524475,0,1.0,0,0,0,0.0
0,1,1,16158,8708,8.52663259286876,0,1.0,0,0,0,0.0
0,1,1,3782,72,8.526453143227467,0,2.0,0,0,0,0.0
0,1,1,189,9,8.52353375138525,0,1.0,0,0,0,0.0
0,1,1,46490,5431,8.522633778003243,0,3.0,0,0,0,0.0
0,1,1,2927,1437,8.521274929421603,0,1.0,0,0,0,0.0
0,1,1,35995,235,8.520591639184069,0,4.0,0,12,33,108.8181818181818
1,1,1,100876,182,8.520491029505258,0,1.0,0,0,0,0.0
0,1,1,2491,54,8.519327918242045,0,1.0,0,0,0,0.0
1,1,1,254162,36696,8.51924042743159,0,2.0,0,5,46,120.93333333333334
0,1,1,909,49,8.519116748824851,0,1.0,0,0,0,0.0
1,1,1,5537,686,8.519025930765176,0,2.0,0,0,0,0.0
1,1,1,2248,10,8.51801419349745,0,2.0,0,0,0,0.0
0,1,1,124060,131151,8.517650826194487,0,1.0,0,0,0,70.0
0,1,1,33453,3090,8.517133454784748,0,1.0,0,0,0,0.0
0,1,1,6312,5,8.51659748246746,0,1.0,0,0,0,0.0
1,1,1,18851,1870,8.515775303341039,0,1.0,0,0,0,88.0
0,1,1,196,207,8.514887498184752,0,2.0,0,0,0,0.0
1,1,1,4835,14005,8.514674776051256,0,1.0,0,0,0,0.0
1,1,1,22009,665,8.514582151770577,0,1.0,0,0,0,0.0
0,1,1,715,2331,8.514566656295635,0,2.0,0,0,0,0.0
0,1,1,112852,30303,8.514121090092882,0,1.0,0,0,0,0.0
1,1,1,45114,1267,8.513807821656753,0,1.0,0,0,0,0.0
1,1,1,2088,7157,8.513637941817983,0,2.0,1,0,0,69.44444444444444
0,1,1,44065,24857,8.51357462901853,0,1.0,0,0,0,25.0
0,1,1,1166,49,8.511692039721497,0,1.0,0,0,0,0.0
1,1,1,61390,3458,8.511437774504879,0,1.0,0,0,0,0.0
0,1,1,2911,2148,8.5114122339061,0,1.0,0,0,0,0.0
0,1,1,1013,371,8.511363149058075,0,1.0,0,0,0,0.0
1,1,1,11737,14,8.51123319620995,0,1.0,0,0,0,0.0
0,1,1,3656,731,8.51121190181494,0,1.0,0,0,0,0.0
0,1,1,24262,4491,8.511198434377619,0,1.0,0,0,0,0.0
0,1,1,2530,601,8.510913146523029,0,1.0,0,0,0,0.0
1,1,1,9320,48,8.510895781450907,0,1.0,0,0,0,0.0
1,1,1,71,43,8.510774384386492,0,1.0,0,1,0,162.0
0,1,1,22642,2087,8.50924679673724,0,4.0,0,0,0,0.0
1,1,1,10121,402,8.508239464113721,0,2.0,0,0,0,0.0
0,1,1,521,7,8.50802189370279,0,1.0,0,0,0,65.5
1,1,1,1877,436,8.50676710880153,0,1.0,0,0,0,0.0
0,1,1,397,1,8.506255314495245,0,1.0,0,0,0,0.0
1,1,1,8782,2397,8.505345771310719,0,1.0,0,0,0,0.0
0,1,1,6872,930,8.503170669275077,0,7.0,0,18,50,72.92753623188406
0,1,1,336994,156594,8.502936462618043,1,1.0,0,0,0,0.0
0,1,1,42208,549,8.50181305652886,0,3.0,0,0,0,0.0
1,1,1,29963,337,8.500446983063197,0,1.0,0,0,0,0.0
0,1,1,3450421,9324,8.500154185131796,1,2.0,0,0,0,0.0
1,1,1,4414,1436,8.499794366894667,0,1.0,0,0,0,0.0
1,1,1,53,107,8.497883258318604,0,1.0,0,0,0,0.0
0,1,1,145030,32193,8.495981782921234,0,2.0,0,1,0,16.0
1,1,1,2864,11,8.495951362356934,0,1.0,0,0,24,212.0
1,1,1,31,1,8.495423375437776,0,3.0,0,0,0,0.0
1,1,1,42780,747,8.49431204251005,0,1.0,0,0,0,0.0
0,1,1,455,98,8.494307320984966,0,2.0,0,1,0,275.0
0,1,1,8261,363,8.494178667348441,0,1.0,0,0,0,0.0
0,1,1,107,1,8.493918064514258,0,1.0,0,0,0,0.0
0,1,1,3123,2059,8.493492842063882,0,1.0,0,0,0,0.0
1,1,1,11832,106,8.493255308157627,0,1.0,0,0,0,0.0
1,1,1,2492,8905,8.493120190151188,0,2.0,0,0,0,0.0
1,1,1,45753,3911,8.493092431386264,0,1.0,0,1,0,137.0
1,1,1,2565,358,8.492560736960831,0,1.0,0,0,0,0.0
0,1,1,17171,10456,8.49243667809704,0,1.0,0,0,22,26.5
0,1,1,1299,775,8.490801921334802,0,1.0,0,0,0,0.0
1,1,1,243,23,8.490399260802949,0,1.0,0,1,0,448.0
0,1,1,158258,15049,8.490364150401652,0,6.0,0,0,0,0.0
1,1,1,5528,8090,8.4903211179784,0,2.0,0,0,0,0.0
0,1,1,1404,132,8.489811446773999,0,3.0,0,0,0,0.0
1,1,1,2791,1850,8.489591119499428,0,1.0,0,0,0,0.0
0,1,1,202407,4155,8.4883232474179,0,2.0,0,0,0,0.0
0,1,1,39624,445,8.487458891446598,0,5.0,0,0,0,0.0
0,1,1,11649,746,8.484552776913173,0,6.0,0,1,0,69.5
0,1,1,427,34,8.483851551217937,0,1.0,0,0,0,0.0
0,1,1,2042,19,8.483315262019772,0,2.0,0,0,0,0.0
1,1,1,37469,177,8.482091594820746,0,4.0,0,13,38,68.08333333333333
1,1,1,2274,1693,8.481955526171673,0,1.0,0,0,0,0.0
0,1,1,1137,407,8.48167128402398,0,1.0,0,0,0,0.0
0,1,1,1368,6664,8.481634589218292,0,1.0,0,0,0,0.0
1,1,1,2822,301,8.481334439650517,0,1.0,0,0,0,0.0
0,1,1,6486,247,8.481005105353866,0,1.0,0,0,0,0.0
1,1,1,1101,662,8.48078281341785,0,4.0,0,1,16,53.75
0,1,1,21596,16809,8.47957470506994,0,1.0,0,0,0,0.0
1,1,1,3612,175,8.479221604707428,0,1.0,0,0,0,0.0
0,1,1,3555,2167,8.479212256721523,0,1.0,0,0,0,0.0
0,1,1,1047,2126,8.476540634037923,0,5.0,0,0,0,0.0
0,1,1,369051,40074,8.476154894944962,0,4.0,0,0,0,0.0
0,1,1,441,1,8.476139399470021,0,1.0,0,0,0,0.0
1,1,1,191242,14142,8.475594269295357,0,1.0,0,3,28,74.53333333333333
1,1,1,14767,1922,8.475129880368442,0,1.0,0,0,0,0.0
0,1,1,1734,7147,8.474820889824167,0,1.0,1,1,10,50.833333333333336
0,1,1,88002,1522,8.473013052726289,0,2.0,0,0,0,0.0
1,1,1,103422,7084,8.472671169946864,0,2.0,0,0,0,0.0
0,1,1,45791,6544,8.472293859885262,0,1.0,0,0,0,0.0
0,1,1,12267,328,8.470248520569218,0,1.0,0,1,0,279.0
1,1,1,58472,1045,8.4684595061955,0,2.0,0,0,0,0.0
0,1,1,57895,2490,8.468301826270539,0,1.0,0,1,16,117.33333333333331
0,1,1,4190,2571,8.468204765657564,0,2.0,0,0,0,0.0
0,1,1,7490,752,8.46808726622795,0,1.0,0,0,0,0.0
0,1,1,25459,66605,8.468071960881536,0,1.0,0,0,0,0.0
1,1,1,4279,1634,8.466825795140162,0,1.0,0,0,0,0.0
1,1,1,2377,3696,8.466525930765178,0,1.0,0,0,0,0.0
1,1,1,219471,19851,8.466312638246102,0,1.0,0,0,0,0.0
0,1,1,19965,485,8.466016798258268,0,1.0,0,0,0,0.0
0,1,1,37409,5861,8.465563468474002,0,1.0,0,0,0,0.0
1,1,1,689,1428,8.465281793061422,0,1.0,0,0,0,0.0
1,1,1,1021,504,8.464576828171824,0,3.0,0,0,0,0.0
0,1,1,92593,10910,8.464096531824827,0,2.0,0,0,0,0.0
0,1,1,32703,7792,8.463357692369355,0,2.0,0,2,0,48.0
0,1,1,5447,125,8.462380209924556,0,3.0,0,0,0,0.0
0,1,1,11273,2178,8.461863155395694,0,1.0,0,0,0,0.0
0,1,1,9306,51,8.4614577380002,0,3.0,0,0,0,0.0
1,1,1,35004,456,8.461293847210028,0,1.0,0,0,0,0.0
1,1,1,572,317,8.461070446190938,0,2.0,0,0,0,0.0
1,1,1,1685,142,8.460181848832457,0,1.0,0,0,0,0.0
0,1,1,634,900,8.45992986515816,0,1.0,0,0,0,0.0
0,2,2,11997,1023,8.459595967776863,0,14.0,0,0,0,0.0
1,1,1,552,1,8.459205063525589,0,1.0,0,0,0,0.0
1,1,1,15886,157,8.457852932818565,0,1.0,0,3,31,502.6666666666667
0,1,1,443,689,8.45778242682318,0,1.0,0,0,0,0.0
1,1,1,2514,2649,8.457036996245442,0,3.0,0,0,0,0.0
1,1,1,8664,2,8.456975204474205,0,1.0,0,0,0,0.0
1,1,1,13077,12553,8.456525423755773,0,1.0,0,0,0,0.0
0,1,1,105700,15349,8.455556877351736,0,1.0,0,2,5,165.0
0,1,1,24143,36598,8.455550381293735,0,1.0,0,0,0,0.0
0,1,1,1025,4,8.455206407100514,0,1.0,0,0,0,0.0
0,1,1,43322,238131,8.45514033743742,0,6.0,0,2,11,157.0
0,1,1,94491,9522,8.45496206025538,0,1.0,0,1,22,89.75
0,1,1,2234,3,8.454795666106268,0,1.0,0,0,0,0.0
1,1,1,6815,1243,8.454100049202575,0,2.0,0,0,0,0.0
1,1,1,10836,2984,8.45408052934048,0,2.0,0,0,0,0.0
0,1,1,2863,10,8.453141009224883,0,1.0,0,0,0,0.0
1,1,1,149,21,8.452138366438358,0,1.0,0,0,0,0.0
1,1,1,125965,7888,8.451852825079067,0,1.0,0,1,0,91.5
0,1,1,25754,82516,8.451348223968717,0,1.0,0,0,0,0.0
1,1,1,1644,7,8.451272299310313,0,5.0,0,0,0,0.0
0,1,1,777,851,8.45118927652024,0,1.0,0,0,0,0.0
1,1,1,258,773,8.450977853598346,0,1.0,0,0,0,0.0
0,1,1,611,1105,8.449962282071994,0,1.0,0,0,0,0.0
0,1,1,54,1,8.449289797472405,0,1.0,0,0,0,0.0
0,1,1,19735,546,8.448990915428142,0,1.0,0,3,41,126.42857142857144
1,1,1,5923,285,8.448753444898065,0,2.0,0,0,0,0.0
1,1,1,12549,12,8.448290576999364,0,1.0,0,0,0,0.0
1,1,1,34,1,8.448206476814306,0,1.0,0,0,0,0.0
1,1,1,13290,14975,8.447695601462568,0,1.0,0,0,0,0.0
1,1,1,6595,774,8.446738209265444,0,1.0,0,0,0,0.0
0,3,2,90531,16927,8.446604707351483,0,20.0,0,1,0,76.0
1,1,1,124,1704,8.446462649653812,0,1.0,0,0,0,0.0
0,1,1,1593,1497,8.445695924681065,0,1.0,0,0,0,0.0
1,1,1,2027,138,8.445535012571144,0,3.0,0,2,38,158.11111111111111
1,1,1,3643,1101,8.445325395870254,0,2.0,0,0,0,0.0
0,2,2,645,76,8.443630463429258,0,12.0,0,6,17,223.4
1,1,1,1986,47,8.443200646206149,0,1.0,0,0,0,0.0
1,1,1,19854,3188,8.442695791591095,0,7.0,0,0,0,0.0
1,1,1,59765,27911,8.4411157918446,0,1.0,0,0,0,0.0
0,1,1,236076,62181,8.441068386465231,0,3.0,0,0,0,0.0
1,1,1,51510,6191,8.441040374195603,0,1.0,0,0,0,0.0
0,1,1,37182,50262,8.440314812048925,0,1.0,0,0,0,0.0
1,1,1,7153,396,8.438297263185893,0,1.0,0,0,0,0.0
0,1,1,8168,14,8.438294538010341,0,1.0,0,0,0,0.0
0,1,1,1339,1606,8.4370365843003,0,1.0,0,0,0,0.0
1,1,1,6690,108,8.436061256645472,0,1.0,0,0,0,0.0
1,1,1,4864,6367,8.435092266608207,0,1.0,0,0,0,0.0
1,1,1,412,242,8.434886769358734,0,1.0,0,0,0,0.0
1,1,1,22,1,8.434247905820314,0,1.0,0,0,0,0.0
1,1,1,45596,73750,8.433536856817856,0,1.0,0,0,0,31.0
0,1,1,4967,25067,8.432383505485689,0,1.0,0,0,0,0.0
0,1,1,7469,7,8.432344592513852,0,1.0,0,0,0,0.0
0,1,1,50380,399,8.43216473092742,0,4.0,0,13,54,66.25
0,1,1,287,66,8.431996815750093,0,2.0,0,0,0,0.0
1,1,1,175359,2644,8.431271126851064,0,2.0,0,0,42,23.2
0,1,1,3854,532,8.431106602299135,0,2.0,0,3,33,98.8
1,1,1,5101,203,8.429678546933706,0,1.0,0,0,0,0.0
0,1,1,4347,49,8.429365595378455,0,1.0,0,0,0,0.0
0,1,1,13,11,8.428668647575075,0,1.0,0,0,0,0.0
0,1,1,1196,265,8.428647479932414,0,1.0,0,0,0,0.0
1,1,1,945,1,8.42790084520734,0,2.0,0,1,0,230.0
1,1,1,6350,2856,8.42738825869886,0,1.0,0,0,0,0.0
0,1,1,2299,3588,8.427326371863359,0,4.0,0,0,0,0.0
1,1,1,3019,229,8.426969532306485,0,1.0,0,0,0,0.0
1,1,1,10298,1196,8.42666098539544,0,2.0,0,0,0,0.0
1,1,1,135,1,8.426532458511266,0,1.0,0,1,0,91.5
0,1,1,1165,153,8.42650007328552,0,1.0,0,0,0,0.0
1,1,1,83524,4444,8.426465533269804,0,1.0,0,0,0,0.0
1,1,1,656,1,8.425778028516591,0,7.0,0,0,0,0.0
0,1,1,933,384,8.42524950289994,0,1.0,0,0,0,0.0
0,2,2,2878,142,8.425235084819985,0,13.0,0,0,0,0.0
0,1,1,6495,56,8.424512469665473,0,1.0,0,0,0,0.0
1,1,1,77655,6193,8.424330358224806,0,1.0,0,0,0,0.0
1,1,1,6477,550,8.42422680155383,0,5.0,0,0,0,0.0
0,1,1,551,304,8.423471801173573,0,1.0,0,0,0,0.0
1,1,1,784,70,8.423041350188708,0,1.0,0,0,0,0.0
1,1,1,2093,604,8.42064915306345,0,1.0,0,0,0,0.0
0,1,1,4610,1348,8.42009134765366,0,4.0,0,0,0,0.0
0,1,1,23278,4074,8.41929375848338,0,1.0,0,0,0,0.0
0,1,1,9609,4223,8.419253261107155,0,2.0,0,0,0,0.0
1,4,2,37876,450,8.419193877630592,0,39.0,0,32,54,53.48936170212766
0,1,1,1871,6430,8.417734165865438,0,1.0,0,0,0,0.0
0,1,1,198853,16812,8.417171448802037,0,9.0,0,1,0,55.666666666666664
1,1,1,34675,533,8.416997798080816,0,1.0,0,0,0,0.0
1,1,1,8713,242,8.416576536641417,0,3.0,0,0,0,0.0
1,1,1,2787,335,8.416556129512864,0,1.0,0,1,16,141.5
0,1,1,439,1,8.416544373232284,0,1.0,0,0,0,0.0
1,1,1,4095,1225,8.415542997969274,0,1.0,0,0,0,0.0
0,1,1,314,714,8.415224786191445,0,2.0,0,0,0,0.0
1,1,1,17159,169,8.414783466192459,0,1.0,0,0,0,0.0
1,1,1,4664,2368,8.414282097267066,0,1.0,0,0,0,0.0
0,1,1,17995,1800,8.414044690113164,0,1.0,0,0,0,0.0
0,1,1,347,234,8.412866368567798,0,1.0,0,0,0,0.0
0,1,1,24767,6869,8.41266876165219,0,7.0,0,0,0,0.0
0,1,1,1016,1,8.410497208682383,0,1.0,0,0,0,0.0
1,1,1,1656,333,8.409704087532486,0,1.0,0,0,0,0.0
1,1,1,3429,118,8.409652784518315,0,1.0,0,0,0,0.0
1,1,1,22560,449,8.40883542198124,0,3.0,0,4,47,114.5925925925926
0,1,1,61908,2762,8.408694695183257,0,1.0,0,1,2,153.25
1,1,1,31906,811,8.408422241004232,0,1.0,0,4,25,22.321428571428573
1,1,1,11,15,8.40823293636763,0,1.0,0,1,0,865.0
0,1,1,2393,5,8.408060933426976,0,1.0,0,0,0,0.0
0,1,1,4180,5055,8.407460570915251,0,2.0,0,0,0,0.0
0,1,1,24900,2393,8.407446089459121,0,1.0,0,0,0,0.0
1,1,1,12280,32,8.407088933021369,0,1.0,0,0,0,0.0
1,1,1,1725,1810,8.406897093337742,0,1.0,0,6,7,125.96774193548389
1,1,1,12184,366,8.406808018122897,0,1.0,0,0,45,91.28571428571428
1,1,1,5544,57,8.406647454581943,0,5.0,0,0,0,0.0
0,1,1,10829,713,8.405818589268993,0,1.0,0,0,0,0.0
0,1,1,722601,10803,8.405347894412603,1,1.0,0,0,0,0.0
0,1,1,8129,35,8.405244939815296,0,1.0,0,0,0,0.0
1,1,1,63753,21093,8.40523863388582,0,2.0,0,0,0,0.0
0,2,2,14574,106,8.4041114252261,0,18.0,0,0,0,0.0
0,1,1,3819,98,8.402808791312241,0,1.0,0,0,0,0.0
1,1,1,47663,4,8.402321301769309,0,9.0,0,4,52,188.22222222222223
1,1,1,57416,6430,8.402254249775494,0,1.0,0,0,0,0.0
1,1,1,27,18,8.402157284226783,0,1.0,0,0,0,0.0
1,1,1,72088,3852,8.401707788701142,0,4.0,0,0,0,0.0
0,1,1,2684,7197,8.400413900699519,0,1.0,0,0,0,0.0
1,1,1,1466,7370,8.39996931682749,0,1.0,0,0,39,125.46666666666668
0,1,1,19725,866,8.399935980959109,0,1.0,0,0,0,0.0
1,1,1,266,1,8.39986290822861,0,2.0,0,0,0,0.0
0,1,1,6406,2028,8.39856696050128,0,1.0,0,1,0,48.0
0,1,1,2755,1419,8.397972935607116,0,1.0,0,0,0,0.0
0,1,1,2424,902,8.397812530506602,0,2.0,0,0,0,0.0
1,1,1,2345,50,8.39745857456572,0,1.0,0,0,0,0.0
0,1,1,46314,998,8.396450608180443,0,6.0,0,0,0,0.0
1,1,1,2370,59,8.396367838895072,0,1.0,0,0,0,0.0
0,1,1,154,113,8.396290361520368,0,1.0,0,0,0,0.0
1,1,1,225,153,8.393746346766394,0,1.0,0,0,0,0.0
0,1,1,327,27,8.393542402233223,0,2.0,0,0,0,0.0
1,1,1,958,1,8.392930948890763,0,1.0,0,0,0,0.0
1,1,1,6328,581,8.392116786850558,0,4.0,0,7,36,116.52631578947368
0,1,1,2109,445,8.391587754224503,0,1.0,0,0,0,0.0
1,1,1,963,305,8.390768553778335,0,1.0,0,0,0,0.0
1,1,1,60534,1,8.39055579995675,0,1.0,0,0,0,0.0
1,1,1,1815,161,8.390027527844802,0,3.0,0,0,0,0.0
1,1,1,1533,1298,8.389401054348719,0,1.0,0,0,0,134.0
0,1,1,13429,776,8.38880091365361,0,3.0,0,0,0,0.0
1,1,1,3593,1042,8.3884140021014,0,1.0,0,0,0,0.0
0,1,1,12443,64,8.388297485002509,0,1.0,0,1,1,46.0
0,1,1,7317,2317,8.38748148505321,0,1.0,0,0,0,0.0
1,1,1,504,55,8.386845283314166,0,1.0,0,0,0,0.0
0,1,1,46043,2574,8.386076593679974,0,1.0,0,0,0,0.0
0,1,1,784,1,8.38571439883626,0,7.0,0,0,0,0.0
1,1,1,11311,5105,8.385435258470705,0,2.0,0,0,0,0.0
1,3,2,41359,19654,8.384892980223944,0,25.0,4,48,1190,78.46868686868687
1,1,1,20811,5649,8.383871007703855,0,1.0,0,0,0,0.0
0,1,1,20206,1843,8.382654660453113,0,1.0,0,0,0,0.0
0,1,1,2547,22,8.382387624937104,0,1.0,0,0,0,0.0
1,1,1,3150,13547,8.382385565211395,0,9.0,1,4,24,179.8
1,1,1,86031,760,8.382375583463734,0,4.0,0,0,0,48.5
1,1,1,2078,985,8.38232390019251,0,1.0,0,0,0,0.0
1,1,1,10620,2481,8.382064248000962,0,1.0,0,0,0,0.0
1,1,1,209,681,8.380211255377949,0,1.0,0,0,0,0.0
0,1,1,73449,6427,8.380027654597153,0,6.0,0,1,0,296.0
1,1,1,617,15,8.379089940702562,1,1.0,0,0,0,0.0
0,1,1,24423,5691,8.378373631477524,0,2.0,0,0,0,0.0
0,1,1,1009,72,8.37773210613973,0,1.0,0,1,0,209.0
0,1,1,61031,1472,8.377622401979718,0,1.0,0,0,26,57.0
0,1,1,14661,1430,8.377353496866528,0,1.0,0,0,0,0.0
1,1,1,98152,87,8.377171480490125,0,1.0,0,0,0,0.0
0,1,1,14,47,8.37714457730357,0,1.0,0,0,0,0.0
1,1,1,6608,3681,8.377031387453899,0,1.0,0,0,0,0.0
1,1,1,11864,175,8.37662387864461,0,1.0,0,0,0,0.0
0,1,1,96313,412,8.376174731687934,0,1.0,0,0,0,0.0
0,1,1,40051,17911,8.375660148829922,0,1.0,0,0,0,0.0
0,1,1,76,5,8.375576238773391,0,1.0,0,0,0,0.0
0,1,1,7053,64,8.375566035209115,0,2.0,0,0,0,0.0
1,1,1,468,1,8.37482694224894,0,1.0,0,1,0,96.0
0,1,1,38519,1155,8.372289296800616,0,2.0,0,0,0,0.0
1,1,1,3189,343,8.372031767710952,0,1.0,0,0,0,0.0
1,1,1,110228,277806,8.371414959081653,0,2.0,0,0,0,0.0
1,1,1,45727,6637,8.371322524929498,0,2.0,0,1,4,79.33333333333333
1,1,1,625,700,8.369731497728445,0,1.0,0,0,0,0.0
0,1,1,106317,14694,8.369412969069737,0,1.0,0,0,0,0.0
0,1,1,584,3,8.36727272393069,0,1.0,0,0,0,0.0
1,1,1,5320,396,8.367201901054425,0,3.0,0,0,0,0.0
1,1,1,17032,1155,8.366498710697744,0,2.0,0,0,0,0.0
0,1,1,107825,681,8.36639775244997,0,2.0,0,2,31,29.4
1,6,3,118430,577,8.36542055519796,0,52.0,0,53,54,63.57954545454545
0,1,1,28397,8635,8.364193085428395,1,1.0,0,0,0,0.0
0,1,1,4473,174,8.363469868200216,0,1.0,0,0,0,0.0
0,1,1,14164,8554,8.363364315179707,0,1.0,0,0,0,0.0
0,1,1,8229,16798,8.363216236745354,0,1.0,0,0,0,0.0
0,1,1,2418,291,8.361654869594492,0,1.0,0,0,0,0.0
1,1,1,6832,3653,8.361329401244554,0,1.0,0,0,0,0.0
0,1,1,626,426,8.361234241916849,0,1.0,0,0,0,0.0
1,1,1,2360,1790,8.361114429256824,0,1.0,0,0,0,0.0
0,1,1,1440,7,8.360593540469337,0,4.0,0,0,0,0.0
1,1,1,763,5,8.360553138157375,0,1.0,0,0,0,0.0
1,1,1,7898,1110,8.358534638651708,0,1.0,0,0,0,0.0
1,2,2,14497,185,8.357653076048722,0,14.0,0,9,53,96.40789473684212
0,1,1,559,13,8.3564689238952,0,1.0,0,1,0,208.0
1,1,1,18279,44336,8.356115189770932,0,1.0,0,0,0,22.0
0,1,1,37167,14493,8.355884690620172,0,2.0,0,0,0,0.0
0,1,1,563,150,8.355853731358378,0,2.0,0,0,0,0.0
0,1,1,7005,6287,8.355514954011559,0,2.0,0,0,0,0.0
0,1,1,2001,1,8.352895426544324,0,1.0,0,0,0,0.0
1,1,1,140880,1992,8.352369309222347,0,2.0,0,0,0,0.0
1,2,2,133113,3294,8.352202724944709,0,12.0,0,0,0,0.0
1,1,1,4077,5262,8.35088662359353,0,1.0,0,0,0,0.0
0,1,1,4865,1210,8.348906688490732,0,1.0,0,0,0,0.0
0,1,1,6154,9943,8.348083590409763,0,2.0,0,2,1,70.0
0,1,1,14486,5335,8.347896725755923,0,2.0,0,0,0,0.0
1,1,1,2456,682,8.347608966230485,0,1.0,0,0,0,0.0
1,4,2,23328,55,8.346880076834587,0,36.0,0,139,54,54.637770897832816
0,4,2,12613,5,8.346577423907874,0,33.0,0,78,50,88.81967213114754
1,1,1,256,2584,8.346075674725427,0,1.0,0,0,0,0.0
0,1,1,13262,7770,8.346023928078028,0,5.0,0,0,0,0.0
0,1,1,3704,4607,8.345640533903564,0,1.0,0,0,0,0.0
0,1,1,4354,3195,8.34447121177514,0,1.0,0,0,0,0.0
0,1,1,4351,852,8.344364106038329,0,5.0,0,0,0,0.0
0,1,1,71,3,8.344337741549268,0,1.0,0,1,0,186.0
1,1,1,68763,67086,8.343650141731791,0,1.0,0,7,25,95.625
0,1,1,240,182,8.34256989481821,0,1.0,0,0,0,0.0
0,1,1,1747,272,8.342437818868202,0,5.0,0,0,0,0.0
1,1,1,5545,43,8.342379386034272,0,2.0,0,0,0,0.0
1,1,1,20,1,8.342224431284862,0,1.0,0,0,0,0.0
1,1,1,7834,3636,8.341938699797042,0,3.0,0,0,0,0.0
1,1,1,13782,677,8.34135586079788,0,1.0,0,0,0,0.0
1,1,1,3680,909,8.340396852508276,0,1.0,0,0,0,0.0
0,1,1,31995,1556,8.340147625697618,0,9.0,0,0,0,0.0
1,1,1,7919,50,8.338727524042232,0,2.0,0,0,0,0.0
1,1,1,12095,2374,8.33863550183522,0,1.0,0,0,0,0.0
0,5,3,89341,5,8.338066447154256,0,41.0,0,8,54,55.917808219178085
0,1,1,4457,2574,8.336461477194563,0,2.0,0,0,0,0.0
1,1,1,84350,2454,8.33645586840302,0,2.0,0,0,0,0.0
1,1,1,81,107,8.33551970722473,0,1.0,0,0,0,0.0
1,1,1,14862,1353,8.33444177354156,0,1.0,0,0,0,0.0
0,1,1,10528,1378,8.333421733994827,0,1.0,0,0,0,0.0
1,1,1,116,1,8.33232244254047,0,1.0,0,0,0,0.0
1,1,1,279632,6942,8.331769105151063,0,1.0,0,1,17,68.5
1,1,1,6828,279,8.33144411212244,1,2.0,0,0,43,43.375
0,1,1,189,1,8.330967650034069,0,2.0,0,0,0,0.0
1,1,1,365,583,8.330745960171722,0,1.0,0,0,0,0.0
0,1,1,26676,6528,8.330620063398838,0,1.0,0,1,0,33.25
1,1,1,20425,1114,8.33048231528111,0,1.0,0,0,0,0.0
0,1,1,23255,5186,8.33046013361964,0,2.0,0,1,0,117.0
1,1,1,17229,341,8.330350017514487,0,1.0,0,4,44,113.95
1,3,2,3097,194,8.330227986688314,0,20.0,0,1,0,63.0
0,1,1,6016,140,8.329724779853828,0,1.0,0,0,0,0.0
1,1,1,215,19,8.328891573272845,0,1.0,0,1,0,223.0
1,1,1,3006,88,8.328865177095697,0,1.0,0,0,0,0.0
0,1,1,61914,6682,8.328453612211169,0,1.0,0,0,0,0.0
0,1,1,38762,5734,8.32837819456217,0,1.0,0,0,0,0.0
1,1,1,171,90,8.328162778941211,0,1.0,0,0,0,0.0
0,1,1,3220,31,8.327909147486347,0,1.0,0,0,0,0.0
0,1,1,21514,80,8.326013534385224,0,1.0,0,0,0,0.0
1,1,1,2287,2810,8.325356101627346,0,2.0,0,0,0,0.0
1,1,1,3976,1385,8.325251340809034,0,1.0,0,0,0,0.0
0,1,1,26674,565,8.325016944023472,0,3.0,0,0,0,0.0
1,1,1,91973,51652,8.324153475318628,0,1.0,0,0,0,0.0
1,1,1,12935,4704,8.324108161353054,0,1.0,0,0,0,0.0
1,1,1,89,3,8.323307403373994,0,7.0,0,0,0,0.0
0,1,1,1123,1293,8.322296141427584,0,1.0,0,0,0,0.0
1,1,1,508,1396,8.322082912284683,0,1.0,0,0,0,0.0
1,1,1,90,1,8.322023940753262,0,2.0,0,1,0,19.0
0,2,2,147937,2879,8.321657563081956,0,19.0,0,20,51,129.53684210526316
0,1,1,46,3,8.32145428399863,0,1.0,0,1,0,207.0
1,1,1,5404,962,8.320739495801808,0,1.0,0,0,0,0.0
1,1,1,28360,2477,8.320683819831519,0,2.0,0,0,0,0.0
0,1,1,744,498,8.319202274973861,0,1.0,0,0,0,0.0
1,1,1,25905,7065,8.317804291603771,0,5.0,0,1,0,352.0
0,1,1,586,2733,8.31773514819616,0,1.0,0,0,0,0.0
1,2,2,9232,229,8.317324787458968,0,15.0,0,56,53,145.92282958199357
0,1,1,10095,299,8.31705803713575,0,1.0,0,0,36,170.25
0,1,1,798,240,8.317036267419422,0,1.0,0,0,0,0.0
1,1,1,11691,9296,8.316884164597914,0,1.0,0,0,0,0.0
0,1,1,1653,195,8.315866438281592,0,1.0,0,0,0,0.0
1,1,1,13266,17583,8.3148481098916,0,2.0,0,0,0,0.0
1,1,1,13233,4297,8.314705513496436,0,1.0,0,0,0,0.0
1,1,1,50954,142,8.314476471997716,0,2.0,0,0,0,0.0
1,1,1,12491,370,8.314038954569268,0,2.0,0,0,0,0.0
1,1,1,10816,441,8.313935176081678,0,1.0,0,1,22,153.0
1,1,1,16837,18796,8.313811846043905,0,2.0,0,0,0,0.0
0,1,1,2234,33,8.313588191520115,0,5.0,0,80,39,72.82758620689656
1,1,1,19232,3247,8.313010390926912,1,2.0,0,0,0,0.0
1,1,1,4507,1,8.312190271526198,0,7.0,0,0,1,49.714285714285715
1,1,1,5083,24,8.311564273351433,0,1.0,0,0,0,0.0
1,1,1,1771,2677,8.311111767457447,0,1.0,0,0,0,0.0
0,1,1,1999,1107,8.31076963117332,0,1.0,0,0,0,0.0
0,1,1,35884,654,8.309258869898699,0,1.0,0,0,0,229.33333333333337
0,1,1,2526,356,8.309019529771438,0,1.0,0,1,0,70.0
0,1,1,97656,4860,8.308393151339619,0,4.0,0,0,0,0.0
1,1,1,38778,1418,8.30686306033143,0,2.0,0,0,0,0.0
1,1,1,4642,232,8.306528592564554,0,1.0,0,0,0,0.0
1,1,1,8359,296,8.306168489134635,0,1.0,0,0,0,0.0
0,1,1,11399,5,8.305765226529113,0,1.0,0,0,0,0.0
0,1,1,90552,879,8.305456204296751,0,2.0,0,3,10,58.4
0,1,1,1121,144,8.301674801401727,0,1.0,0,0,13,89.85714285714286
0,1,1,830,717,8.301212567264784,0,1.0,0,0,0,0.0
0,1,1,106661,25854,8.300489920422185,0,2.0,0,2,41,32.65
1,1,1,1480,69,8.30031009052384,0,1.0,0,0,0,0.0
0,1,1,610,1,8.298942464341875,0,2.0,0,0,0,0.0
0,1,1,156,981,8.297955000149415,0,1.0,0,0,0,0.0
0,1,1,8602,235,8.297937001315535,0,1.0,0,0,0,0.0
0,1,1,61916,17243,8.297161276925848,0,1.0,0,0,0,0.0
1,1,1,2124,41,8.295718042966358,0,1.0,0,0,0,0.0
1,1,1,5960,11927,8.295587931677794,0,1.0,0,0,0,0.0
0,1,1,12287,8179,8.295002113998375,0,1.0,0,0,0,0.0
0,1,1,145869,3008,8.294620589421095,0,7.0,0,3,32,51.84848484848485
0,1,1,17371,1134,8.294419845384793,0,1.0,0,0,0,0.0
1,1,1,1697,2867,8.29295012018389,0,1.0,0,0,0,0.0
1,4,2,231504,7464,8.290584034042993,0,39.0,0,2,40,112.1818181818182
1,1,1,109684,860,8.289300127789032,0,3.0,0,0,0,0.0
1,1,1,2262,952,8.289216281108676,0,1.0,0,0,0,0.0
0,1,1,135,165,8.28796998861495,0,1.0,0,0,0,0.0
0,6,3,21565,5032,8.28720532336791,0,79.0,0,103,54,90.71808510638296
0,1,1,26405,44543,8.286692768547518,0,1.0,0,0,0,0.0
1,1,1,14243,37556,8.285364372218266,0,1.0,0,0,0,0.0
1,1,1,399,881,8.285323272768371,0,4.0,0,0,0,0.0
1,1,1,4002,4643,8.28515440694841,0,1.0,0,0,0,0.0
0,1,1,1004,14098,8.284982879329073,0,1.0,0,0,0,0.0
1,1,1,22991,2058,8.28461124143519,0,1.0,0,0,0,0.0
1,1,1,607,836,8.283640698681621,0,9.0,0,0,0,0.0
1,1,1,170695,14294,8.282873973708874,0,1.0,0,1,1,147.0
1,1,1,342,1846,8.282062980477448,0,2.0,0,0,0,0.0
0,1,1,139306,4543,8.281861444238952,0,3.0,0,0,0,0.0
1,1,1,3541,24,8.281753609676121,0,2.0,0,4,34,130.75
1,1,1,5732,32096,8.28157894493609,0,3.0,2,1,36,33.41121495327103
1,1,1,14005,5645,8.280957224653179,0,1.0,0,0,0,74.0
0,1,1,14370,78,8.280000973227216,0,7.0,0,0,0,0.0
1,1,1,21590,107,8.279162189542777,0,1.0,0,0,0,0.0
1,1,1,411,432,8.27892094813025,0,4.0,0,0,0,0.0
0,1,1,6958,783,8.278172697312696,0,1.0,0,0,0,0.0
0,1,1,57457,14290,8.27807379879063,0,1.0,0,0,0,0.0
1,1,1,9229,13303,8.278000250738813,0,1.0,0,0,0,0.0
0,1,1,4539,2159,8.276800254541383,0,1.0,0,0,0,0.0
0,1,1,7933,1057,8.276416987119273,0,1.0,0,0,0,0.0
1,1,1,3885,502,8.27613116056719,0,1.0,0,0,0,0.0
0,1,1,930,357,8.275835637460236,0,1.0,0,0,0,0.0
0,1,1,2311,5996,8.274144412525514,0,1.0,0,0,0,0.0
0,1,1,16108,35639,8.273654863256874,0,1.0,0,0,0,0.0
1,1,1,4206,709,8.273019485408115,0,1.0,0,0,0,0.0
1,1,1,21961,7230,8.272961844776383,0,1.0,0,0,0,0.0
1,1,1,6429,38,8.272911619157197,0,1.0,0,0,0,0.0
1,1,1,5872,12091,8.272849573881256,0,1.0,0,0,0,0.0
0,1,1,5274,687,8.272124645496335,0,1.0,0,0,0,0.0
1,1,1,7999,89,8.270370139450248,0,2.0,0,0,0,0.0
0,1,1,53256,1586,8.267899641060003,0,1.0,0,0,0,0.0
0,1,1,48457,838,8.267677063931197,0,1.0,0,0,0,0.0
1,1,1,626,126,8.267598128904453,0,2.0,0,0,0,0.0
1,2,2,7606,25,8.265951584173548,0,19.0,0,0,0,0.0
0,1,1,4737,1,8.264992227314979,0,1.0,0,1,0,47.0
1,1,1,12138,5705,8.264179934871953,0,6.0,0,0,0,0.0
0,1,1,13920,55,8.263228024714019,0,5.0,0,2,5,107.6
1,1,1,5,1,8.26310089210571,0,1.0,0,0,0,0.0
0,1,1,123435,32501,8.262939884931527,1,8.0,0,0,0,0.0
1,1,1,4307,22854,8.262401694448092,0,1.0,0,0,0,0.0
0,1,1,5842,623,8.262345131211346,0,1.0,0,0,0,0.0
1,1,1,112767,11044,8.262201584173548,0,1.0,0,0,0,0.0
1,1,1,1276,1,8.259724367908685,0,1.0,0,1,2,194.33333333333337
1,1,1,2785,149,8.25966298808259,0,1.0,0,0,0,0.0
0,1,1,20800,179,8.258145160364386,0,1.0,0,0,0,0.0
0,1,1,4977,111,8.257728240193018,0,1.0,0,0,0,0.0
1,1,1,6283,4448,8.257626838312012,0,1.0,0,0,0,0.0
1,1,1,1391,20,8.257599649932667,0,1.0,0,0,0,0.0
0,1,1,1203,363,8.257259224805281,0,4.0,0,0,0,0.0
1,1,1,178,1,8.25721663601526,0,1.0,0,0,0,0.0
1,4,2,6740,6315,8.257057276621643,0,34.0,0,2,0,105.2
1,1,1,482,160,8.256757127053868,0,1.0,0,0,0,0.0
1,1,1,9862,209,8.256552770575555,0,5.0,0,0,0,0.0
1,1,1,25,1,8.255856710038632,0,2.0,0,0,0,0.0
1,1,1,8157,8645,8.255147118688212,0,1.0,0,0,0,0.0
1,1,1,18386,2496,8.254523433743858,0,1.0,0,0,0,0.0
0,1,1,102,1867,8.252476066390193,0,1.0,0,0,0,0.0
0,1,1,1079,1,8.252338191520113,0,1.0,0,0,0,0.0
1,1,1,3884,66,8.25214879181925,0,1.0,0,0,0,0.0
0,1,1,6719,33,8.252017096126295,0,2.0,0,0,0,0.0
1,1,1,80041,7533,8.251833970666818,1,8.0,0,0,32,48.6
0,1,1,24089,24667,8.251486384031585,0,1.0,0,0,0,0.0
1,1,1,2291,183,8.250679827132455,0,1.0,0,0,0,0.0
1,1,1,42524,65,8.250589325953658,0,7.0,0,0,0,0.0
0,1,1,1923,13829,8.249856887491925,0,1.0,0,0,0,0.0
0,1,1,23377,19449,8.249527711635713,0,1.0,0,0,0,0.0
0,1,1,4298,6477,8.249336157144876,0,1.0,0,0,0,0.0
1,1,1,8,1,8.248951337006464,0,1.0,0,0,0,0.0
1,1,1,2537,23,8.24890225215844,0,1.0,0,0,0,0.0
1,1,1,1113,120,8.248361463251804,0,3.0,0,0,0,0.0
1,1,1,19638,17917,8.247942958676045,1,1.0,1,6,41,50.17857142857143
0,3,2,5747,1,8.247869315559965,0,29.0,0,0,0,0.0
0,1,1,8737,455,8.246867623416076,0,1.0,0,0,0,0.0
1,1,1,18294,1295,8.245233215222804,0,1.0,0,0,0,0.0
1,1,1,1042,301,8.244586873295662,0,1.0,0,0,0,0.0
1,1,1,24988,846,8.244303074781199,0,1.0,0,0,0,0.0
1,1,1,786,1063,8.244208866096127,0,1.0,0,0,0,0.0
1,1,1,11399,1263,8.24377613356894,0,2.0,0,1,0,63.0
1,1,1,66,1,8.243526177932262,0,2.0,0,0,0,0.0
1,1,1,936,2,8.242863960273125,0,1.0,0,0,0,0.0
1,1,1,8008,91,8.242819216693132,0,1.0,0,0,0,0.0
0,1,1,9529,1689,8.242721585694577,0,2.0,0,0,0,0.0
0,1,1,3454,143,8.242367059368112,0,1.0,0,0,0,0.0
0,1,1,21652,182,8.240988057162621,0,1.0,0,0,0,0.0
1,1,1,15724,121,8.240756734121579,0,3.0,0,0,5,200.75
0,1,1,120,1,8.24034447209912,0,1.0,0,0,0,0.0
1,1,1,50825,1963,8.239893740738053,0,1.0,0,0,30,39.95454545454545
1,1,1,7962,345,8.239230445683928,0,1.0,0,0,0,0.0
1,1,1,6836,200,8.238587019060866,0,4.0,0,0,0,0.0
1,1,1,299,45,8.237692400965699,0,1.0,0,0,0,0.0
0,1,1,5548,2154,8.23660879511481,0,1.0,0,0,0,0.0
0,2,2,8818,1554,8.236285608307195,0,13.0,0,0,0,0.0
1,1,1,32721,4944,8.23542039675752,0,2.0,0,0,0,0.0
0,1,1,16233,3423,8.234640616292593,0,1.0,0,0,0,0.0
0,1,1,24332,1582,8.234217516944101,0,7.0,0,0,0,0.0
0,1,1,47,28,8.234140768395415,0,2.0,0,0,0,0.0
1,1,1,157990,78823,8.233392454201686,0,2.0,0,0,0,0.0
1,1,1,851,12,8.23297014705539,0,2.0,0,0,0,0.0
0,1,1,7729,29,8.232142359137423,0,1.0,0,0,0,78.8
1,2,2,9016,3537,8.232111051306664,0,11.0,0,0,0,0.0
0,1,1,16801,150,8.232001125330036,0,1.0,0,0,0,0.0
1,1,1,3694,587,8.23147500800806,0,1.0,0,0,0,0.0
1,1,1,197614,70065,8.230545849897178,1,1.0,0,1,0,94.0
1,1,1,16710,22224,8.22985492283048,0,2.0,0,0,0,0.0
1,1,1,42060,9770,8.229778364410322,0,2.0,0,2,41,249.0
1,1,1,40489,20303,8.228683509288258,0,1.0,0,0,0,0.0
1,1,1,121874,2491,8.227528446799349,0,2.0,0,0,0,0.0
0,1,1,210,1,8.22712442367972,0,1.0,0,0,0,0.0
0,6,3,258709,70516,8.22698499609334,1,97.0,0,73,54,73.83037974683545
1,1,1,2558,30268,8.22695235736289,0,1.0,0,0,0,0.0
1,1,1,1213,380,8.226443066415543,0,2.0,0,0,0,1.0
0,1,1,8166,14176,8.224143842139933,1,1.0,0,0,0,0.0
1,1,1,1712,84,8.223893316117675,0,1.0,0,0,0,0.0
1,1,1,22,1,8.22374308289335,0,1.0,0,1,0,110.0
0,1,1,452,6551,8.223665732270995,0,1.0,0,0,0,0.0
0,1,1,164528,16934,8.223327556997843,0,7.0,0,0,0,0.0
0,1,1,8938,133,8.223202325674803,0,4.0,0,0,0,0.0
1,1,1,5784,590,8.223194657157551,0,3.0,0,0,0,0.0
1,1,1,9701,6001,8.221974380583921,0,1.0,0,0,0,0.0
0,1,1,18238,1269,8.221420092551877,0,1.0,0,0,0,0.0
1,1,1,49346,1743,8.221367078380965,0,1.0,0,3,35,79.7
0,1,1,1821,7131,8.2212861153166,0,1.0,0,0,0,0.0
1,1,1,96546,4054,8.220749414173294,0,4.0,0,0,0,0.0
1,1,1,4651,1056,8.220550096100943,0,1.0,0,0,0,0.0
0,1,1,95870,32629,8.219436291502369,0,2.0,0,0,0,0.0
1,1,1,3366,2,8.219166087177578,0,3.0,0,0,0,0.0
1,1,1,4425,8244,8.219112407556821,0,1.0,0,0,0,0.0
0,1,1,3368,285,8.217030246682738,0,2.0,0,1,0,29.0
1,1,1,645,18,8.21659082796902,0,1.0,0,0,0,0.0
0,1,1,98429,983,8.215873726541789,0,1.0,0,0,0,0.0
0,1,1,34120,1172,8.215465362154129,0,1.0,0,0,0,0.0
0,1,1,207953,31138,8.215451165890789,1,5.0,0,0,0,379.0
0,1,1,62,1,8.215094072829212,0,1.0,0,0,0,0.0
1,1,1,10071,162,8.215027179275836,0,2.0,0,0,0,0.0
0,1,1,110,362,8.2149679859278,0,3.0,0,1,0,226.0
0,1,1,83318,9786,8.213698022432478,0,1.0,0,0,0,0.0
1,1,1,3883,52,8.211240769662938,0,3.0,0,0,0,0.0
0,1,1,597,210,8.211004503280197,0,1.0,0,0,0,0.0
0,1,1,20153,6003,8.210681094655968,0,1.0,0,0,0,0.0
0,1,1,15310,368,8.210593160212284,0,1.0,0,0,0,0.0
1,1,1,34641,1997,8.209467092323724,0,3.0,0,0,31,188.4375
1,1,1,26998,1122,8.208197699213981,0,1.0,0,0,0,0.0
1,1,1,38040,1947,8.208105391814179,0,1.0,0,0,0,0.0
0,1,1,13269,1384,8.20761961342799,0,1.0,0,0,0,0.0
0,1,1,2046,1,8.207374094123606,0,2.0,0,0,0,0.0
1,1,1,1267,286,8.207243349073286,0,1.0,0,0,0,0.0
0,1,1,15987,45,8.20536982256937,0,1.0,0,3,9,127.3846153846154
1,1,1,929,1584,8.205223075034704,0,1.0,0,0,0,0.0
1,1,1,8608,3234,8.203121077417647,0,1.0,0,2,29,67.0
0,1,1,2158,334,8.202206559203335,0,1.0,0,0,0,0.0
1,1,1,31548,553,8.201482771589575,0,9.0,0,11,48,83.05714285714286
0,1,1,1696,1,8.198672481833698,0,1.0,0,0,0,0.0
1,1,1,14644,2893,8.197514123783657,0,1.0,0,0,0,0.0
1,1,1,12658,328,8.197109752095063,0,1.0,0,0,0,0.0
0,1,1,1476,7,8.196588134481557,0,2.0,0,0,0,0.0
1,1,1,6127,6570,8.196073393183104,0,2.0,0,0,0,0.0
1,1,1,2957,189,8.195568601944228,0,1.0,0,0,0,22.0
1,1,1,836,711,8.194751651352293,0,1.0,0,0,0,0.0
1,1,1,77663,2953,8.19465050297599,0,1.0,0,0,0,58.833333333333336
1,1,1,47211,32562,8.194441551724946,1,1.0,0,0,0,0.0
0,1,1,18098,6862,8.193514485027858,0,1.0,0,0,0,0.0
0,1,1,1638,1,8.191855740383145,0,2.0,0,0,0,0.0
0,1,1,34296,8596,8.191650369886023,0,4.0,0,0,0,0.0
0,1,1,59,121,8.191279555882423,0,1.0,0,0,0,0.0
1,1,1,9908,102,8.19096692120805,0,1.0,0,0,0,0.0
0,1,1,3752,85,8.19068381983152,0,1.0,0,0,0,0.0
0,1,1,106,1,8.189910915681647,0,4.0,0,4,41,108.66666666666669
1,1,1,6960,92,8.187969544981721,0,1.0,0,0,0,0.0
1,1,1,9747,55,8.187220153393007,0,4.0,0,0,0,0.0
0,1,1,13535,2701,8.187167170910183,0,2.0,0,0,0,0.0
0,1,1,1158,353,8.18615492663305,0,1.0,0,0,0,0.0
1,1,1,2157,419,8.186017685524728,0,1.0,0,0,0,0.0
0,1,1,270,1,8.185860100664028,0,3.0,0,0,0,0.0
1,1,1,18096,1850,8.183047846246708,0,3.0,0,0,0,0.0
1,1,1,10642,245,8.181959487182649,0,5.0,0,0,0,0.0
1,1,1,1771,177,8.180786615988389,0,1.0,0,0,0,0.0
1,1,1,346154,8056,8.180243038530026,0,1.0,0,0,0,0.0
1,1,1,3871,234,8.18021426574629,0,1.0,0,0,0,0.0
0,1,1,2853,1,8.178578273148629,0,1.0,0,0,0,0.0
1,1,1,879,23,8.17817989050863,0,3.0,0,0,0,0.0
0,1,1,656,489,8.17716688571739,0,1.0,0,0,0,0.0
1,1,1,27114,1140,8.17557291152417,0,1.0,0,1,0,175.0
0,1,1,16650,99,8.175288637688391,0,3.0,0,0,0,0.0
0,1,1,22253,271,8.174819020226986,0,1.0,0,0,9,50.0
1,1,1,3745,8917,8.174773104187745,0,1.0,1,90,53,132.28840970350404
1,1,1,0,1,8.17466631533181,0,1.0,0,1,0,168.0
1,1,1,11359,3057,8.17437538699759,0,3.0,0,0,0,0.0
0,1,1,4492,121,8.17413633206312,0,4.0,0,13,50,84.44827586206897
0,1,1,21994,362,8.173933718429637,0,1.0,0,0,0,0.0
1,1,1,5537,483,8.173882352039291,0,1.0,0,0,0,0.0
0,1,1,996,567,8.173305818969602,0,1.0,0,0,0,0.0
1,1,1,7777,1912,8.173095853699747,0,1.0,0,0,0,0.0
0,1,1,5303,3981,8.172578862547061,0,1.0,0,0,0,0.0
1,1,1,11255,17119,8.172336638803811,0,1.0,0,0,0,0.0
0,1,1,10155,4331,8.172224367908687,0,1.0,0,0,0,0.0
0,1,1,17674,28,8.170645318804825,0,1.0,0,0,0,0.0
0,1,1,1483,54,8.169614346867796,0,1.0,0,0,0,0.0
0,1,1,281,95,8.169152651428345,0,1.0,0,0,0,0.0
0,1,1,6467,1493,8.168827088014144,0,1.0,0,0,0,0.0
1,1,1,95,1,8.166755447585214,0,1.0,0,0,0,0.0
0,1,1,27811,633,8.16648746142657,0,2.0,0,0,0,0.0
1,1,1,7670,22424,8.165865424262782,0,1.0,0,0,1,44.5
1,1,1,14219,143,8.164943110778866,0,1.0,0,0,0,0.0
0,1,1,8012,29232,8.164585574084061,0,6.0,0,0,0,0.0
1,2,2,14412,1842,8.1636511557506,0,18.0,0,0,0,0.0
1,1,1,1320,67,8.163060394729483,0,1.0,0,0,0,0.0
0,1,1,4914,8681,8.162290310819428,0,2.0,0,0,0,0.0
0,1,1,10543,4561,8.161168806015512,0,2.0,0,0,0,0.0
1,1,1,4469,1152,8.160757748140389,0,1.0,0,0,0,0.0
1,1,1,1161,15,8.160708853420893,0,4.0,0,0,0,0.0
1,1,1,14492,14,8.15938597081892,0,2.0,0,0,0,0.0
1,1,1,157,6,8.158364410243971,0,2.0,0,0,0,0.0
1,1,1,13,1,8.157885444796662,0,1.0,0,0,0,0.0
1,1,1,7650,3242,8.1577706705426,0,1.0,0,0,0,0.0
0,1,1,3195,495,8.157397606684766,0,2.0,0,0,0,0.0
1,1,1,82664,4388,8.15339197888037,0,4.0,0,0,0,0.0
0,1,1,28551,4127,8.149133670263744,0,1.0,0,0,11,17.5
1,1,1,27278,703,8.130998070598372,0,2.0,0,0,0,0.0
0,1,1,8106,277,7.734313912107231,0,2.0,0,0,0,0.0
1,5,3,4770,35,7.599459487182648,0,40.0,0,10,55,55.175
1,1,1,1741,23202,7.817879202243363,0,1.0,0,0,0,0.0
0,1,1,5844,1034,7.972853218011355,0,1.0,0,0,0,36.0
0,1,1,9456,817,7.877789017945444,0,1.0,0,0,0,0.0
0,1,1,4945,3794,8.147818582931375,0,1.0,0,0,0,0.0
0,1,1,-7,9,8.064547326562069,0,1.0,0,0,0,0.0
0,1,1,1928,513,8.131346544500062,0,1.0,0,1,0,100.0
1,1,1,6683,821,7.570816085910055,0,1.0,0,0,0,0.0
0,1,1,8135,253,8.15598663119867,0,1.0,0,0,0,0.0
1,1,1,1309,26,7.6683937217252,0,1.0,0,0,0,0.0
1,1,1,2342,38,7.460608053613556,0,1.0,0,0,0,0.0
0,1,1,15779,2389,6.417945715539685,0,2.0,0,1,7,164.2
1,1,1,4798,186,8.126900579027403,0,4.0,0,7,39,72.79310344827586
0,1,1,25514,20484,8.040074806471821,0,1.0,0,0,0,0.0
0,1,1,4517,22,8.05529877787649,0,1.0,0,0,0,0.0
1,1,1,7079,1635,8.152901637409535,0,1.0,0,0,0,0.0
1,1,1,982,6004,7.859008819197757,0,1.0,0,0,0,0.0
0,1,1,26454,3828,7.359616374905416,0,7.0,0,8,20,103.77777777777776
0,1,1,47152,1481,7.654124987727684,0,2.0,0,4,49,101.0
0,1,1,117,516,7.945391116964381,0,2.0,0,0,0,0.0
1,4,2,5458,288,8.15556727104454,0,33.0,0,8,48,61.294117647058826
0,1,1,11003,2848,7.72575470608396,0,1.0,0,0,0,0.0
1,2,2,12310,4,7.736778389760791,0,13.0,0,2,36,82.6
0,1,1,2393,678,7.989688180112403,0,1.0,0,0,0,0.0
0,1,1,1849,317,7.494714386161024,0,1.0,0,0,0,0.0
0,1,1,6243,2497,8.150075440233577,0,1.0,0,0,0,0.0
1,1,1,908,68,8.001791413564883,0,1.0,0,0,0,0.0
1,1,1,16384,16113,7.926493767356046,0,1.0,0,0,0,0.0
0,1,1,16946,3480,7.953082861583743,0,1.0,0,0,0,0.0
0,2,2,1848,128,7.37193394658387,0,10.0,0,0,0,0.0
0,1,1,646,603,7.412760498666412,0,1.0,0,0,0,0.0
1,1,1,2240,2261,8.045371882295077,0,1.0,0,0,0,0.0
1,1,1,160997,267,8.110234514434405,0,1.0,0,1,35,80.0
0,1,1,12653,18341,5.384542636725072,0,1.0,0,0,0,0.0
0,2,2,2041,6,7.626372465355893,0,18.0,0,0,0,0.0
0,1,1,2577,1910,7.9274401637867,0,4.0,0,0,0,12.0
0,1,1,837,712,8.014111076657134,0,6.0,0,0,0,0.0
0,1,1,4149,651,7.497764491365476,0,1.0,0,0,0,0.0
1,1,1,26063,2790,8.133635280018606,0,1.0,0,3,41,87.83333333333333
0,1,1,310,15,7.692285145661113,0,1.0,0,0,0,0.0
1,1,1,749,200,6.857278776355463,0,1.0,0,0,0,0.0
1,1,1,5583,257,8.154932400205185,0,1.0,0,0,0,0.0
1,1,1,9706,4532,8.125197534435925,0,2.0,0,3,14,131.75
0,3,2,165764,22155,8.150709487182649,1,21.0,0,0,0,0.0
0,1,1,8912,109,8.113373599789437,0,1.0,0,0,0,0.0
1,1,1,260,39,7.902646484926457,0,2.0,0,0,0,0.0
0,1,1,9987,29,7.862691450323065,0,2.0,0,0,0,0.0
1,1,1,6121,207,7.959551826270539,0,7.0,0,0,0,0.0
0,1,1,19475,1292,8.066933091005499,0,2.0,0,0,0,0.0
0,1,1,84,293,8.120114036324535,0,3.0,0,0,0,0.0
1,1,1,1923,1264,8.011645173039621,0,1.0,0,0,0,0.0
0,1,1,13902,2094,8.154349941463076,0,1.0,0,0,0,0.0
1,1,1,82,10,7.938262533041649,0,1.0,0,0,0,0.0
0,1,1,23118,655,7.658634741321113,0,1.0,0,0,0,0.0
1,2,2,3696,355,7.699057111843586,0,10.0,0,13,8,95.5483870967742
0,1,1,29,8,8.145709835751614,0,1.0,0,0,0,0.0
1,1,1,33281,858,7.370683281134026,0,1.0,0,0,0,0.0
0,1,1,12151,380,8.153852913805713,0,1.0,0,0,0,0.0
0,1,1,4369,219,8.113417551167235,0,1.0,0,0,0,0.0
1,3,2,5589,32352,7.520528960146372,0,23.0,0,35,42,188.1358024691358
0,1,1,17591,350,7.389522324660784,0,4.0,0,1,0,116.0
0,1,1,3463,144,8.153508337538822,0,1.0,0,0,0,0.0
0,1,1,6139,1140,8.013801388974926,0,8.0,0,1,47,383.7857142857143
1,1,1,617,1369,6.8177189238952,0,1.0,0,0,0,0.0
0,1,1,7496,431,8.138879975432706,0,4.0,0,0,0,0.0
1,1,1,44,27,7.991853522216998,0,3.0,0,1,0,102.0
0,1,1,9097,39059,6.309886167285065,0,1.0,0,0,0,0.0
1,3,2,33037,1588,7.914914623187921,0,23.0,0,0,0,0.0
1,1,1,21647,14993,8.153047275861129,0,2.0,0,1,0,201.5
1,1,1,13785,5143,8.024682476256595,0,2.0,0,14,44,89.06802721088435
0,1,1,3785,322,8.080962770068545,0,4.0,0,1,0,47.0
0,1,1,365,23,6.557637105252463,0,1.0,0,0,0,0.0
1,1,1,3596,81,8.092848401422007,0,1.0,0,0,0,0.0
1,1,1,4590,4305,7.749707509845969,0,1.0,0,0,0,0.0
0,1,1,14379,2826,8.07128915737303,0,2.0,0,0,0,0.0
0,1,1,114704,16252,6.866695747227772,0,3.0,0,0,0,0.0
0,1,1,661,351,7.825699346994548,0,2.0,0,0,0,0.0
0,1,1,129584,247,8.152191190480744,0,1.0,0,0,0,0.0
1,1,1,3,1,7.1223379697035,0,1.0,0,1,0,43.0
0,1,1,3437,1,8.144397980604202,0,1.0,0,0,0,0.0
0,1,1,3275,415,6.855163279612998,0,1.0,0,0,0,0.0
1,2,2,50114,4806,7.94461862475965,0,10.0,0,54,51,57.61572052401747
0,1,1,92,4,7.560720673077647,0,1.0,0,0,0,0.0
0,1,1,11764,686,8.063232334293962,0,4.0,0,0,0,0.0
0,1,1,132,46,7.593723911600222,0,1.0,0,0,0,0.0
1,1,1,9820,267,8.151345879050218,0,4.0,0,0,0,0.0
1,1,1,2,1,8.003650648741196,0,1.0,0,1,0,728.0
1,7,3,19257,3621,8.15084384467498,0,170.0,0,40,46,92.21768707482993
1,1,1,1218,257,8.15106838646523,0,1.0,0,0,0,0.0
1,1,1,34840,239,8.15096270669237,1,1.0,0,3,52,51.55688622754491
1,1,1,11379,19135,8.150454841708974,0,7.0,0,0,0,0.0
1,1,1,1299,11,7.923621052067177,0,1.0,0,0,0,0.0
0,1,1,753,4409,8.119718315483913,0,1.0,0,0,0,0.0
0,5,3,225044,92052,8.150247221357617,0,43.0,0,2,15,102.5
1,1,1,876,369,7.763746251702131,0,1.0,0,0,0,0.0
0,1,1,53,5,7.993464671353815,0,2.0,0,1,0,103.0
1,1,1,7703,4999,6.696150553676932,0,1.0,0,0,19,63.0
1,1,1,246224,12266,7.726185505637791,0,5.0,0,0,0,0.0
0,1,1,63370,9088,8.142788606000302,0,1.0,0,0,0,0.0
1,1,1,37433,3571,7.941691817904883,0,2.0,0,0,0,0.0
1,1,1,1387,53,8.138884221636472,0,1.0,0,0,0,0.0
1,1,1,6589,2273,8.149651295178186,0,1.0,1,7,44,26.82474226804124
0,1,1,17511,2314,7.836339890001621,0,1.0,0,0,0,0.0
0,1,1,148,19,8.005370709835828,0,1.0,0,0,0,0.0
1,1,1,2932,13,7.092869283871877,0,1.0,0,0,0,0.0
0,1,1,268,1,8.096871964684107,0,1.0,0,0,0,0.0
0,1,1,6149,4531,7.772073881179657,0,1.0,0,0,0,0.0
1,1,1,1547,294,8.000038460235098,0,2.0,0,0,0,69.0
0,1,1,21715,7583,8.14860853527249,0,1.0,0,0,0,0.0
0,1,1,1127,148,8.137417728620527,0,1.0,0,0,0,0.0
1,1,1,37883,248,7.716933502950641,0,3.0,0,0,0,0.0
1,1,1,89,1,7.498741213296168,0,1.0,0,2,7,34.75
1,1,1,10903,5043,7.9510087494839645,0,1.0,0,0,0,0.0
0,1,1,21410,586,8.147419122896391,0,1.0,0,0,0,0.0
0,1,1,3204,708,6.54646093849707,0,1.0,0,1,19,191.9090909090909
1,1,1,43321,17593,7.2905530430931105,0,2.0,0,0,0,0.0
1,1,1,3523,238,8.135678559608943,0,3.0,0,0,0,0.0
0,1,1,302,36,7.772634792022053,0,1.0,0,1,0,128.33333333333334
0,1,1,4683,7782,7.893578811846121,0,1.0,0,0,0,0.0
0,1,1,4232,127,8.07229912010784,0,1.0,0,0,0,0.0
1,1,1,5672,4773,7.17754641394514,0,1.0,0,0,0,0.0
0,1,1,49032,5795,8.125805343648286,0,7.0,0,0,25,59.76470588235294
0,1,1,12723,778,7.669079673762109,0,2.0,0,0,0,0.0
0,1,1,19181,77,7.6252706705426,0,1.0,0,0,0,0.0
0,1,1,108356,5250,8.144757260143837,0,2.0,0,0,0,0.0
0,1,1,315,1,8.123107039594746,0,1.0,0,1,0,128.0
1,2,2,3061,59,8.1315458942605,0,10.0,0,0,0,0.0
0,1,1,26161,2038,7.88478330775202,0,8.0,0,8,49,69.83333333333333
1,1,1,20627,5433,8.070059374373056,0,1.0,0,0,0,0.0
1,1,1,5,1,7.399619702154636,0,1.0,0,1,0,238.0
0,1,1,770,3734,8.044986365018733,0,1.0,0,0,0,0.0
0,1,1,745,2,8.116039296800617,0,2.0,0,0,0,0.0
0,1,1,14257,95686,8.143588508400992,0,1.0,0,0,0,0.0
0,1,1,1198,5445,7.316548556059876,0,7.0,0,0,0,0.0
0,1,1,939,17,7.563895756100437,0,1.0,0,0,0,0.0
0,1,1,10162,334,8.142758914262021,0,1.0,0,0,0,0.0
1,1,1,1863,1,6.6745080016450915,0,1.0,0,0,0,0.0
0,1,1,10788,12165,8.142519384006235,0,3.0,0,2,4,108.42857142857144
1,1,1,1918,159,8.142191000352218,0,1.0,0,0,0,0.0
0,1,1,88954,8473,7.209279784036656,0,2.0,0,0,0,0.0
1,1,1,8255,307,8.139937026666006,0,1.0,0,0,0,0.0
1,1,1,837,21,8.026936386566632,0,3.0,0,0,0,0.0
1,1,1,21451,1747,8.14091675896504,0,2.0,0,1,0,266.0
0,1,1,464,1,7.469923876109563,0,1.0,0,0,0,0.0
1,1,1,26784,33,8.139299842596241,0,9.0,0,0,28,288.8076923076923
1,1,1,15324,10409,7.01504568511912,0,3.0,0,6,26,182.66666666666663
0,1,1,4204,35,8.139102774378125,0,2.0,0,0,0,0.0
1,1,1,2585,18,7.806987816333154,0,1.0,0,0,0,0.0
0,1,1,473,155,7.747213023573249,0,2.0,0,1,0,90.0
1,1,1,99,87,7.992809330009733,0,1.0,0,0,0,0.0
1,1,1,15834,604,7.592577024637968,0,1.0,0,0,0,0.0
0,1,1,387,13,7.50622654171151,0,2.0,0,0,0,0.0
0,1,1,9114,783,8.137505504623771,0,1.0,0,1,0,20.333333333333332
0,1,1,26939,4728,8.137052460032296,0,1.0,0,0,0,0.0
1,1,1,6891,748,7.546512526704031,0,2.0,0,2,37,124.33333333333331
1,2,2,18180,35,6.61147180751119,0,12.0,0,2,12,125.5
1,1,1,31,38,8.136236143202117,0,1.0,0,0,0,0.0
1,1,1,22692,34798,8.02968966945253,0,2.0,0,1,0,143.0
1,1,1,6951,307,8.136010270512179,0,1.0,0,1,16,38.2
1,1,1,5914,1815,8.098632998476283,0,1.0,0,0,0,0.0
1,1,1,19922,1835,7.443934098686692,0,1.0,0,1,26,108.8
1,1,1,97131,832,8.134536901181178,0,1.0,0,1,13,272.6666666666667
0,1,1,499,34,8.037957250003648,0,1.0,0,0,0,0.0
1,1,1,4136,336,8.134432013610514,0,1.0,0,0,0,0.0
0,1,1,14,5,8.060412823304533,0,1.0,0,0,0,0.0
1,1,1,2904,3104,8.07560263495054,0,2.0,0,0,0,0.0
0,1,1,912,1,8.128720964608055,0,1.0,0,0,0,0.0
0,1,1,4496,529,6.717360119676881,0,2.0,0,22,52,213.93421052631575
0,1,1,27,1,7.949578856209444,0,1.0,0,0,0,0.0
1,1,1,2092,369,8.13169286361178,0,1.0,0,0,0,0.0
1,1,1,2569,506,8.1311397163509,0,3.0,0,5,24,144.85714285714286
1,1,1,245,1,8.131003267444772,0,1.0,0,0,0,0.0
0,1,1,630,64,7.94426942203194,0,2.0,0,0,0,0.0
1,1,1,14309,164,8.015373561763733,0,4.0,0,0,0,0.0
0,1,1,7810,11728,8.130130007120794,0,1.0,0,0,0,0.0
1,1,1,1801,696,8.123418343369432,0,1.0,0,0,0,0.0
0,1,1,8265,1,8.12924942684853,0,1.0,0,0,0,0.0
1,1,1,537,4,7.992450779296117,0,1.0,0,0,0,0.0
0,1,1,32306,383,8.128701983443454,1,1.0,0,1,0,22.0
1,1,1,2675,262,7.980397264453416,0,1.0,0,0,0,0.0
1,1,1,8900,266,8.128254008946028,0,1.0,0,0,0,0.0
1,1,1,107,107,8.128050508046085,0,2.0,0,0,0,0.0
1,1,1,1016,13,8.127907753210483,0,1.0,0,0,0,0.0
1,1,1,5864,311,7.734480749889571,0,1.0,0,0,0,0.0
1,1,1,13054,1912,7.986202680581386,0,5.0,0,1,0,25.0
0,1,1,2701,160,7.807617933959336,0,1.0,0,0,0,0.0
1,1,1,1028,1,7.761414610512686,0,1.0,0,0,0,0.0
1,1,1,135,1,8.052994008185513,0,6.0,0,0,0,0.0
1,1,1,5210,1007,7.388133911093212,0,1.0,0,0,0,0.0
1,1,1,5407,363,7.819549798232918,0,1.0,0,0,17,92.875
0,1,1,0,1,8.126229203510887,0,1.0,0,1,0,49.0
1,1,1,21428,9992,8.12393514439359,0,1.0,0,0,0,80.0
1,1,1,30841,868,8.125220730116204,0,1.0,0,0,0,0.0
0,1,1,6403,362,8.125248267064515,0,2.0,0,0,0,0.0
1,1,1,53861,8286,6.450025119550129,0,1.0,0,0,25,136.46153846153845
1,1,1,7180,41,8.124846303670594,0,1.0,0,0,0,36.0
0,1,1,34773,2143,8.084620272540217,0,2.0,0,0,11,19.0
0,1,1,6118,27808,7.4959500314572445,0,1.0,0,0,0,0.0
1,1,1,1793,3,8.12315393796471,0,1.0,0,0,0,0.0
1,1,1,14533,1,7.818723594719343,0,2.0,0,0,0,0.0
0,1,1,2199,8,7.506308201913807,0,3.0,0,0,0,0.0
1,1,1,31021,4717,7.336707345067912,0,1.0,0,0,0,0.0
0,1,1,12057,1566,7.728519713562348,0,1.0,0,0,0,0.0
0,1,1,73121,1389,7.438322265087178,0,2.0,0,8,33,59.53333333333333
0,1,1,595,111,7.958875063779095,0,7.0,0,0,0,0.0
0,1,1,3916,675,8.119978728189569,0,1.0,0,0,0,0.0
0,1,1,1891,1549,8.119904134430856,0,1.0,0,0,0,0.0
1,1,1,156,7,8.119687292845944,0,1.0,0,0,0,0.0
1,1,1,272,1,7.50267513095784,0,1.0,0,0,0,0.0
1,1,1,1262,126,8.118480895654775,0,3.0,0,0,0,0.0
0,2,2,1054,1,6.416920891091691,0,11.0,0,14,49,142.97619047619048
0,1,1,9011,221,6.436712129969172,0,1.0,0,0,0,0.0
0,1,1,12724,445,8.11736072175055,0,1.0,0,0,0,0.0
1,1,1,2132,1019,8.11726996706705,0,1.0,0,0,0,0.0
1,1,1,158165,870,8.062007272819072,0,3.0,0,0,0,0.0
1,1,1,12060,5141,8.116715615658832,0,3.0,0,3,34,132.8
0,1,1,-100,904,8.116627047453392,0,1.0,0,0,0,0.0
1,1,1,8999,2385,7.293071073615077,0,3.0,0,0,35,96.5
1,1,1,9895,53,8.115808670897506,0,1.0,0,0,0,0.0
0,1,1,6582,12188,8.115748114961693,0,1.0,0,0,34,224.46153846153845
1,1,1,14,1,8.115473632745049,0,1.0,0,0,0,0.0
1,1,1,252,159,8.115268515752629,0,2.0,0,0,0,0.0
0,1,1,76045,2268,8.115221902575454,0,6.0,0,0,0,0.0
0,1,1,6254,41324,7.3911295761628,0,1.0,0,1,0,68.0
1,1,1,320,284,8.012965457218392,0,2.0,0,0,0,0.0
0,1,1,4271,36,8.114279023522547,0,7.0,0,0,0,0.0
1,1,1,9991,464,7.644656301896061,0,1.0,0,0,0,0.0
0,1,1,1499,144,8.114159084110172,0,1.0,0,0,0,0.0
1,1,1,10381,10558,7.888318652645168,0,1.0,0,0,0,0.0
1,1,1,17474,1,7.925026577202169,0,2.0,0,0,0,0.0
1,1,1,10,51,8.113072816459907,0,1.0,0,1,0,141.0
0,1,1,478,185,8.099186747810833,0,1.0,0,0,0,0.0
1,1,1,21581,70,8.112570243387177,0,2.0,0,1,0,91.0
0,1,1,407,108,8.054900110043702,0,2.0,0,0,0,0.0
0,1,1,4548,707,8.111839230889395,0,3.0,0,0,0,0.0
1,1,1,1988,228,7.825544233804698,0,1.0,0,0,0,0.0
1,1,1,2522,303,6.6959352331202355,0,1.0,0,0,0,0.0
1,1,1,11284,45,8.11034171523548,0,2.0,0,0,0,0.0
1,1,1,251,204,7.29407837455051,0,3.0,0,0,0,0.0
1,1,1,373,57,7.246231833622175,0,1.0,0,0,0,0.0
0,1,1,31810,1419,8.10890672017882,0,2.0,0,1,43,117.75
0,1,1,824,513,6.564658298245594,0,1.0,0,0,0,0.0
0,1,1,54014,121080,7.604744046211218,0,1.0,0,0,0,13.0
0,1,1,370,281,8.094381502798539,0,2.0,0,0,0,0.0
0,1,1,127869,18284,7.294380773972518,0,3.0,0,0,0,0.0
1,1,1,11628,321,7.992351025195679,0,1.0,0,0,0,0.0
1,1,1,1642,9246,8.10269224252526,0,1.0,0,0,0,0.0
0,2,2,28198,11877,6.728892904172533,0,17.0,0,19,51,103.83870967741936
0,1,1,157627,9339,7.988695709202067,0,1.0,0,0,0,0.0
0,1,1,11242,951,8.099790627700305,0,1.0,0,1,0,16.0
0,1,1,36775,251,8.106675181658781,0,3.0,0,0,0,0.0
1,1,1,30788,1061,8.106342266608207,0,2.0,0,0,0,0.0
1,1,1,15624,6668,8.024720818842852,0,1.0,0,0,0,0.0
1,1,1,29919,4598,8.106236460082997,0,1.0,0,0,0,0.0
0,1,1,341,2340,8.105969171062284,0,1.0,0,0,0,0.0
1,1,1,1134,27,8.104804126825714,0,1.0,0,0,0,0.0
0,1,1,1308,1538,7.970288606000302,0,1.0,0,0,0,0.0
1,1,1,4446,3,8.00462296602768,0,1.0,0,0,0,0.0
0,1,1,10737,4545,8.104133765328008,0,1.0,0,0,0,0.0
0,1,1,21322,178008,7.499730673838161,0,2.0,0,17,43,88.6
1,1,1,3852,1178,7.909017818614696,0,2.0,0,0,0,0.0
1,1,1,165,227,7.914795380913477,0,1.0,0,0,0,0.0
1,1,1,2454,145,8.103071802441097,0,1.0,0,0,0,0.0
0,1,1,54980,67517,8.025420491821784,0,1.0,0,0,0,0.0
0,1,1,13113,464,8.005134348388824,0,1.0,0,0,0,0.0
1,1,1,24135,750,7.618088406999111,0,1.0,0,1,30,24.4
0,1,1,721,5,7.907549867946711,0,5.0,0,0,0,0.0
1,1,1,77276,349,8.101385013838668,0,1.0,0,0,0,0.0
0,1,1,13575,2526,8.10127553149527,0,4.0,0,0,0,0.0
1,1,1,2667,169,8.10067380639577,0,2.0,0,0,0,0.0
0,1,1,1565,178,8.100532128955154,0,2.0,0,0,0,0.0
0,1,1,341,1083,7.580188059697669,0,1.0,0,0,0,26.0
1,1,1,1774,2752,8.095926423831823,0,1.0,0,0,0,0.0
0,1,1,1295,43,8.097965742411183,0,2.0,0,0,0,0.0
0,1,1,15311,505,8.021011442971428,0,1.0,0,0,0,0.0
1,1,1,7588,1447,8.096109676043652,0,1.0,0,0,0,0.0
1,2,2,24228,19029,7.523215000909929,0,17.0,0,9,34,86.3157894736842
0,1,1,3423,275,8.095554469057062,0,1.0,0,0,0,0.0
1,1,1,3045,6387,8.09380468453606,0,1.0,0,0,0,0.0
1,2,2,86311,12241,8.058358738076253,0,10.0,0,1,0,41.0
0,1,1,214,928,8.093598331708215,0,1.0,0,0,0,0.0
0,1,1,96907,3775,8.008116007323597,0,1.0,0,0,0,0.0
0,1,1,660,608,7.876938256163813,0,1.0,0,1,2,41.666666666666664
1,1,1,188,95,8.045540082665195,0,1.0,0,0,0,0.0
1,1,1,1914,102,8.091035272413464,0,1.0,0,0,0,0.0
0,1,1,82,254,8.021360899203842,0,1.0,0,0,0,0.0
1,1,1,424585,665013,7.766560312340455,0,3.0,0,1,0,22.0
1,1,1,37785,4402,7.588254389203081,0,2.0,0,0,0,0.0
1,1,1,315,50,7.789715526932186,0,2.0,0,0,0,0.0
0,1,1,12039,456,7.846967092323724,0,2.0,0,0,0,0.0
1,1,1,257744,33904,8.090111152708545,0,1.0,0,0,0,0.0
0,1,1,25078,134,7.843468252107738,0,2.0,0,0,0,0.0
0,1,1,4274,58,8.007444758559432,0,3.0,0,0,0,0.0
1,1,1,55792,2348,8.089422126927115,0,1.0,0,0,0,0.0
1,1,1,18,14,8.089126603820162,0,1.0,0,0,0,0.0
1,1,1,-100,836,8.088861564653685,0,1.0,0,0,0,0.0
0,1,1,49,29,7.288351323063704,0,1.0,0,0,0,0.0
1,1,1,12074,1226,8.08738144575998,0,1.0,0,0,0,0.0
0,1,1,6383,1,8.087154273858442,0,1.0,0,2,10,476.0
0,1,1,23397,288372,8.087135863079421,1,1.0,0,0,0,0.0
1,1,1,1673,29,7.699595999464951,0,1.0,0,1,0,44.0
0,1,1,23751,6357,8.086985661543183,0,3.0,0,0,0,0.0
1,1,1,15174,1027,8.086911511417698,0,2.0,0,0,0,0.0
1,1,1,1814,2,8.086267292592439,0,1.0,0,0,0,0.0
1,1,1,13402,963,8.078727809235023,0,1.0,0,0,0,0.0
1,1,1,6542,16204,7.966752659033486,0,1.0,0,0,0,0.0
1,1,1,5807,1933,7.658196938699875,0,2.0,0,0,0,0.0
0,1,1,323,1,7.912414749940273,0,1.0,0,0,0,0.0
1,1,1,67,2,8.08438682639729,0,1.0,0,0,0,0.0
0,1,1,5,1,7.989862242778765,0,1.0,0,1,0,160.0
0,1,1,11849,57797,8.0836295761628,0,1.0,0,0,0,0.0
0,1,1,5501,637,5.964994191976422,0,2.0,0,0,0,0.0
1,1,1,2517,207,8.081162214893247,0,1.0,0,0,0,0.0
0,1,1,835,33,7.94915056001455,0,1.0,0,0,0,824.0
0,1,1,10069,384,8.079068487867112,0,1.0,0,0,0,0.0
0,1,1,22,1,7.764496910814357,0,1.0,0,0,0,0.0
0,1,1,-100,55,8.078175454176336,0,1.0,0,0,0,0.0
0,1,1,2279,2786,8.07765659342647,0,2.0,0,0,0,27.0
1,1,1,731,5965,7.1455024055287835,0,1.0,0,0,0,0.0
0,1,1,315,6,8.076340745579992,0,3.0,0,0,0,0.0
0,1,1,6666,79,8.071265486371434,0,2.0,0,5,44,314.4375
0,1,1,16960,3402,7.860500282426901,0,1.0,0,1,0,34.0
0,1,1,25,1,8.076034955532586,0,1.0,0,0,0,0.0
1,1,1,5616,388,7.8804662177325,0,1.0,0,0,0,0.0
1,1,1,6548,48,8.074186335865692,0,1.0,0,0,0,0.0
1,1,1,789,1,8.073991232309021,0,5.0,0,0,0,0.0
1,1,1,1791,1073,8.073785291426317,0,1.0,0,0,0,0.0
0,1,1,39317,17702,7.936502418204019,0,1.0,0,0,0,0.0
0,1,1,463,8,7.717245725679873,0,1.0,0,0,0,0.0
1,1,1,502,6,7.747178990566936,0,1.0,0,0,0,0.0
1,6,3,16916,317,8.072697154178872,0,56.0,0,43,50,134.1263157894737
0,1,1,69336,1676,8.072344814330467,0,4.0,0,0,0,0.0
1,1,1,17925,588,7.956888537554033,0,1.0,0,0,0,0.0
0,2,2,2333,11,7.847154305546529,0,12.0,0,0,0,0.0
0,1,1,52,1,8.070837316928891,0,2.0,0,0,0,0.0
0,1,1,14360,960,8.06970098209988,0,1.0,0,0,0,0.0
1,1,1,19,61,7.69800129644571,0,1.0,0,0,0,0.0
0,1,1,77,26,8.068915909724288,0,1.0,0,0,0,0.0
0,1,1,15024,18527,8.06767094813025,0,3.0,0,0,0,0.0
0,1,1,9590,2414,8.067638879785381,0,1.0,0,0,0,68.75
0,6,3,22382,679,8.06714863337881,0,54.0,0,0,0,0.0
0,1,1,1016,91,6.567353401802265,0,1.0,0,0,0,0.0
1,1,1,2936,1,8.065944042408647,0,1.0,0,0,0,0.0
1,1,1,77124,421,8.065589199201307,0,1.0,0,2,10,10.333333333333334
0,1,1,13960,6668,8.051720210431565,0,2.0,0,0,0,0.0
1,1,1,112,504,8.057777229976777,0,1.0,0,0,0,0.0
0,1,1,4406,390,7.155964259408673,0,1.0,0,0,0,0.0
1,1,1,14,10,8.063389570585695,0,1.0,0,0,0,0.0
1,1,1,1234,110,8.063186608383246,0,1.0,0,0,0,0.0
1,1,1,2000,53,8.007448466065707,0,6.0,0,3,27,191.2
1,1,1,113408,858,8.063244217326893,0,2.0,0,2,39,48.857142857142854
1,1,1,814,1,8.062919224298271,0,6.0,0,0,0,0.0
1,1,1,1637,3,6.051551312923516,0,4.0,0,5,36,109.70588235294116
0,1,1,12717,29,8.062513933655131,0,1.0,0,0,0,0.0
0,1,1,632,1544,8.059913894361902,0,1.0,0,0,0,0.0
1,1,1,223167,7497,7.61909719727467,0,5.0,0,0,0,0.0
1,1,1,50895,1894,8.057650572689784,0,6.0,0,0,0,0.0
0,3,2,96497,141,7.207832684130452,0,20.0,0,25,43,95.61111111111111
1,1,1,2127,1233,8.057440544043754,0,1.0,0,0,0,0.0
1,1,1,24,676,8.002500783098688,0,1.0,0,0,0,0.0
1,2,2,1221,10,7.994792624049837,0,18.0,0,0,0,0.0
1,1,1,17824,518623,8.05695267424377,0,2.0,0,0,0,0.0
1,1,1,14334,3559,7.867612166727354,0,1.0,0,1,0,131.0
0,1,1,3,1,8.056383556186628,0,1.0,0,1,0,41.0
1,2,2,21316,25718,7.945040551648894,0,15.0,0,0,0,0.0
0,1,1,2074,2355,8.055376413691635,0,1.0,0,0,0,0.0
1,1,1,115,7,8.010770391687426,0,2.0,0,0,0,0.0
0,1,1,4663,1563,8.054421271348744,0,2.0,0,0,0,0.0
0,1,1,1941,1878,8.053831270841735,0,5.0,0,4,3,105.44444444444444
1,1,1,658,207,8.053442458004257,0,3.0,0,0,0,0.0
0,1,1,4702,246,8.052957693636879,0,1.0,0,0,0,0.0
0,1,1,2166,81,8.052602248355868,0,1.0,0,0,0,0.0
0,1,1,150,27,8.052045108395921,0,1.0,0,0,0,0.0
0,1,1,2572,21,8.051283833774278,0,1.0,0,0,0,0.0
1,1,1,16492,1316,8.050270797294951,0,1.0,0,0,0,0.0
0,1,1,12527,287,8.030304069787157,0,3.0,0,0,0,0.0
0,1,1,5300,804,8.04925798263224,0,3.0,0,0,0,0.0
1,1,1,835,504,8.048921740332444,0,3.0,0,0,0,0.0
1,1,1,53468,359,7.866204264985777,0,2.0,0,0,0,0.0
0,1,1,3721,144,8.048248273402132,0,2.0,0,0,0,0.0
0,1,1,1271,209,8.047858161353055,0,2.0,0,0,0,0.0
0,1,1,88786,4169,8.046988957104315,0,1.0,0,1,13,71.75
0,1,1,416,8,7.928084667804749,0,6.0,0,1,0,130.0
0,1,1,11201,18293,7.706265803252312,0,1.0,0,0,0,0.0
0,1,1,12895,183,8.046105049582831,0,3.0,0,0,0,0.0
0,1,1,11206,3,8.043790266456105,0,1.0,0,0,0,0.0
0,1,1,31928,13236,8.043139234691965,0,1.0,0,0,0,0.0
1,1,1,1127,1040,8.042619296547112,0,1.0,0,3,37,292.42857142857144
0,1,1,1956,658,8.041660668514563,0,1.0,0,0,0,0.0
0,1,1,5603,471,8.041413469741524,0,3.0,0,0,0,0.0
1,1,1,6760,8975,7.846996023547898,0,1.0,0,0,0,0.0
0,1,1,14865,16920,8.041225464316524,0,5.0,0,0,0,0.0
1,1,1,24132,620,8.041162785278829,0,1.0,0,0,0,0.0
1,1,1,38714,7434,6.571446045095798,0,4.0,0,8,50,226.3571428571429
0,1,1,26842,738,7.47387107108003,0,1.0,0,4,32,46.7
1,1,1,11406,138,7.61437538699759,0,1.0,0,12,39,70.5945945945946
1,1,1,68,2,7.868349453466523,0,4.0,0,0,0,0.0
1,1,1,1335,1469,8.022099295026084,0,1.0,0,0,0,0.0
0,1,1,423,31,8.036658925669732,0,1.0,0,0,0,0.0
0,1,1,580,29,7.999297941310973,0,1.0,0,0,0,105.0
0,1,1,35938,37283,8.036507836867035,0,5.0,0,8,35,27.09090909090909
0,1,1,111262,12251,8.036227999363549,0,4.0,0,0,47,114.0
0,1,1,350698,146187,8.023559228607851,0,2.0,0,0,0,0.0
1,1,1,944,70,8.03603590617522,0,1.0,0,0,0,0.0
1,1,1,529,7,7.981070351126674,0,1.0,0,1,1,75.0
1,1,1,5921,298,5.8970232436153305,0,1.0,0,0,53,148.63636363636363
0,1,1,457,718,7.453786178692776,0,1.0,0,1,0,664.0
0,1,1,-1,1,7.999705545184525,0,1.0,0,0,0,0.0
1,4,2,5176,5074,7.266199701901131,0,33.0,0,3,7,131.33333333333334
0,1,1,167160,1463,7.635476136103986,0,1.0,0,10,29,77.75
1,1,1,8849,933,8.033022083831316,0,2.0,0,0,0,0.0
1,1,1,1315,103,8.032974836892386,0,6.0,0,2,38,59.67741935483871
0,1,1,81,1,7.827714329122467,0,2.0,0,1,0,35.0
1,1,1,35960,983,8.030458644279513,0,1.0,0,7,54,67.91428571428571
0,1,1,1935,334,8.030274346360786,0,1.0,0,0,0,0.0
1,1,1,23728,1116,8.029790976269272,0,3.0,0,0,0,0.0
1,1,1,6902,2158,7.914515099776762,0,1.0,0,0,0,0.0
0,1,1,2265,521,8.02942874973747,0,1.0,0,0,0,0.0
0,1,1,10161,79,7.60739652928978,0,1.0,0,1,0,193.0
0,1,1,11040,23434,7.856762957662026,0,1.0,0,0,0,0.0
0,1,1,33808,7524,8.028315420460212,0,1.0,0,0,0,0.0
0,1,1,26257,3237,6.4977720965065515,0,6.0,0,0,0,0.0
0,1,1,3476,256,8.010148196083199,0,1.0,0,0,0,0.0
0,1,1,13898,5590,8.02492739348731,0,1.0,0,0,0,0.0
0,1,1,10275,2651,7.949322372826677,0,1.0,0,0,0,0.0
1,1,1,1901,1,7.517262932311556,0,1.0,0,1,0,94.0
1,1,1,2162,663,8.023510365576442,0,1.0,0,0,0,0.0
1,1,1,4859,861,7.771750409179251,0,1.0,0,0,0,59.0
0,1,1,10631,345,6.269762361925975,0,1.0,0,0,0,0.0
1,1,1,20,1,7.994094947420436,0,1.0,0,0,0,0.0
1,1,1,243,118,8.021579325193144,0,1.0,0,0,0,0.0
0,1,1,16889,5718,8.021494464493978,1,1.0,0,0,0,0.0
0,1,1,33,17,8.02134090402043,0,2.0,0,0,0,0.0
1,1,1,1743,33,7.756208511189544,0,1.0,0,0,0,0.0
1,1,1,41298,21225,8.011779974165181,0,5.0,0,0,0,0.0
1,1,1,13032,58,8.019781596595278,0,2.0,0,0,0,22.0
1,1,1,294,837,8.019654052041826,0,1.0,0,0,0,0.0
1,1,1,11627,5711,7.949998216363575,0,3.0,0,0,46,38.285714285714285
1,1,1,17011,1046,8.01924711361812,0,3.0,0,0,0,0.0
0,1,1,5265,805,8.01900314703004,0,5.0,0,0,0,0.0
1,1,1,3054,18,8.017277191951072,0,1.0,0,0,0,0.0
0,1,1,24,479,7.841045380913477,0,1.0,0,0,0,0.0
0,1,1,13066,152,8.018407410979135,0,1.0,0,1,0,5.0
1,1,1,274,2,5.390542300831342,0,1.0,0,0,0,0.0
0,1,1,7228,11676,8.017002868174865,0,2.0,0,2,43,104.14285714285714
1,1,1,2214,205,7.780948130171976,0,2.0,0,0,0,0.0
1,1,1,2185,15,8.016309532813494,0,2.0,0,0,0,0.0
1,1,1,5063,1512,8.015546800539811,0,1.0,0,2,33,131.0
0,1,1,7,150,8.015505859530355,0,1.0,0,0,0,0.0
1,1,1,2694,2060,7.764952839021825,0,1.0,0,0,0,194.0
1,1,1,20237,11622,7.897083355917913,0,3.0,0,0,0,0.0
0,1,1,4540,37,8.014071308106926,0,1.0,0,0,0,0.0
0,1,1,9164,548,8.013225648107433,0,1.0,0,0,0,0.0
1,1,1,140819,124,8.01311062034867,0,4.0,0,0,0,0.0
1,2,2,2493,188,8.012199334319313,0,11.0,0,0,0,0.0
0,1,1,5,1,8.011685860544375,0,1.0,0,1,0,56.0
1,1,1,610575,37047,8.011535532255785,1,1.0,0,1,33,67.57142857142857
0,1,1,12,1,8.003107388163711,0,1.0,0,0,0,0.0
1,1,1,11,3,7.601291280474914,0,1.0,0,0,0,0.0
1,1,1,571,148,8.010834781881865,0,2.0,0,0,0,0.0
0,1,1,22564,251,8.010693548074478,0,1.0,0,0,0,0.0
0,1,1,71,1,8.01037850510543,0,1.0,0,0,0,0.0
0,1,1,2482,1000,8.010325554310693,0,1.0,0,0,0,0.0
0,1,1,4,28,8.009925302073515,0,1.0,0,0,0,0.0
1,1,1,12475,2864,8.009855429839885,0,1.0,0,0,0,0.0
1,1,1,416,110,7.979101189973735,0,1.0,0,0,0,0.0
1,1,1,40567,14391,8.009449822315865,0,2.0,0,0,0,0.0
0,1,1,1,1,8.008908621464089,0,1.0,0,0,0,0.0
1,1,1,5161,333,8.008856748064337,0,1.0,0,0,0,0.0
1,1,1,22,1,8.00006701120222,0,1.0,0,0,0,0.0
1,1,1,10,5,8.008330345549572,0,1.0,0,0,0,0.0
1,1,1,6520,6,8.008217599333129,0,1.0,0,0,0,0.0
0,1,1,10,1,8.007453599535932,0,1.0,0,0,0,0.0
0,5,3,42689,5157,8.008008869898697,0,43.0,0,13,51,104.83783783783784
1,1,1,5569,12,8.00800433850214,0,6.0,0,2,1,141.66666666666666
1,1,1,1156,45,7.9418095708392,0,1.0,0,0,0,0.0
1,1,1,1484,1117,8.007623701191319,0,1.0,0,1,0,540.0
1,1,1,24,20,8.007052301591855,0,2.0,0,0,0,0.0
0,2,2,1269,29,8.005507412246658,0,14.0,0,0,0,0.0
1,1,1,123,24,8.006608953555249,0,1.0,0,0,0,0.0
0,1,1,1640,30,8.00638308086531,0,1.0,0,0,0,0.0
1,1,1,32259,4332,7.975038270106571,0,7.0,0,0,0,0.0
1,1,1,1402,2845,8.005221142061346,0,1.0,0,0,0,0.0
1,1,1,3886,66,8.004676677336526,0,3.0,0,0,0,0.0
0,1,1,12445,1122,8.004663241587293,0,1.0,0,0,0,0.0
0,1,1,913,78,8.004199423045959,0,1.0,0,1,0,285.3333333333333
0,1,1,1780,2899,8.002612325167792,0,1.0,0,0,0,0.0
1,1,1,981,184,8.002458891446597,0,1.0,0,0,0,0.0
1,1,1,224703,135749,8.002344497449588,0,3.0,0,17,45,20.708333333333332
1,1,1,3,1,8.002226744515273,0,1.0,0,0,0,0.0
1,1,1,6876,1788,8.001784093616598,0,1.0,0,0,0,0.0
0,1,1,798,5542,7.965952534816182,0,1.0,0,0,0,0.0
0,1,1,6149,500,7.628538979919739,0,1.0,0,0,0,0.0
1,1,1,2861,165,7.684975686133139,0,1.0,0,0,0,0.0
1,1,1,9115,10215,7.999461800413059,0,1.0,0,0,0,10.4
0,1,1,187,1,6.741679681367251,0,4.0,0,0,0,0.0
0,1,1,11605,277,7.998558563158008,0,1.0,0,0,0,0.0
1,2,2,22012,612,7.400272761956396,0,16.0,0,7,37,615.3333333333334
1,1,1,12088,4271,7.892808315990923,0,1.0,0,3,18,63.93103448275862
1,1,1,438,54,7.997259224805282,0,1.0,0,0,0,0.0
1,1,1,3208,16,7.997115455950869,0,1.0,0,0,0,0.0
0,1,1,5171,120,7.892505251119069,0,2.0,0,0,0,0.0
1,1,1,51839,113,7.992653456305776,0,1.0,0,0,0,0.0
0,1,1,3379,97,7.169409103123024,0,1.0,0,0,0,0.0
1,1,1,337,1242,7.993731485053209,0,3.0,0,0,0,0.0
1,1,1,71918,32358,7.993517336955762,0,1.0,0,0,0,0.0
1,1,1,70687,123,7.993511759852306,0,1.0,0,0,0,0.0
0,1,1,21823,4960,7.993305121831671,0,3.0,0,0,0,0.0
1,3,2,47473,2341,7.977040735439804,0,26.0,0,0,0,0.0
0,1,1,98333,3677,7.992211597609297,0,1.0,0,0,0,0.0
0,1,1,5,1,7.9921790856312,0,1.0,0,1,0,505.0
0,1,1,1282,375,7.953948009757243,0,1.0,0,0,0,0.0
1,1,1,617,1,7.990997088267648,0,4.0,0,0,0,0.0
1,1,1,7181,1213,7.990838394323876,0,2.0,0,0,0,0.0
0,1,1,53439,9736,7.990798023700001,0,1.0,0,0,0,0.0
0,1,1,10044,2506,7.577873783580347,0,1.0,0,0,0,0.0
0,1,1,47067,336,7.985362977942402,0,2.0,0,0,0,0.0
0,1,1,20002,1,7.98390485058164,0,2.0,0,0,0,0.0
1,1,1,957,27,7.982701590511165,0,1.0,0,0,0,0.0
0,1,1,5407,25,7.957200031457245,0,3.0,0,0,0,162.0
1,1,1,6617,8,7.981957459145028,0,8.0,0,2,7,210.0
0,1,1,735,46,7.981769168527237,0,1.0,0,0,0,0.0
0,1,1,2001,5,7.98163446246594,0,1.0,0,0,0,0.0
1,1,1,905,6,7.980399038986334,0,1.0,0,0,0,0.0
0,1,1,22381,2929,7.980935011303621,0,3.0,0,0,0,0.0
0,1,1,5325,738,7.832477460666056,0,2.0,0,1,5,72.5
0,1,1,49437,234,7.181313176943593,0,7.0,0,25,51,66.6470588235294
1,1,1,65,1,6.486098300020126,0,2.0,0,1,0,61.0
0,1,1,11822,619,6.003794607724134,0,2.0,0,0,0,0.0
0,1,1,1753,1345,7.979368383930183,0,1.0,0,1,0,135.0
1,1,1,29579,265,7.978201660224959,0,1.0,0,0,0,0.0
1,1,1,888,50,7.977955855727785,0,1.0,0,1,0,383.0
1,3,2,4246,45,7.859844243944886,0,22.0,0,0,0,0.0
1,1,1,9212,296,7.977907753210483,0,1.0,0,0,0,0.0
0,1,1,3156,2089,7.976795311199684,0,1.0,0,2,7,90.27272727272728
0,7,3,198573,29774,7.97671666136573,1,327.0,1,92,54,105.82186732186732
1,1,1,253,221,7.819997329097116,0,1.0,0,0,0,0.0
0,1,1,978,592,7.975914889367859,0,1.0,0,0,0,0.0
1,1,1,2268,651,7.863305882345779,0,1.0,0,13,53,78.4054054054054
1,1,1,3002,14609,7.975435131718355,0,3.0,0,0,0,0.0
0,1,1,54225,10,7.975419065857833,1,1.0,0,0,0,0.0
0,1,1,10805,2065,7.907027363066746,0,3.0,0,0,0,0.0
0,1,1,1984,1,7.966436633733717,0,1.0,0,0,0,0.0
1,1,1,5,1,7.974912848655004,0,1.0,0,0,0,0.0
1,1,1,1,1,7.974565262019771,0,1.0,0,0,0,0.0
1,1,1,4260,275,7.974307796306283,0,1.0,0,0,0,0.0
0,1,1,270,381,7.973961477194563,0,1.0,0,0,0,0.0
1,1,1,5598,5979,7.972938458967575,0,1.0,0,0,0,0.0
1,1,1,8613,854,7.972933705754403,0,1.0,0,0,0,0.0
1,1,1,15694,215,7.942739679592718,0,1.0,0,0,0,0.0
1,1,1,2215,539,7.972096062841127,0,1.0,0,0,0,0.0
0,7,3,44918,662,7.9715959297511585,0,150.0,0,75,52,39.28476821192053
1,1,1,20511,16128,7.971341157525133,0,1.0,0,0,0,0.0
0,1,1,3280,4872,7.971304842976498,0,1.0,0,0,0,0.0
1,1,1,13635,1152,7.971070826447992,0,1.0,0,0,0,0.0
0,1,1,2773,5,7.971011157778638,0,1.0,0,0,0,0.0
1,1,1,21927,10923,5.444363282148045,0,2.0,0,0,0,0.0
1,1,1,28369,50,7.969237607191775,0,1.0,0,0,0,0.0
1,1,1,33,27,7.961897632035235,0,1.0,0,0,0,0.0
1,1,1,18948,4541,7.968809691253934,0,1.0,0,0,0,0.0
1,1,1,5723,1435,7.968661232562526,0,3.0,0,0,0,0.0
0,1,1,486,366,7.96847503335853,0,1.0,0,10,77,79.2
0,1,1,401,279,7.968469171062284,0,1.0,0,0,0,0.0
1,1,1,24955,1546,7.923025442768624,0,4.0,0,1,15,44.54545454545455
0,1,1,7520,5673,7.967539189061118,0,1.0,0,0,0,0.0
0,1,1,2110,340,7.918127319970947,0,7.0,0,0,0,0.0
0,1,1,24,342,7.967286444872713,0,1.0,0,0,0,0.0
0,1,1,1314,81,7.967332297535781,0,1.0,0,4,19,121.06666666666666
1,1,1,13380,1370,7.966999192356679,0,1.0,0,17,50,135.9375
1,1,1,14597,246,7.690149305166272,0,1.0,0,0,0,0.0
1,1,1,17948,118,7.966640134633659,0,1.0,0,0,0,0.0
0,1,1,9496,4354,7.788221592032193,0,2.0,0,3,33,129.5
1,1,1,21731,5902,7.96510018863016,0,1.0,0,0,0,0.0
1,1,1,112821,1456,7.965037351152025,0,2.0,0,0,0,0.0
0,1,1,52245,2494,7.953666651225541,0,1.0,0,0,0,0.0
1,1,1,34418,18095,7.964232949042866,0,3.0,0,0,0,0.0
1,1,1,27,1,6.960046033688086,0,1.0,0,0,0,0.0
0,1,1,31757,359,7.912160833292619,0,2.0,0,1,0,300.0
1,1,1,7,33,7.96379032983228,0,1.0,0,0,0,0.0
1,1,1,1960,1773,7.58633076383233,0,1.0,0,0,0,0.0
0,1,1,1418,77,7.9635377757724015,0,2.0,0,0,0,0.0
1,1,1,3531,328,7.963415776634318,0,1.0,0,0,0,61.5
0,1,1,851,21,7.963284112629451,0,1.0,0,0,0,0.0
0,1,1,0,1,7.962891623973786,0,1.0,0,1,0,284.0
1,1,1,906,708,7.636171404438714,0,1.0,0,1,0,61.57142857142857
0,1,1,7,14,7.263853198998503,0,1.0,0,0,0,0.0
1,1,1,473,125,7.812970432248179,0,2.0,0,0,0,0.0
0,1,1,41775,330,7.961279999515653,0,1.0,0,0,0,0.0
1,1,1,1887,126,7.961240642910587,0,1.0,0,0,0,0.0
0,1,1,1107,1618,7.960669940449057,0,1.0,0,0,0,0.0
1,1,1,64,1,7.698807631528227,0,4.0,0,0,0,0.0
1,1,1,1130,4,7.960422139602351,0,3.0,0,0,0,0.0
1,1,1,9792,1550,7.825188281514284,0,7.0,0,0,0,0.0
1,1,1,11337,2367,7.958854149641137,0,6.0,0,0,0,0.0
0,1,1,13925,2726,7.958823507260221,0,3.0,0,0,0,0.0
1,1,1,181,39,7.958147156713919,0,1.0,0,0,0,0.0
0,1,1,59078,2321,6.54246944357984,0,5.0,0,0,0,0.0
1,1,1,245,202,7.957710177982963,0,2.0,0,0,0,33.588235294117645
1,1,1,3199,1260,7.812911587469109,0,1.0,0,0,0,14.0
1,1,1,11769,8,7.956034828780235,0,1.0,0,0,0,20.0
0,1,1,13,1,7.953679041267876,0,1.0,0,0,0,0.0
1,1,1,29906,552187,7.954782040228507,0,1.0,0,0,0,0.0
1,1,1,872,1,7.865258724133494,0,1.0,0,0,0,0.0
1,1,1,316,112,7.953282211344182,0,1.0,0,0,0,0.0
1,1,1,1542,398,7.79917562529201,0,1.0,0,0,0,0.0
1,1,1,3001,65,7.952753844167971,0,3.0,0,0,0,0.0
0,1,1,4602,98,7.95065105434872,0,1.0,0,4,14,33.42857142857143
0,1,1,9986,16223,7.9503368352699555,0,1.0,0,0,0,0.0
1,1,1,1235,597,7.579875456711383,0,1.0,0,0,0,0.0
1,1,1,9612,1310,7.949823298118841,0,2.0,0,0,0,0.0
1,1,1,1692,1273,7.597362369531116,0,1.0,0,0,0,0.0
0,1,1,102186,9863,7.947729951349759,1,1.0,0,1,15,152.38888888888889
0,1,1,684,4,7.947536749078357,0,1.0,0,0,0,0.0
0,1,1,16486,212,7.947456546528099,0,1.0,0,0,30,124.68
0,1,1,5585,1080,6.989221509643166,0,1.0,0,0,0,0.0
0,1,1,1118,4,7.941262634443531,0,1.0,0,0,0,0.0
1,1,1,5283,597,7.9469393652468865,0,1.0,0,0,0,0.0
0,1,1,10295,3133,7.946781685321924,0,1.0,0,0,0,0.0
1,1,1,12604,537,7.9454558557277855,0,1.0,0,0,0,0.0
1,1,1,1954,449,7.945151776837122,0,2.0,0,0,0,0.0
1,1,1,330,1,7.944424535221789,0,1.0,0,1,0,239.0
1,1,1,7091,10027,6.5094745073362725,0,1.0,0,0,0,64.6
1,1,1,445,3,7.944050932666462,0,1.0,0,0,0,0.0
1,1,1,15717,1,7.9430480046871486,0,1.0,0,0,0,0.0
0,1,1,611,1,7.942396941234922,0,1.0,0,0,0,0.0
1,1,1,60521,14692,7.941745434149465,0,7.0,0,0,0,0.0
1,1,1,813,260,7.061321479222601,0,1.0,0,0,0,0.0
1,1,1,174,2491,7.941462649653812,0,1.0,0,0,0,0.0
1,1,1,3165,22,7.870231504066061,0,1.0,0,0,0,0.0
0,1,1,386,254,7.856336245871522,0,1.0,0,0,0,0.0
0,1,1,20510,4319,7.937635742664687,0,1.0,0,0,0,0.0
0,1,1,20175,210,7.936794392245138,0,1.0,0,0,0,0.0
0,1,1,15173,242,7.862807967421957,0,1.0,0,0,0,0.0
0,1,1,1568,49,7.935921480490125,0,1.0,0,0,0,0.0
1,1,1,3268,467,7.932692274213348,0,2.0,0,0,0,0.0
1,1,1,40281,7311,7.934631204930513,0,1.0,0,1,50,35.06666666666667
0,1,1,891,5905,7.931775791337591,0,5.0,0,0,0,0.0
0,1,1,125,631,7.934377288282859,0,1.0,0,0,0,0.0
1,1,1,257,2609,7.2958401688567935,0,1.0,0,0,0,0.0
0,1,1,1153,3,7.934147676398559,0,1.0,0,0,0,0.0
1,1,1,1048,36144,7.934085187489389,0,1.0,0,0,0,0.0
0,1,1,2983,29891,6.900221142061347,0,1.0,0,0,0,0.0
0,1,1,924,670,7.933552954366465,0,1.0,0,0,0,0.0
0,1,1,2058,744,7.737411834636194,0,1.0,0,0,0,0.0
1,1,1,-9,3,7.931910624151239,0,1.0,0,0,0,0.0
1,1,1,46,10,7.309675916822418,0,1.0,0,0,0,0.0
0,1,1,8757,365,7.849584686817602,0,1.0,0,0,0,0.0
1,1,1,5535,6,7.929472891243794,0,1.0,0,0,0,0.0
0,1,1,2263,415,7.903893379493851,0,2.0,0,0,0,0.0
1,1,1,624,806,5.707306630184651,0,2.0,0,0,0,0.0
1,1,1,1270,182,7.928609169034247,0,1.0,0,0,0,0.0
0,1,1,15473,4651,7.927876286939284,1,1.0,0,0,17,211.16666666666663
0,1,1,19259,5145,7.923407062410169,0,1.0,0,0,0,0.0
1,1,1,2007,90,7.926193300907393,0,1.0,0,2,0,133.33333333333334
1,1,1,31953,214,7.925834306560548,0,2.0,0,2,25,48.42857142857143
0,1,1,49440,615,7.925218131693004,1,3.0,0,2,33,58.45333333333333
0,1,1,9331,2696,7.923259649425658,0,1.0,0,0,0,0.0
0,1,1,11220,361,7.924631299994776,0,2.0,0,0,0,0.0
0,1,1,6043,2254,7.7675450830454515,0,2.0,0,0,0,0.0
0,1,1,19747,5453,7.923632681595405,0,2.0,0,2,5,136.0
1,1,1,9293,755,7.922568025221029,0,4.0,0,0,0,0.0
0,1,1,731,3,7.922348014827336,0,2.0,0,0,0,0.0
1,2,2,1589,950,7.92121263064096,0,10.0,0,0,0,0.0
1,1,1,2275,2673,7.920954404413363,0,1.0,0,0,0,0.0
1,1,1,0,3,7.790630837348694,0,1.0,0,0,0,0.0
0,1,1,739,13,7.919821808778714,0,2.0,0,0,0,0.0
0,1,1,3038,87,7.442733056782364,0,1.0,0,0,0,0.0
1,1,1,53508,5312,7.918958023192992,0,1.0,0,0,0,0.0
1,1,1,2791,1,7.832601519529849,0,1.0,0,0,0,0.0
1,1,1,7,1,7.916942914312722,0,1.0,0,0,0,0.0
1,1,1,16302,2316,7.916766791920652,0,1.0,0,0,0,0.0
1,1,1,1825,18,7.916718087329682,0,1.0,0,0,0,0.0
0,1,1,2978,7859,7.916552992392171,0,1.0,0,0,0,0.0
1,1,1,17899,31,7.916416511797955,0,3.0,0,0,0,0.0
0,1,1,7560,885,7.882710051230611,0,1.0,0,0,0,0.0
0,1,1,844,265,7.730274029479908,0,1.0,0,1,0,160.0
1,1,1,31407,12608,7.860039727758611,0,1.0,0,0,0,0.0
0,1,1,2127,1036,7.914059013128854,0,1.0,0,0,0,0.0
0,1,1,43609,4637,7.912551959360507,0,1.0,0,0,0,0.0
1,1,1,10251,16872,7.254832836233273,0,1.0,0,0,0,0.0
1,1,1,94,1,7.912433477600171,0,1.0,0,0,0,0.0
1,1,1,17572,9461,7.912240655585823,0,3.0,0,0,0,0.0
1,1,1,32713,156,7.911719069660403,0,2.0,0,1,29,142.0
1,1,1,3926,31,7.911191558062563,1,2.0,0,2,10,57.0
0,1,1,846,63,7.910969899888304,0,1.0,0,0,0,0.0
1,1,1,1037,10,7.318556154863334,0,4.0,0,1,0,107.5
0,1,1,5020,6253,7.910789531292466,0,1.0,0,0,0,0.0
1,1,1,1234,412,7.784020036780843,0,1.0,0,1,0,189.0
0,1,1,27394,27459,7.909028117243236,0,1.0,0,0,0,0.0
1,1,1,3275,120,7.166779403779602,0,5.0,0,0,0,0.0
0,1,1,25788,2684,6.4976332709938385,0,1.0,0,8,40,125.5
0,1,1,7791,2278,7.907115170758079,0,2.0,0,0,0,0.0
1,1,1,518,23,7.90699773470464,0,1.0,0,0,0,0.0
1,1,1,112860,15077,7.906706426113366,0,2.0,0,2,0,115.625
1,1,1,5968,102,7.906251290108092,0,1.0,0,1,2,26.5
0,1,1,427,520,7.906233798283619,0,1.0,0,1,2,241.0
1,1,1,24036,4239,7.90615841232271,0,1.0,0,0,0,0.0
1,1,1,478,4829,7.906148050317995,0,3.0,0,0,0,0.0
0,6,3,83893,736,7.906057612515373,0,57.0,0,20,51,53.273972602739725
0,1,1,5443,2126,7.905990021824066,0,1.0,0,0,0,0.0
1,1,1,1415,1006,7.905676626635586,0,1.0,0,0,0,0.0
0,1,1,2135,2419,7.904972612388621,0,1.0,0,0,0,133.0
0,1,1,16,6,7.90439886787066,0,1.0,0,0,0,0.0
0,1,1,564,135,7.904079166752704,0,1.0,0,0,0,0.0
0,1,1,9843,238,7.903775563183358,0,1.0,0,0,0,0.0
0,1,1,2531,7449,6.282724912943796,0,1.0,0,0,0,0.0
0,1,1,49216,141,7.889675790070067,0,3.0,0,1,0,69.0
0,1,1,6189,549,7.370676056250005,0,1.0,0,0,0,0.0
1,1,1,7724,303,7.903003704740384,0,1.0,0,0,0,0.0
1,1,1,1739,750,7.902869410624229,0,1.0,0,0,0,0.0
0,1,1,56237,22257,7.901828963948943,0,3.0,0,2,21,64.0
1,4,2,14112,1866,7.901167570180088,0,34.0,0,29,54,156.22972972972974
0,1,1,107,14,7.898951051813673,0,1.0,0,0,0,0.0
1,1,1,3,1,7.897647910890408,0,1.0,0,0,0,0.0
1,1,1,3309,82,7.897180986916468,0,1.0,0,0,0,0.0
1,1,1,434,28,7.896263173141023,0,1.0,0,0,0,0.0
1,1,1,100,83,7.867914914718329,0,1.0,0,0,0,0.0
1,1,1,2725,732,7.895975001670442,0,5.0,0,0,0,0.0
0,1,1,16,10,6.497429072955964,0,2.0,0,0,0,0.0
0,1,1,50231,5137,7.89511730019758,0,1.0,0,0,0,0.0
0,1,1,466,25,7.894296705475548,0,1.0,0,0,0,0.0
0,1,1,78242,9779,7.639073526273074,0,1.0,0,0,0,0.0
0,1,1,556,227,7.8924596519607055,0,1.0,0,0,0,0.0
1,1,1,352,1,7.892041527641999,0,1.0,0,0,0,0.0
1,1,1,60627,11878,7.892146130019873,0,1.0,0,0,9,25.5
0,1,1,1453,3150,7.599157468017693,0,2.0,0,0,0,0.0
0,1,1,3591,2076,7.89165388726377,0,1.0,0,0,0,0.0
1,1,1,15,2,7.891809158894059,0,1.0,0,1,0,330.0
1,1,1,119744,1131,7.8914600195425235,0,2.0,0,0,0,0.0
1,1,1,1,1,7.891177742056277,0,1.0,0,0,0,0.0
0,1,1,2655,906,7.480124683522041,0,4.0,0,5,19,171.06666666666666
1,1,1,5432,3373,7.8904498349911005,0,1.0,0,0,0,0.0
0,1,1,40750,18389,7.888663989426165,0,4.0,0,0,0,0.0
1,1,1,21,9,7.5682725781654865,0,1.0,0,0,0,0.0
0,1,1,414,70,7.793912519098891,0,4.0,0,0,0,0.0
1,1,1,8107,4031,7.887815826067735,0,2.0,0,0,0,0.0
1,1,1,8599,16300,7.788696311275736,0,1.0,0,0,0,0.0
0,1,1,1588,2035,7.887238437419676,0,1.0,0,0,0,0.0
0,1,1,13134,1726,7.885550666486525,0,1.0,0,0,0,0.0
0,1,1,331,646,7.885041407227265,0,2.0,0,0,0,0.0
0,1,1,6307,763,7.884921214310187,0,1.0,0,0,0,0.0
0,1,1,5934,801,7.452332551040483,0,1.0,0,1,0,120.0
0,1,1,435,3,7.884627338983799,0,1.0,0,0,0,0.0
1,1,1,127,1,7.8786654470782045,0,1.0,0,0,0,0.0
1,1,1,33396,351,7.883836911321366,0,1.0,0,1,47,157.0
0,1,1,375,421,7.359649045323952,0,2.0,0,0,0,0.0
0,1,1,17013,604,7.880489350036605,0,1.0,0,0,0,0.0
0,1,1,3047,107,7.882264485027859,0,1.0,0,2,3,36.5
1,1,1,370,1,7.8821755682534524,0,1.0,0,0,0,0.0
0,1,1,60187,35919,7.878185087355032,0,1.0,0,0,0,0.0
0,1,1,5185,174,7.881342615177172,0,1.0,0,0,0,0.0
1,4,2,31346,12180,7.375552948028847,0,38.0,0,0,0,0.0
1,2,2,15306,583,7.881146022280374,0,17.0,0,12,45,212.1428571428571
0,1,1,65,25,7.881099345727025,0,1.0,0,0,0,0.0
0,1,1,9561,2743,7.880886972162495,0,1.0,0,0,0,0.0
1,1,1,142511,114,7.880757843204653,0,1.0,0,0,0,0.0
1,1,1,2213,431,7.88074773470464,0,3.0,0,0,0,0.0
1,1,1,20239,31055,7.849420954467867,0,5.0,0,0,0,0.0
1,1,1,8,1,7.879397663723323,0,1.0,0,0,0,0.0
0,1,1,2,1,7.252081898265874,0,1.0,0,0,0,0.0
0,1,1,17582,1129,7.7667191013484915,0,1.0,0,0,0,34.0
1,1,1,22313,9831,7.876349649932668,0,8.0,0,0,0,0.0
0,1,1,9105,776,7.8758714766875535,0,1.0,0,0,0,0.0
0,1,1,107951,7202,7.875844288308209,0,3.0,0,0,0,0.0
1,1,1,2336,684,7.163840016753972,0,1.0,0,0,0,0.0
0,1,1,1,1,7.875417703270057,0,1.0,0,0,0,0.0
1,1,1,3898,2600,7.873862261791618,0,1.0,0,0,0,0.0
0,1,1,118252,767,7.873594275632974,0,1.0,0,3,50,56.22222222222222
1,1,1,7255,3912,7.873514865284912,0,1.0,0,0,0,0.0
0,1,1,6629,473,7.872826378200977,0,1.0,0,5,29,58.142857142857146
0,1,1,50967,2466,7.872279885438536,0,1.0,0,0,0,0.0
0,1,1,2074,96,7.871496587595861,0,2.0,0,4,48,91.0
1,1,1,6,1,7.87124669533536,0,1.0,0,1,0,293.0
0,1,1,1826,7018,7.871062936114126,0,1.0,0,0,0,0.0
1,1,1,2784,175,7.870888683319237,0,2.0,0,0,6,62.52941176470589
1,1,1,1472,1391,7.725764275886479,0,1.0,0,0,0,0.0
0,1,1,139246,403550,7.870323019263669,0,5.0,0,3,46,115.0
1,1,1,11772,12603,7.870286736403122,0,1.0,0,4,21,601.75
1,1,1,8824,12414,7.869359923210736,0,1.0,0,0,0,0.0
1,1,1,611,11,7.868384468803558,0,1.0,0,0,0,0.0
0,1,1,28159,112722,7.867806826650796,0,1.0,0,0,0,0.0
1,1,1,1054,292,7.867623669503231,0,5.0,0,0,0,0.0
0,1,1,7656,1252,7.866957173952238,0,2.0,0,0,0,0.0
0,1,1,3493,13056,7.8658365564147825,0,6.0,0,30,162,61.31506849315068
1,1,1,13,4,7.734314102235758,0,1.0,0,1,0,144.0
0,1,1,7759,3155,7.410753153367656,0,1.0,0,0,0,0.0
1,1,1,46998,9818,7.865013680150428,0,2.0,0,16,51,72.48484848484848
1,1,1,702,4,7.864706685955686,0,1.0,0,0,0,0.0
0,1,1,17281,294,7.8636000745530445,0,1.0,0,0,17,35.0
0,1,1,148,337,7.787522711255456,0,1.0,0,0,0,0.0
1,1,1,831,183,7.862505979945089,0,2.0,0,0,0,0.0
1,1,1,12096,3748,7.8463795001113885,0,1.0,0,0,0,0.0
0,1,1,221,1,7.7841749915302545,0,1.0,0,0,0,0.0
0,1,1,256,23,7.860758667094936,0,3.0,0,0,0,0.0
1,1,1,24938,15,7.427917544829618,0,1.0,0,0,0,16.0
1,1,1,6396,5902,7.860008229799324,0,1.0,0,0,0,0.0
0,1,1,776,203,7.636201286305522,0,1.0,0,0,0,0.0
1,1,1,17864,28662,7.367332075719166,0,1.0,1,3,40,102.125
0,1,1,6032,1611,7.857252823811543,0,1.0,0,0,0,0.0
0,1,1,20081,91848,7.856749363472353,0,1.0,0,0,0,0.0
0,1,1,82392,7889,7.856499819780818,0,1.0,0,0,0,0.0
1,1,1,544829,2424,7.725549842596242,0,1.0,0,6,25,102.57142857142856
0,1,1,24258,1198,7.425474551699596,0,2.0,0,0,0,0.0
1,1,1,26279,123,7.854831378581234,0,1.0,0,0,0,0.0
0,1,1,566,68,7.854801338273986,0,1.0,0,0,0,0.0
1,1,1,1630,772,7.854781374778663,0,1.0,0,0,0,0.0
1,1,1,1340,2968,7.854418070851875,0,1.0,0,0,0,0.0
1,1,1,149193,21982,7.838785069609703,0,1.0,0,1,0,79.66666666666667
0,1,1,89607,4438,6.188913754934315,0,7.0,0,0,0,32.0
1,1,1,847,112,7.852592108167768,0,1.0,0,0,0,0.0
1,1,1,62755,635,7.773322930537023,0,1.0,0,0,0,0.0
0,1,1,290,805,7.852358662024842,0,1.0,0,0,0,0.0
0,1,1,5303,128,7.852139538897608,0,1.0,0,0,0,0.0
1,1,1,228140,29456,7.441673597254391,0,1.0,0,0,0,0.0
0,1,1,1591,7135,7.809124385654015,0,1.0,0,0,0,0.0
1,1,1,230,420,7.851852571574364,0,1.0,0,1,0,536.0
0,1,1,26995,9566,7.851622325928307,0,1.0,0,0,0,0.0
1,1,1,13165,2865,7.851046711813165,0,1.0,0,0,0,0.0
0,1,1,2205,60,7.849773262628183,0,1.0,0,0,0,0.0
0,1,1,83857,2196,7.849039429890586,0,4.0,0,0,0,0.0
1,1,1,13340,92,7.848056433718507,0,7.0,0,0,0,0.0
1,1,1,3759,302,7.848033554919105,0,1.0,0,0,0,0.0
0,1,1,743,233,7.846588831619488,0,1.0,0,1,0,106.0
1,1,1,3596,2451,7.845537610994345,0,1.0,0,0,0,0.0
0,1,1,14978,24700,7.844603636294115,0,3.0,0,0,0,83.66666666666667
0,1,1,15437,1583,7.844462022229673,0,1.0,0,0,0,39.142857142857146
1,1,1,436,1,7.246626191875021,0,1.0,0,0,0,0.0
0,1,1,45,83,7.843699480084517,0,1.0,0,1,0,184.0
1,1,1,511,75,7.839205760663521,0,3.0,0,0,0,0.0
1,1,1,4720,1313,7.843191710165385,0,1.0,0,0,0,0.0
1,1,1,36504,98,7.640212744718076,0,7.0,0,0,0,0.0
1,1,1,155,92,7.842124075110754,0,1.0,0,0,0,0.0
0,1,1,7281,141,7.841740649248205,0,1.0,0,0,0,0.0
0,1,1,1471,1,7.840986948079548,0,1.0,0,0,0,0.0
1,1,1,487,315,7.839934111361927,0,1.0,0,0,0,0.0
1,1,1,1495,4106,7.839936773161304,0,1.0,0,0,0,0.0
1,1,1,17677,63786,7.838953903741576,0,1.0,0,0,1,35.125
1,1,1,29744,922,7.474538390521306,0,1.0,0,0,0,0.0
1,1,1,185,419,7.54982215734768,0,1.0,0,0,0,0.0
0,1,1,10812,2433,7.837909622807665,0,1.0,0,0,0,0.0
1,1,1,85,169,7.837703460108346,0,2.0,0,0,0,0.0
0,1,1,3987,77,7.613997379798056,0,3.0,0,0,0,0.0
0,1,1,3224,1324,7.238582329223869,0,1.0,0,4,41,43.625
0,1,1,951,7,7.835973417266052,0,2.0,0,0,0,0.0
1,1,1,135257,21535,7.835055349985904,0,7.0,0,0,0,0.0
0,1,1,1378,869,7.791318405478083,0,1.0,0,0,0,0.0
0,1,1,573,402,7.834129582500417,0,1.0,0,0,0,0.0
1,1,1,760,594,7.833279517856718,0,1.0,0,0,0,0.0
1,1,1,246551,1972,7.833225774859785,0,2.0,0,0,0,0.0
1,1,1,233,12,7.833030195981797,0,1.0,0,0,0,0.0
0,1,1,3088,2954,7.830544297180874,0,3.0,0,0,0,0.0
0,1,1,1591,58,7.830543441602503,0,1.0,0,0,0,0.0
0,1,1,57157,2066,7.829970267470123,0,2.0,0,0,0,0.0
1,1,1,25683,1,7.81650805868365,0,1.0,0,0,0,0.0
0,1,1,109937,7432,7.82937465817157,0,1.0,0,1,2,52.6
1,1,1,15,2,7.829349973151163,0,1.0,0,1,0,18.0
1,1,1,33706,928,7.829292712776483,0,1.0,0,0,0,0.0
1,1,1,9,1,6.425130989451516,0,1.0,0,0,0,0.0
1,1,1,971,47,7.747938363903312,0,1.0,0,0,0,0.0
1,1,1,2194,2768,7.826644792782568,0,1.0,0,0,0,0.0
0,1,1,2402,1159,7.484192895299869,0,3.0,0,1,0,108.33333333333331
0,1,1,760,812,7.67464153524714,0,1.0,0,0,0,0.0
1,1,1,2263,511,7.824350860417622,0,3.0,0,0,0,185.0
0,1,1,2916,109,7.823960336423402,0,2.0,0,0,0,0.0
0,1,1,24985,1578,7.74450223441311,0,3.0,0,2,23,56.0
1,1,1,8500,412,7.822404768192611,0,7.0,0,0,0,0.0
0,1,1,28226,31599,7.822125627827058,0,3.0,0,0,0,0.0
0,1,1,33824,535,7.821956603566657,0,1.0,0,0,0,63.8
1,1,1,441,1,7.821606893829542,0,1.0,0,0,0,0.0
1,1,1,1090,39,7.821175238697339,0,1.0,0,0,0,0.0
1,1,1,8343,297,7.821102704664333,0,1.0,0,7,49,72.14285714285714
1,1,1,15673,290,7.808027090549191,0,6.0,0,0,0,0.0
0,1,1,952,308,7.819726617762921,0,1.0,0,0,0,0.0
1,1,1,227,70,7.818848065528277,0,2.0,0,0,0,0.0
0,1,1,10907,13230,7.505693769891093,0,1.0,0,0,0,0.0
1,1,1,122360,28565,7.818379715590385,0,1.0,0,0,0,0.0
0,1,1,3244,806,7.817319337107865,0,1.0,0,0,0,0.0
0,1,1,969,33,7.81671013361964,0,1.0,0,0,0,0.0
0,1,1,4624,11395,7.816681709404871,0,1.0,0,0,0,0.0
1,1,1,758,769,7.816586866958043,0,1.0,0,0,17,77.57142857142857
0,1,1,1204,1319,7.706670935455014,0,2.0,0,0,0,0.0
1,1,1,811,6,6.613576910560853,0,1.0,0,0,0,0.0
0,1,1,127,183,7.814418609549368,0,1.0,0,0,0,0.0
0,1,1,72,43,7.81354287755454,0,1.0,0,0,0,0.0
0,1,1,4849,2457,7.491281932489008,0,8.0,0,9,51,94.5
1,1,1,14264,1538,7.811328387225744,0,1.0,0,0,0,0.0
0,1,1,1099,3863,7.811276830706871,0,1.0,0,0,0,0.0
1,1,1,13099,722,7.808692793897988,0,4.0,0,1,0,117.5
1,1,1,79,287,7.221019269929118,0,1.0,0,0,0,0.0
1,1,1,10892,11530,6.994490002811213,1,2.0,0,0,0,0.0
0,1,1,1136,1301,6.9421750929321355,0,1.0,0,0,0,0.0
1,1,1,3528,18792,7.810623770905112,0,1.0,0,0,0,0.0
0,1,1,2200,862,7.809698003419625,0,1.0,0,0,0,0.0
0,1,1,3498,13,7.784713245389863,0,1.0,0,0,0,0.0
1,1,1,12,1,7.8074037541738015,0,1.0,0,0,0,0.0
1,1,1,613,1,7.806807352673053,0,1.0,0,0,0,0.0
0,1,1,6807,43,7.639281368441046,0,3.0,0,0,0,0.0
1,1,1,17302,20210,7.806191399622124,0,1.0,0,0,0,0.0
1,1,1,219,7,7.8053764136916355,0,1.0,0,0,0,0.0
1,1,1,11658,6894,7.805150572689785,0,1.0,0,0,0,0.0
1,1,1,0,3,7.790806991428853,0,1.0,0,0,0,0.0
0,1,1,52148,18,7.8043989946230115,1,1.0,0,1,13,74.5
1,1,1,783,980,7.803899083349657,0,1.0,0,0,0,0.0
0,1,1,1668,466,7.802964284759144,0,3.0,0,0,0,0.0
1,1,1,12154,1190,7.537469253451313,0,4.0,0,0,0,0.0
0,1,1,11907,972,7.802625602476588,0,1.0,0,0,0,0.0
0,1,1,105,175,7.567203327018378,0,5.0,0,0,0,0.0
1,6,3,9190,25,7.734774910408749,0,80.0,0,16,45,155.13636363636363
0,1,1,13787,2437,7.343165155547797,0,5.0,0,0,0,0.0
0,7,3,13337,1,7.786073234742665,0,113.0,0,45,55,107.67857142857144
1,1,1,17208,405,7.800192432653787,0,4.0,0,0,0,0.0
1,1,1,7030,513,7.800080288511013,0,1.0,0,0,0,0.0
0,1,1,84821,3386,7.588242062536922,0,3.0,0,1,0,8.0
0,1,1,49813,29521,7.799814013509112,0,1.0,0,0,0,0.0
1,1,1,3077,204,7.79980476058747,0,2.0,0,2,22,68.0
0,1,1,3111,123,7.798402087380382,0,3.0,0,4,28,74.0
0,1,1,189,6,7.7975688807994,0,2.0,0,0,0,0.0
1,1,1,11976,2906,7.796900452275051,0,1.0,0,0,0,0.0
0,1,1,4113,6000,7.794581010999416,0,1.0,0,0,0,0.0
1,1,1,13117,100,7.065035639995283,1,1.0,0,19,51,54.30434782608695
1,1,1,38395,20334,7.792857717719825,0,1.0,0,0,0,0.0
0,1,1,8660,1885,7.78729997568621,0,5.0,0,0,0,0.0
1,1,1,5069,712,7.0692942338046985,0,1.0,1,6,53,106.15384615384616
0,1,1,73761,9560,7.791899374880066,0,2.0,0,0,0,0.0
1,1,1,12,10,7.79159329963987,0,1.0,0,0,0,0.0
1,1,1,1270,38,7.7915672837197745,0,1.0,0,3,28,97.33333333333331
1,1,1,84311,5603,7.685328057669631,0,2.0,0,10,37,42.36470588235294
0,1,1,3750,860,7.791248469868277,0,5.0,0,0,0,0.0
1,1,1,15366,1456,7.695093787636422,0,1.0,0,0,0,0.0
0,1,1,2482,15,7.78930652878277,0,1.0,0,0,0,0.0
0,1,1,73,31,7.788894963898241,0,1.0,0,0,0,0.0
0,1,1,21169,158,7.788123612464672,0,2.0,0,0,0,0.0
0,1,1,3982,4422,7.787527179275837,0,1.0,0,0,0,0.0
0,1,1,973,90,6.562966090980149,0,1.0,0,0,0,0.0
0,1,1,2206,10128,7.784910820617384,0,1.0,0,0,0,0.0
0,1,1,9514,164,7.784558544145155,0,1.0,0,0,0,0.0
1,1,1,559,370,7.78407764572449,0,1.0,0,0,0,0.0
1,1,1,4605,43,7.7832801833065615,0,1.0,0,0,0,0.0
0,1,1,30059,628,7.782909591119576,0,9.0,0,1,2,135.66666666666666
1,1,1,62514,3787,7.782465799449741,0,1.0,0,0,0,0.0
0,1,1,12122,3030,7.781477226174207,0,1.0,0,0,0,0.0
0,2,2,5085,297,7.780892929523004,0,10.0,0,0,0,0.0
1,1,1,3223,24,7.780554976066467,0,1.0,0,0,0,0.0
1,1,1,901,91,7.779879988107941,0,1.0,0,0,0,0.0
1,2,2,17101,8908,7.77849924305762,0,18.0,0,1,15,246.75
1,1,1,581,1713,7.778267824952314,0,1.0,0,0,0,0.0
1,1,1,24162,1941,7.777990395743502,0,3.0,0,10,42,109.25
1,1,1,12393,14479,7.777577404895022,0,1.0,0,0,0,0.0
0,1,1,771,1380,7.7772887897912115,0,1.0,0,0,0,0.0
0,1,1,10258,309,7.775878004433643,0,1.0,0,0,0,0.0
0,1,1,176615,102360,7.4643867947092035,0,8.0,0,0,0,0.0
0,1,1,18807,1074,7.3205595708392,0,7.0,0,0,0,0.0
1,1,1,697,114,7.774764231523156,0,1.0,0,0,0,0.0
0,1,1,17195,847,6.729425010543107,0,2.0,0,0,0,0.0
1,1,1,2102,6327,7.764712294747229,0,2.0,0,0,0,115.0
1,1,1,1773,45,7.534045704131973,0,4.0,0,0,0,0.0
1,1,1,826,1,7.772605005219508,0,1.0,0,0,0,0.0
1,1,1,13238,475,7.771334788219483,0,1.0,0,0,0,0.0
0,1,1,20,181,7.7289295989782225,0,1.0,0,0,0,0.0
0,3,2,55862,923,7.770023820338529,0,21.0,0,0,0,0.0
1,1,1,12,3,7.76963168025183,0,1.0,0,0,0,0.0
1,1,1,27021,473,7.769175435163484,0,1.0,0,0,0,0.0
1,1,1,14310,982,7.76879410071473,0,1.0,0,0,0,0.0
1,1,1,823,288,7.767471313177021,0,1.0,0,0,0,0.0
0,2,2,38362,16450,7.76166272824027,0,16.0,0,20,47,99.97368421052632
0,2,2,6371,7507,7.744672367756583,0,15.0,0,0,0,0.0
1,1,1,13001,556,7.714080909597534,0,1.0,0,0,0,0.0
1,1,1,587,990,7.765954087532485,0,1.0,0,0,0,0.0
1,1,1,1,1,6.365075725426368,0,1.0,0,1,0,140.0
0,1,1,22737,490,7.473774359036021,0,4.0,0,0,0,0.0
0,1,1,1618,3594,7.340515999718456,0,3.0,0,0,0,0.0
1,2,2,25330,5810,7.764746264377366,0,10.0,0,1,0,335.57142857142856
1,1,1,105917,3421,7.762993691304635,0,1.0,0,1,21,120.2
0,3,2,7540,847,7.761881978119855,0,21.0,0,0,0,16.0
1,7,3,31478,747,7.759931386186375,0,118.0,0,0,0,0.0
1,1,1,1104,1346,7.67613245977879,0,1.0,0,0,0,0.0
1,1,1,109,268,7.758610816814813,0,1.0,0,0,0,0.0
0,1,1,2977,214,7.758248812099626,0,1.0,0,0,0,0.0
0,1,1,14716,56,7.757771621185234,0,1.0,0,0,0,0.0
1,1,1,122832,17498,7.757591537782187,0,1.0,0,0,0,0.0
1,2,2,49716,536,7.757584724843307,0,11.0,0,18,48,49.74545454545454
0,1,1,14011,5995,7.756714950208988,0,1.0,0,0,0,0.0
0,1,1,53429,2274,7.756062175600019,0,6.0,0,0,0,0.0
1,1,1,4633,1674,7.755626939713893,0,1.0,0,0,0,0.0
0,1,1,7640,3268,7.755556433718507,0,2.0,0,0,0,0.0
0,1,1,6832,6964,7.755176810426494,0,1.0,0,3,47,74.8
0,1,1,12422,132,7.75420433469957,0,2.0,0,0,0,0.0
0,1,1,139651,1571,7.666493513851343,0,8.0,0,6,44,103.33333333333331
1,1,1,1140,282,7.753639589598548,0,2.0,0,0,0,0.0
1,1,1,1439,196,7.753088787256165,0,1.0,0,0,0,0.0
0,1,1,786,59,7.752524073843231,0,2.0,0,0,0,0.0
0,1,1,1906,19,7.230034562600298,0,5.0,0,1,5,118.0
1,1,1,28848,1118,7.750726408621541,0,1.0,0,1,0,74.66666666666667
0,1,1,3915,8076,7.74841748779106,0,1.0,0,0,0,0.0
1,1,1,4948,243,7.748260600068293,0,1.0,0,0,0,0.0
1,1,1,2502,856,7.747817473848301,0,1.0,0,0,0,0.0
0,1,1,5275,2660,7.747726750852889,0,1.0,0,0,0,0.0
0,1,1,4325,12,7.746525297003421,0,1.0,0,0,0,0.0
0,1,1,2828,1512,7.745950443402387,0,1.0,0,0,0,0.0
0,1,1,717,1,7.745565591575885,0,1.0,0,0,0,0.0
0,2,2,4851,70,7.364657664483837,0,11.0,0,1,0,66.0
0,1,1,471,4,7.743930010923364,0,5.0,0,0,0,0.0
0,1,1,46051,1382,7.743181094655967,0,1.0,0,0,0,0.0
1,1,1,32914,213,7.690281159299667,0,2.0,0,9,31,75.58333333333333
1,1,1,-15,1,7.668067334420715,0,1.0,0,0,0,0.0
1,1,1,1099,45,7.741282534562678,0,1.0,0,1,0,41.0
1,1,1,6614,5252,7.740358858490986,0,2.0,0,0,0,0.0
0,1,1,134,1,7.739346709278118,0,1.0,0,0,0,0.0
1,1,1,39503,2010,7.739435626052525,0,1.0,0,0,0,0.0
1,1,1,2167,984,7.719056192889039,0,1.0,0,0,0,0.0
0,1,1,1055,789,7.736600302707276,0,1.0,0,0,0,41.0
1,1,1,2044,304,6.852318988538899,0,1.0,0,0,0,0.0
1,1,1,15496,2989,7.736446552105203,0,5.0,0,0,0,0.0
0,1,1,11,4,7.734309665903464,0,2.0,0,0,0,0.0
1,1,1,2,1,5.064454195271984,0,1.0,0,0,0,0.0
0,1,1,8489,1003,7.73510570235744,0,1.0,0,0,0,0.0
0,1,1,42836,2,7.7350640958981405,0,2.0,0,0,0,0.0
0,1,1,-5,3,7.734319584274949,0,1.0,0,0,0,0.0
1,1,1,19,10,7.734310616546098,0,1.0,0,0,0,0.0
1,1,1,12341,11936,7.7341976485130415,0,3.0,0,0,0,0.0
1,1,1,9122,1404,7.734173660630565,0,1.0,0,0,0,0.0
1,1,1,111131,62110,7.730710025880142,1,1.0,0,0,0,0.0
0,1,1,9260,2760,7.733003261107155,0,2.0,0,0,0,0.0
1,1,1,212,87,7.732255358858568,0,1.0,0,0,0,0.0
0,1,1,4500,38,7.73204643929561,0,3.0,0,1,0,18.0
1,1,1,28203,7011,7.731926499883234,0,1.0,0,0,0,0.0
0,1,1,15129,1263,7.730958238671989,0,1.0,0,0,0,0.0
1,1,1,949,697,7.730801002380256,0,1.0,0,0,0,0.0
1,1,1,326280,6083,7.730771754275203,0,3.0,0,0,0,0.0
0,1,1,8801,19116,7.72807566838781,0,1.0,0,0,0,0.0
0,1,1,16235,1245,7.726001524599942,0,1.0,0,1,0,265.0
1,1,1,548,289,7.720217434555073,0,1.0,0,0,0,0.0
1,1,1,5,30,7.725592843331405,0,1.0,0,0,0,0.0
1,1,1,167,7,7.577766234210306,0,1.0,0,0,0,0.0
1,1,1,113700,154,7.724807897708164,0,1.0,0,0,0,0.0
1,1,1,94,68,7.723757659413743,0,2.0,0,0,0,0.0
0,1,1,91,10,7.71976432658742,0,1.0,0,0,0,0.0
1,1,1,3602,15315,7.6975096874513635,0,1.0,0,0,0,0.0
1,1,1,42200,10255,7.5473001024385615,0,1.0,0,1,0,25.0
0,1,1,3174,7,6.76774601721028,0,1.0,0,0,0,0.0
0,1,1,281,6,7.716509738152304,0,2.0,0,0,0,0.0
0,1,1,13576,114,7.716004313151671,0,1.0,0,0,0,0.0
0,1,1,837,516,7.715054335967094,0,1.0,0,0,0,0.0
1,1,1,98,45,7.714850391433923,0,1.0,0,0,0,0.0
0,1,1,160455,8,7.714777033510633,0,1.0,0,0,0,0.0
0,1,1,20861,255,7.714222650414326,0,1.0,0,0,0,0.0
0,1,1,26450,560,7.7145352217125245,0,1.0,0,0,0,0.0
0,1,1,12147,636,6.845890552916418,0,4.0,0,3,5,174.33333333333334
1,1,1,158,7,7.712589097799426,0,1.0,0,0,0,62.0
0,1,1,7103,2,7.712478316244428,0,4.0,0,2,53,80.13636363636364
0,1,1,142,6,7.7124563563995725,0,1.0,0,0,0,0.0
0,1,1,3009,727,7.413865145407609,0,3.0,0,0,1,605.0
0,1,1,1233,302,7.291271665548557,0,3.0,0,0,0,0.0
1,1,1,6639,413,7.7100437204576755,0,1.0,0,0,0,0.0
0,1,1,9201,6800,7.710279828399978,0,1.0,0,0,0,0.0
0,1,1,64429,2375,6.578359910535502,0,1.0,0,1,0,123.0
0,1,1,426,290,7.70966111848541,0,1.0,0,0,0,0.0
1,1,1,1434,7107,7.709088578114785,0,1.0,0,0,0,0.0
0,1,1,4098,216,7.708640698681622,0,1.0,0,6,49,137.15
0,1,1,2293,125,7.708150103706085,0,1.0,0,0,0,0.0
1,1,1,15691,3795,7.707906707503586,0,2.0,0,0,0,0.0
1,1,1,223,1,7.7074222600170845,0,1.0,0,0,0,0.0
1,1,1,1,1,7.706717295127486,0,1.0,0,1,0,164.0
0,1,1,86,1,7.705460006867288,0,1.0,0,0,0,0.0
0,1,1,2,1,7.70410343982797,0,1.0,0,1,0,64.0
1,1,1,189,5,7.690435385223057,0,2.0,0,0,0,0.0
1,1,1,5943,564,7.702314393766166,0,1.0,0,0,0,0.0
1,1,1,15773,9364,7.701511037363904,0,1.0,0,0,0,0.0
1,1,1,36621,2767,7.701330573703803,0,1.0,0,0,0,0.0
0,1,1,24551,299,7.655728911980479,0,1.0,0,0,0,0.0
1,2,2,2232,988,7.700122813924859,0,14.0,0,0,0,0.0
0,1,1,11,1,7.699982150503053,0,1.0,0,0,0,0.0
0,1,1,56018,3843,7.250501042941008,0,1.0,0,2,1,71.5
0,1,1,7440,18,7.698322550279969,0,6.0,0,0,0,0.0
0,1,1,821,344,7.6963712295204685,0,1.0,0,0,0,0.0
0,1,1,9194,7501,7.696204264985777,0,1.0,0,1,27,116.66666666666669
0,1,1,952,5546,7.695777616571449,1,1.0,0,0,0,0.0
1,1,1,8215,1,7.6955725629552045,0,1.0,0,0,0,0.0
0,1,1,225,957,7.695286799779297,0,1.0,0,1,0,458.0
1,1,1,59137,555,7.695288479247951,0,1.0,0,3,44,43.72727272727273
1,1,1,525,381,7.6950613390345,0,1.0,0,0,0,0.0
1,1,1,6649,68,6.6659330149540885,0,2.0,0,0,0,25.0
0,2,2,28865,8425,7.693585529720737,0,17.0,4,54,53,61.3
1,2,2,2004,77,7.574784226706567,0,19.0,0,0,0,0.0
1,1,1,1,2,7.2086060002254655,0,1.0,0,1,0,211.0
0,1,1,22701,11876,7.69228432177083,0,2.0,0,4,43,58.375
1,1,1,30461,6405,7.692256214436939,0,7.0,0,2,49,51.23076923076923
1,1,1,26545,4566,7.604487024130959,0,1.0,0,0,0,0.0
0,1,1,117203,5703,7.690956242322456,0,1.0,0,0,0,0.0
1,1,1,2549,5904,7.690341271602249,0,1.0,0,0,0,0.0
1,1,1,17235,17735,7.688034759066442,0,1.0,0,1,0,8.0
0,1,1,187,38,7.680158589776002,0,1.0,0,1,0,438.0
1,1,1,19805,1057,7.686733931373588,0,1.0,0,0,45,37.45
1,2,2,18145,2761,7.686700880697998,0,10.0,0,0,0,0.0
0,1,1,9669,12866,7.685385286356223,0,1.0,0,0,0,31.0
1,1,1,9483,540,7.669548594085581,0,5.0,0,0,0,0.0
0,1,1,6705,2621,7.645932729761299,0,3.0,0,0,0,0.0
1,1,1,91024,53113,7.553215476231245,1,1.0,0,3,16,84.36363636363636
0,1,1,3285,2002,7.681378232587876,0,1.0,0,0,0,0.0
0,1,1,100135,74528,7.681033054247318,0,9.0,0,4,43,44.450980392156865
0,3,2,25014,1,7.6807989426545475,0,21.0,0,0,0,0.0
0,1,1,9853,117,7.680058962427914,0,1.0,0,0,0,0.0
0,1,1,4328,4391,7.679512913298703,0,1.0,0,0,0,0.0
1,1,1,4874,10931,7.662737429738483,0,7.0,0,1,0,51.75
0,1,1,1539,115,7.24583370448688,0,1.0,0,0,0,0.0
0,1,1,21296,442,7.678721725122163,0,1.0,0,27,44,72.48484848484848
1,1,1,28460,6049,7.560444131135294,0,1.0,0,0,0,0.0
1,1,1,26925,55016,7.6779666930538175,0,2.0,0,2,38,80.01694915254237
0,1,1,126,1,7.429968080992063,0,1.0,0,1,0,685.0
1,2,2,56333,88341,7.67617333741207,0,13.0,1,2,36,262.4
0,1,1,56440,143,7.675397042636802,0,1.0,0,0,0,0.0
1,1,1,6744,1145,7.674933382535907,0,1.0,0,0,0,0.0
0,1,1,11294,551,6.668545159096863,0,1.0,0,0,0,0.0
1,1,1,7575,5398,7.673595955101629,0,1.0,0,2,34,39.333333333333336
1,1,1,3280,3173,7.493257114378633,0,1.0,0,0,0,0.0
1,1,1,264,1868,7.670544297180874,0,1.0,0,0,0,0.0
1,1,1,1316,52,6.650891978880369,0,1.0,0,0,0,0.0
0,1,1,45729,2356,7.67114332879291,0,1.0,0,0,0,0.0
1,1,1,11207,6899,7.6710110310262865,0,1.0,0,2,23,128.0
0,1,1,4406,201,7.670782274720358,0,2.0,0,0,0,0.0
1,1,1,23091,3740,7.670673172634014,0,1.0,0,0,0,0.0
0,1,1,212809,25313,7.670561567188733,0,3.0,0,2,33,72.0
0,1,1,6126,3962,7.669855239711357,0,1.0,0,0,0,0.0
1,1,1,2730,2914,7.669216312796764,0,2.0,0,0,0,0.0
0,1,1,28,15,7.668849364739877,0,1.0,0,0,0,0.0
1,1,1,15030,22,7.6686700418509375,0,1.0,0,0,0,0.0
0,1,1,47354,68,7.668516449689303,0,1.0,0,0,0,0.0
1,1,1,77,10,7.668477536717467,0,1.0,0,0,0,76.0
1,1,1,67,3799,7.668472688440032,0,1.0,0,0,0,0.0
1,1,1,1695,89,7.668098388746772,0,3.0,0,0,0,0.0
1,1,1,1316,485,7.667452015131542,0,1.0,0,0,0,0.0
1,1,1,44162,200,7.667127370671888,0,4.0,0,6,30,84.4
0,1,1,14827,13969,7.666743818056986,0,1.0,0,0,0,0.0
1,1,1,21236,9351,7.637511430296193,0,3.0,0,0,0,0.0
0,1,1,9489,153,7.658541895223817,0,1.0,0,12,50,49.2
0,1,1,2018,2350,7.643987556490834,0,8.0,0,0,0,0.0
0,1,1,7408,4158,7.601565160617891,0,1.0,0,0,0,0.0
1,1,1,15504,9535,7.534528979159225,0,1.0,0,0,0,0.0
1,7,3,228441,1671,7.652199112502698,0,152.0,0,80,14,120.59363957597174
0,1,1,5483,3686,6.6603641504016515,0,1.0,0,0,0,268.75
0,1,1,11928,33,7.637211882802087,0,1.0,0,0,0,0.0
0,1,1,235276,13810,7.655865772831747,0,1.0,0,0,0,0.0
0,1,1,20590,13140,7.644142954873474,0,1.0,0,1,84,78.0
0,1,1,11674,14455,7.64600374276609,0,1.0,0,1,0,585.0
0,1,1,1455,94,7.654469690746924,0,2.0,0,2,1,42.8
0,1,1,1665,1690,7.653365899584099,0,1.0,0,1,0,120.0
0,1,1,5102,2801,7.652590492075289,1,1.0,0,0,0,0.0
1,1,1,13234,870,7.652257545336627,0,1.0,0,0,0,0.0
1,1,1,1854,4283,7.651746353104011,0,2.0,0,0,0,0.0
0,1,1,1579,18,7.493359150021394,0,1.0,0,0,0,0.0
1,1,1,137511,5273,7.650248679009657,0,3.0,0,1,5,36.6
0,1,1,105124,501,7.36117783712054,0,1.0,0,3,26,126.71428571428572
1,1,1,4354,1,7.649578159071512,0,1.0,0,0,0,0.0
1,1,1,3,1,7.649327537984991,0,1.0,0,0,0,0.0
0,1,1,21378,2419,7.64908357139691,0,1.0,0,0,0,0.0
0,1,1,6052,7509,6.721947667525894,0,1.0,0,1,0,5.0
0,1,1,2209,1707,7.648957547871675,0,9.0,0,0,0,0.0
0,1,1,3055,17,7.648280595251703,0,1.0,0,0,0,0.0
0,1,1,58627,179,7.646327880216339,0,1.0,0,6,18,53.1875
1,1,1,1408,2056,7.645676690011761,0,1.0,0,0,0,0.0
0,1,1,82442,10639,7.6451507945064,0,3.0,1,5,43,149.08695652173913
0,1,1,83884,46216,7.644004731434429,0,1.0,0,1,0,116.0
1,3,2,44175,20640,7.643810420079954,0,29.0,0,0,0,0.0
1,1,1,1188,16,7.568392359137423,0,2.0,0,0,0,0.0
0,1,1,1869,33,7.6427250080080595,0,4.0,0,1,0,194.0
0,1,1,328,36,7.640917899736201,0,1.0,0,0,0,0.0
0,3,2,228670,2384,7.640902245820821,0,23.0,0,0,0,0.0
0,1,1,2907,479,7.640680429206123,0,1.0,0,0,0,0.0
0,1,1,2854,312,7.640435987296725,0,1.0,0,0,0,0.0
1,1,1,13337,1228,7.49240622584465,0,4.0,0,0,0,15.0
1,1,1,5915,209,7.6400520227366835,0,1.0,0,0,0,0.0
1,1,1,13597,3015,7.129673762032447,0,1.0,0,0,0,0.0
1,1,1,250948,4877,7.637835536058355,0,1.0,0,0,0,0.0
1,3,2,13142,139,7.637270600828806,0,29.0,0,0,0,0.0
0,2,2,22553,4,7.449131230280983,0,11.0,0,0,0,0.0
0,1,1,58770,446,7.635837950690647,0,1.0,0,0,0,0.0
1,1,1,2832,127,7.635793175422565,0,1.0,0,4,0,81.0
1,1,1,1013,948,7.326847754985017,0,1.0,0,0,8,27.125
1,1,1,1094,1530,7.6357537871294126,0,1.0,0,0,0,0.0
1,1,1,1976,1091,7.626773509795268,0,1.0,0,0,0,0.0
0,1,1,38873,396,7.614102394121073,0,1.0,0,1,0,71.0
0,3,2,28190,790,7.236355258724211,0,27.0,0,4,43,115.47619047619048
1,1,1,22290,7,7.634318348439525,0,1.0,0,0,0,0.0
1,1,1,46827,3261,7.633183566326816,0,1.0,0,0,0,0.0
1,1,1,14258,2554,7.632349821048342,0,2.0,0,0,0,0.0
0,1,1,58419,2,7.6322724387379,0,1.0,0,0,0,0.0
0,1,1,3055,1,7.632185011303621,0,1.0,0,0,0,0.0
0,1,1,169,14,7.632072835472759,0,4.0,0,0,0,0.0
1,1,1,91,49,7.629473271500848,0,1.0,0,0,0,0.0
0,1,1,2,2,7.422391902828958,0,1.0,0,0,0,0.0
0,1,1,40343,8858,7.629131388721422,0,2.0,0,0,0,0.0
1,3,2,145827,48,7.628870690822976,0,22.0,0,2,17,133.22222222222223
0,1,1,925,54,7.313489768319363,0,4.0,0,0,0,0.0
0,1,1,11409,682,7.627285018908762,0,3.0,0,0,0,0.0
0,1,1,23826,6098,7.627173255023042,0,1.0,0,0,0,0.0
1,1,1,1916,650,7.102467098661341,0,2.0,0,0,0,0.0
0,1,1,3547,1255,7.624692838261311,0,5.0,0,0,0,0.0
0,1,1,11100,640,7.624892092957485,0,1.0,0,0,0,0.0
1,1,1,20286,41166,7.624925333761603,0,2.0,0,0,0,0.0
0,1,1,6227,8035,7.62466067485218,0,1.0,0,0,0,0.0
0,1,1,182509,1,7.074850169617307,0,3.0,0,0,0,0.0
0,1,1,341,218,7.3524006170531075,0,2.0,0,0,0,0.0
1,1,1,3155,776,7.6221170720433475,0,1.0,0,0,0,0.0
0,1,1,11320,180,7.621122066085987,0,1.0,0,0,0,0.0
1,1,1,100,1,7.620761297206225,0,3.0,0,1,0,47.0
0,1,1,197,80,7.619460437825283,0,1.0,0,0,0,0.0
1,1,1,21,1,7.619333812226378,0,1.0,0,0,0,0.0
0,1,1,140,1,7.6193220559458,0,2.0,0,1,0,307.0
0,1,1,52104,1796,7.619176290741855,0,1.0,0,0,0,0.0
0,1,1,87,1,7.616678160339036,0,1.0,0,0,0,0.0
1,1,1,3003,200,7.478869296547113,0,1.0,0,0,0,0.0
0,1,1,4044,4902,7.615585396630768,0,1.0,0,0,0,0.0
0,1,1,2327,184,7.615041945924758,0,5.0,0,0,0,0.0
0,1,1,31817,806,7.613985591829389,0,2.0,0,0,0,0.0
1,1,1,-100,76,7.500217814812126,0,1.0,0,0,0,0.0
1,1,1,5819,1416,7.613447876667274,0,1.0,0,0,0,0.0
1,1,1,21243,443,7.612821624987805,0,1.0,0,0,0,0.0
1,1,1,1325,1,6.4311277065656185,0,2.0,0,1,20,188.5
1,6,3,16817,64,6.296604834103834,0,81.0,0,18,42,53.86206896551724
1,1,1,72835,60900,7.608263293555757,0,7.0,0,0,0,0.0
1,1,1,2046,174,7.608106469209165,0,2.0,0,0,0,0.0
0,1,1,931,12,7.459302821276496,0,1.0,0,0,0,0.0
0,1,1,3639,11317,7.604378999439601,0,1.0,0,0,0,0.0
1,1,1,5908,2965,7.402031292389635,0,1.0,0,0,0,0.0
0,1,1,23241,273,7.603149089687275,0,1.0,0,0,6,100.21428571428572
1,1,1,13915,162,7.602494540545388,0,1.0,0,0,0,0.0
0,1,1,90,49,7.602392631654978,0,1.0,0,0,0,0.0
0,1,1,19027,4,7.602084179808196,0,1.0,0,0,0,236.5
0,1,1,151263,23807,7.602049069406899,0,1.0,0,1,12,19.666666666666668
0,1,1,3037,58,7.599982087126877,0,4.0,0,0,0,0.0
0,1,1,18127,11541,7.599973467966992,0,9.0,0,0,0,0.0
0,1,1,3755,1,7.599642834458741,0,3.0,0,1,0,126.0
1,1,1,2196,7159,7.599367750168427,0,2.0,0,0,0,0.0
1,1,1,47634,1490,7.599221763147868,0,1.0,0,0,0,0.0
0,1,1,6043,191,7.599113104694753,0,1.0,0,0,0,0.0
0,1,1,10781,7586,7.597911080459704,0,1.0,0,0,0,0.0
0,1,1,66880,3124,7.199830903259917,0,2.0,0,5,51,96.4
0,1,1,1111,54,7.597032940170202,0,1.0,0,0,0,0.0
1,1,1,82841,2405,7.595746562245391,0,1.0,0,0,0,0.0
1,1,1,20460,1384,7.595445810603948,0,9.0,0,0,0,73.0
1,1,1,994,643,5.885742347729711,0,2.0,0,0,0,0.0
0,1,1,32,1,7.593367357236138,0,1.0,0,0,0,0.0
1,1,1,4763,95,7.592691006689836,0,1.0,0,0,0,0.0
1,2,2,37586,169,7.592142327449335,0,13.0,0,37,52,232.0873786407767
1,1,1,5783,808,7.589118966990999,0,3.0,0,0,0,0.0
0,1,1,3613,389423,7.4347368213271965,0,1.0,0,0,0,0.0
1,1,1,12547,9309,7.588503330820948,0,1.0,0,3,51,97.41666666666669
1,1,1,10269,880,7.587266766570181,0,1.0,0,0,0,6.0
0,1,1,23317,5510,7.409069280069307,0,1.0,0,2,16,47.46511627906977
0,1,1,1551,2863,7.3501009491442675,0,2.0,0,0,0,0.0
0,1,1,122,54,6.346218651377645,0,1.0,0,0,0,0.0
0,1,1,1673,763,7.344884741321112,0,1.0,0,0,0,0.0
0,1,1,12268,483,7.585635907442744,1,1.0,0,0,0,0.0
1,1,1,31,10,7.574666347019899,0,1.0,0,1,0,211.0
0,1,1,27758,7639,7.585482093464495,0,1.0,0,0,0,0.0
0,1,1,0,25,7.446000764085835,0,1.0,0,0,0,0.0
0,1,1,1091,83,7.584306782287473,0,1.0,0,1,0,365.0
0,1,1,494,46,7.583605873473114,0,1.0,0,0,0,0.0
0,1,1,92994,5800,7.490895211065326,0,1.0,0,0,0,0.0
0,1,1,261,122,7.583003419547594,0,4.0,0,0,0,0.0
1,1,1,1310,440,7.582827804164928,0,3.0,0,1,0,17.0
1,1,1,5793,1291,7.581162785278829,0,2.0,0,0,0,0.0
1,5,3,17178,242,7.5810653444088,0,41.0,0,64,51,127.1737089201878
1,1,1,48,1,7.5808914084947885,0,1.0,0,1,0,75.0
0,6,3,12974,8639,7.333593863687833,0,57.0,0,0,0,0.0
0,1,1,202,1,7.563529758686185,0,1.0,0,0,0,0.0
1,1,1,14825,317,7.579379538137093,0,1.0,0,0,0,0.0
0,1,1,35522,767,7.577792218442314,0,5.0,0,0,0,0.0
1,1,1,742,3,7.577683211420233,0,1.0,0,0,0,0.0
1,1,1,1428,100,7.57683828024676,0,4.0,0,0,0,0.0
1,1,1,7112,150,7.575374765911069,0,4.0,0,0,0,0.0
1,1,1,65,3,7.57524224632783,0,1.0,0,0,0,0.0
0,1,1,47184,10831,7.574151415592921,0,1.0,0,2,44,76.14285714285714
1,1,1,297734,37742,7.521021773288056,0,1.0,0,11,52,47.189655172413794
1,1,1,5789,3892,7.571876496080663,0,3.0,0,0,0,0.0
1,1,1,4985,1,7.571445316269778,0,1.0,0,0,0,0.0
1,1,1,893,162,7.570177919509568,0,1.0,0,0,0,0.0
1,1,1,70,1,7.110566573906607,0,3.0,0,0,0,49.0
0,1,1,5451,10103,7.567938300527136,0,1.0,0,0,0,0.0
0,1,1,9758,480,7.567925720356274,0,1.0,0,2,24,46.0
1,1,1,26646,5010,7.559239381724693,0,2.0,0,0,0,0.0
1,3,2,17575,182,7.567212389811492,0,27.0,0,9,36,81.41463414634147
0,1,1,18010,3880,7.567195373308336,0,1.0,0,35,42,41.9
1,1,1,2950,19,7.566650940271603,0,1.0,0,0,0,0.0
0,1,1,8657,147,7.564307194232614,0,3.0,0,0,0,0.0
0,1,1,49,1,7.565867705805104,0,1.0,0,0,0,0.0
1,1,1,639,1814,7.56576440263883,0,2.0,0,0,0,0.0
0,2,2,10215,386,7.56521718105037,0,12.0,0,0,0,0.0
0,1,1,43016,8514,7.564775797675209,1,4.0,0,5,27,94.0
1,1,1,3413,61,7.564239888734098,0,1.0,0,0,0,0.0
0,1,1,23060,10645,7.563832601741424,0,2.0,0,0,0,0.0
1,1,1,4374,2697,7.562840004078737,0,1.0,0,0,0,0.0
0,1,1,41735,1272,7.56121899994661,0,1.0,1,3,21,269.0740740740741
0,1,1,6383,249,7.560939542700178,0,1.0,0,0,0,0.0
0,1,1,7641,1623,7.560904654115495,0,2.0,0,0,0,0.0
1,1,1,277,5,7.118080389912894,0,2.0,0,1,0,53.0
1,1,1,1975,4,7.5590029885896,0,3.0,0,0,0,0.0
1,1,1,1864,9,7.55858679724425,0,7.0,0,0,0,0.0
0,1,1,1974,903,7.558501017590538,0,1.0,0,0,0,0.0
0,1,1,84807,36225,7.558078266811011,0,2.0,0,0,0,0.0
0,1,1,12235,7197,7.55805668722321,0,1.0,0,0,0,0.0
1,1,1,813,283,7.429194099447206,0,1.0,0,0,0,0.0
0,1,1,7775,1709,7.468377307295712,0,2.0,0,0,0,0.0
0,1,1,34446,221,7.0874208974293085,0,1.0,0,0,0,32.0
0,1,1,66932,1464,7.554869942984103,1,2.0,0,0,12,56.4
1,1,1,4335,1695,7.554777857400916,0,1.0,0,0,0,0.0
1,1,1,7006,81,7.531512019694627,0,1.0,0,0,0,0.0
0,3,2,5807,3738,7.176084642454279,0,22.0,0,2,67,125.33333333333331
0,1,1,4960,287,7.418355315762769,0,3.0,0,4,12,146.0
0,1,1,1791,76,6.497613117369989,0,1.0,0,1,43,109.6
0,1,1,6714,344,7.551071650338275,0,1.0,0,1,10,21.88888888888889
0,1,1,4,5,7.550285944200926,0,1.0,0,1,0,499.0
1,1,1,109679,20818,7.549977619106496,0,1.0,0,0,0,0.0
0,1,1,1208,249,7.548184231776661,0,7.0,0,0,0,0.0
1,1,1,4,1,7.547953067176057,0,1.0,0,0,0,0.0
0,1,1,23957,4433,7.547766836283975,0,1.0,0,0,0,0.0
0,1,1,32485,5435,7.547574806471822,0,1.0,0,1,25,82.45614035087719
0,2,2,11465,615,7.5450007514106,0,19.0,0,0,0,0.0
1,1,1,12972,655,7.544586397974344,0,2.0,0,0,0,58.0
0,1,1,8884,21378,7.544175942172888,0,3.0,0,0,0,77.0
1,1,1,759,745,7.527945240218368,0,1.0,0,0,0,0.0
1,1,1,700,55,7.543566485179961,0,1.0,0,0,0,0.0
0,1,1,5138,1243,7.524278579889319,0,1.0,0,0,0,0.0
1,1,1,14538,96,7.542109625342712,0,1.0,0,0,0,0.0
1,1,1,12240,2545,7.542905408291985,0,2.0,0,0,0,1.0
0,1,1,18297,110,7.542181272109259,0,3.0,0,0,0,0.0
1,1,1,21744,2500,7.539960475850989,0,3.0,0,1,0,17.0
1,1,1,1067,1,6.5247742449589055,0,1.0,0,0,0,0.0
0,1,1,6826,74,7.533328602704741,0,5.0,0,1,20,101.33333333333331
0,1,1,11369,20,7.539525968790882,0,3.0,0,4,5,180.0
0,1,1,2506,1,7.539380615532079,0,4.0,0,0,0,0.0
0,1,1,3625,9438,7.538068380127613,0,1.0,0,0,0,0.0
1,1,1,307,396,6.464814488830429,0,1.0,0,0,0,0.0
0,1,1,198,501,7.536835998704437,0,1.0,0,0,0,0.0
1,1,1,37,1,7.536788054627575,0,1.0,0,0,0,0.0
0,1,1,447,448,7.536574255099094,0,1.0,0,0,0,0.0
1,1,1,1737,2277,7.536527325041041,0,1.0,0,0,0,0.0
1,1,1,1259,32,7.536172735338401,0,3.0,0,0,0,0.0
1,1,1,12,1,7.535679732068191,0,1.0,0,1,3,312.0
1,1,1,75491,11930,7.331147353180063,0,1.0,0,0,0,0.0
0,1,1,870,1380,7.529693598775419,0,1.0,0,0,0,0.0
1,1,1,131245,3240,7.533591201888456,1,1.0,0,0,0,111.5
0,1,1,22583,659,7.532084116432021,0,4.0,0,2,42,41.47727272727273
1,1,1,1,1,7.5319206058989,0,1.0,0,0,0,0.0
1,1,1,38267,1,7.5311438358023155,0,1.0,0,50,53,46.63392857142857
1,1,1,81031,32094,7.529368922627676,0,1.0,0,0,10,78.0
0,1,1,150,118,7.529218340834384,0,1.0,0,0,0,0.0
0,1,1,11469,8768,7.528178020911449,0,1.0,0,0,0,0.0
1,1,1,1538,82,7.404658393309857,0,1.0,0,0,0,0.0
1,1,1,2346,8242,7.523015112451997,0,1.0,0,0,0,0.0
1,1,1,3076,1199,7.522682007272897,0,1.0,0,0,0,0.0
1,1,1,1790,8,7.522580130070574,0,1.0,0,0,0,0.0
0,1,1,6250,58,7.522094510124824,0,1.0,0,0,0,0.0
0,1,1,10160,710,7.521993203308083,0,2.0,0,0,0,0.0
0,1,1,6676,24,7.519268344636954,0,3.0,0,0,0,0.0
0,1,1,72,1,6.849252944226277,0,1.0,0,0,0,0.0
0,1,1,168001,1,7.519792243792784,0,1.0,0,0,0,0.0
0,1,1,6491,1645,7.515394285773162,0,2.0,0,1,31,161.25
1,1,1,94703,1933,7.512136591905441,0,1.0,0,0,0,0.0
1,1,1,49595,1262,7.517757361545718,0,3.0,0,0,0,0.0
1,1,1,346,246,7.515719025297081,0,1.0,0,0,0,0.0
0,1,1,3893,96,7.513590187869646,0,1.0,0,0,0,0.0
0,2,2,21572,891,7.515530100917533,0,11.0,0,0,0,0.0
0,1,1,35956,4743,7.515299791895301,0,1.0,0,0,0,0.0
1,1,1,218,1,7.513491574540369,0,1.0,0,0,0,0.0
0,1,1,23249,17,7.513380412728317,0,3.0,0,0,0,0.0
1,1,1,12,8,7.512665371026793,0,1.0,0,0,0,0.0
1,1,1,167705,2027,7.51228910667209,0,1.0,0,0,0,0.0
0,1,1,758,617,7.511517248229116,1,1.0,0,0,0,0.0
1,1,1,527,355,7.509613396225161,0,5.0,0,1,0,687.0
1,1,1,17034,3593,7.509038130678985,1,1.0,0,0,0,16.5
1,1,1,367,2893,7.509020163533195,0,1.0,0,0,0,0.0
0,1,1,1497,1,7.506682279790452,0,4.0,0,1,0,51.333333333333336
1,1,1,29193,3311,7.204675568253452,0,2.0,0,1,0,21.0
0,1,1,9776,105,7.5071383347502705,0,1.0,0,0,0,0.0
0,1,1,3553,1,7.471831372243616,0,1.0,0,0,0,0.0
0,1,1,9339,263,7.505082570053336,0,1.0,0,1,0,463.0
0,1,1,1939,1583,5.281657784898571,0,2.0,0,3,0,66.15
0,3,2,10488,114,7.403477821910258,0,25.0,0,2,15,64.5
1,1,1,55,21,7.101030234007502,0,1.0,0,1,0,183.0
0,1,1,9194,3934,7.50378510129779,0,1.0,0,0,0,0.0
1,1,1,27283,32809,7.50313742847096,0,2.0,0,1,0,112.0
0,1,1,30137,16005,7.501954005143457,0,1.0,0,0,0,0.0
0,1,1,2568,793,7.501517945367048,0,1.0,0,0,0,0.0
0,1,1,1055,13,7.497857812784089,0,1.0,0,0,0,0.0
1,1,1,1552,364,7.488246308740688,0,2.0,0,0,0,0.0
1,1,1,3912,1702,6.193857571954621,0,1.0,0,0,0,0.0
0,1,1,41234,278,7.499308081499073,0,3.0,0,0,0,126.0
0,1,1,246,14,7.426494306053539,0,3.0,0,0,0,0.0
0,1,1,13714,11418,7.497795957636676,0,1.0,0,0,0,0.0
0,1,1,10161,1551,7.200373720204171,0,1.0,0,0,0,0.0
0,1,1,46587,26845,7.496320148322913,0,5.0,0,6,52,58.208955223880594
1,1,1,11496,14922,7.495632548505436,0,1.0,0,0,0,0.0
0,1,1,53546,1182,7.470780912132581,0,8.0,0,1,36,39.5
0,1,1,2258,7778,7.495316966838896,0,1.0,0,0,0,0.0
0,1,1,6312,27,7.494685803505816,0,5.0,0,0,0,0.0
1,1,1,65487,14213,7.458388873447764,1,1.0,0,0,0,35.5
1,1,1,6279,280,7.483054310616623,0,1.0,0,0,0,0.0
0,1,1,202,7,7.49310190612452,1,2.0,0,0,0,0.0
0,1,1,32553,651,7.492235141858543,0,1.0,0,0,0,0.0
1,1,1,45661,250,7.492029707985244,0,1.0,0,0,0,0.0
0,1,1,135,19,7.490766779245416,0,1.0,0,0,0,0.0
0,1,1,13435,1249,7.347484622173902,0,1.0,0,8,52,100.46666666666668
0,1,1,7343,3,7.397642365475041,0,1.0,0,0,0,0.0
1,1,1,82,1,7.487716578976701,0,1.0,0,1,0,216.0
1,1,1,7273,24,7.488548803226961,0,1.0,0,0,0,0.0
1,1,1,7207,1962,7.487187482974471,0,3.0,0,0,0,0.0
1,2,2,1597,522,7.485757272819072,0,13.0,0,1,0,315.0
0,1,1,867,143,7.102239071181431,0,2.0,0,0,0,0.0
0,1,1,1221,260,7.460094706590969,0,1.0,0,0,0,0.0
1,1,1,518,637,7.484627085479097,0,2.0,0,2,24,113.75
1,1,1,171690,46732,7.484184624708949,0,1.0,0,0,0,0.0
0,1,1,670,1,7.364019371331,0,1.0,0,0,0,0.0
0,1,1,6238,1397,7.483153430955306,0,7.0,0,3,16,115.1818181818182
1,1,1,8877,935,7.4830331112858754,0,2.0,0,0,0,0.0
1,1,1,19742,1580,7.010983842646942,0,1.0,0,0,0,0.0
1,1,1,3595,1,7.482237803657919,0,4.0,0,0,0,0.0
1,1,1,5893,2619,7.481678699036529,0,2.0,0,0,0,0.0
1,1,1,12132,6935,7.481601601918877,0,1.0,0,0,0,109.0
0,1,1,36734,2124,7.48120363122402,0,1.0,0,0,0,0.0
0,1,1,5162,1517,7.480519073462974,0,1.0,0,0,0,0.0
0,1,1,16140,3986,7.479840187869646,0,1.0,0,1,16,76.33333333333333
0,1,1,-100,9,7.479566909800338,0,1.0,0,0,0,0.0
1,1,1,25528,8869,7.479453529822139,0,2.0,0,0,0,25.0
1,1,1,537,152,7.4781594200039025,0,1.0,0,0,0,0.0
0,1,1,17523,656,7.477079965292518,0,1.0,0,1,0,52.0
1,1,1,82371,6131,7.476928749737469,0,3.0,0,0,0,0.0
0,1,1,3468,11344,7.474941970007705,0,1.0,0,0,0,0.0
1,1,1,6994,1853,7.475994077899307,0,3.0,0,0,0,0.0
0,1,1,4840,2041,7.475714208707733,0,1.0,0,0,0,0.0
0,1,1,68,35,7.475212744718076,0,1.0,0,0,0,0.0
1,1,1,11031,16024,7.474669864397645,0,3.0,0,0,0,47.166666666666664
0,1,1,1173,95,7.474492411105888,0,1.0,0,0,0,0.0
1,1,1,1136,1633,6.726688839224629,0,1.0,0,1,31,100.07692307692308
1,1,1,127703,218,7.472781159299666,0,1.0,0,0,0,0.0
1,1,1,5819,5869,7.471298885615989,0,2.0,0,0,0,0.0
0,1,1,6873,29,7.425116159426419,0,4.0,0,13,50,113.75757575757576
0,1,1,16316,10039,7.470913304963468,0,1.0,0,0,0,0.0
1,1,1,3837,144,7.469321992569624,0,1.0,0,0,0,18.0
1,1,1,24675,1749,7.470482251904934,0,1.0,0,0,0,0.0
0,1,1,193,74,7.470434022635281,0,1.0,0,0,0,0.0
1,1,1,87386,2132,7.443805159857376,0,1.0,0,0,0,0.0
0,1,1,4077,163,7.469169192610185,0,1.0,0,0,0,0.0
1,1,1,482,58,7.467665244274443,0,1.0,0,0,0,0.0
1,1,1,9321,847,7.449397125025831,0,1.0,0,0,0,0.0
1,1,1,954,374,7.4671473975433855,0,1.0,0,0,0,0.0
0,1,1,67085,2343,7.465848185943011,0,1.0,0,0,0,0.0
0,1,1,9223,630,7.465823215729813,0,2.0,0,0,0,0.0
0,1,1,4094,483,7.465682013610514,0,2.0,0,0,0,0.0
1,1,1,657,142,7.465570661669935,0,6.0,0,0,0,93.0
0,1,1,93986,10422,7.465423660630566,0,2.0,0,0,0,0.0
1,1,1,1052,1,7.464697686538747,0,1.0,0,0,0,0.0
0,1,1,16346,133,7.464671163609246,0,7.0,0,1,1,137.35714285714286
1,1,1,49667,34,7.463640033231778,0,1.0,0,0,0,0.0
1,1,1,33,364,7.463051807257686,0,1.0,0,0,0,0.0
1,1,1,904,118,7.461896491264074,0,1.0,0,1,0,27.0
1,1,1,17444,1280,7.403494521532536,0,3.0,0,2,11,22.333333333333332
1,1,1,13747,11051,7.460766272236011,0,1.0,0,0,0,0.0
0,1,1,36492,17322,7.460477023370445,0,1.0,0,0,0,0.0
1,1,1,11549,2811,7.460275550508123,0,4.0,0,0,0,0.0
1,2,2,2335,583,7.46025327378239,0,11.0,0,0,0,0.0
0,1,1,4073,3565,7.459812904426038,0,2.0,0,1,0,77.0
1,1,1,6964,831,7.459645052624888,0,2.0,0,0,0,0.0
1,1,1,15431,1205,7.399688592057544,0,2.0,0,0,0,0.0
0,1,1,5166,157,7.4578804697668755,0,1.0,0,0,0,0.0
1,1,1,5658,137,7.458928680023676,0,1.0,0,0,0,0.0
1,1,1,659,32,7.175536596975535,0,5.0,0,4,37,229.44444444444449
0,1,1,21852,565,7.457902397923643,0,1.0,0,0,0,0.0
0,1,1,4623,41,6.638534543587445,0,2.0,0,2,15,556.5
1,1,1,3245,801,7.457765632136637,0,8.0,0,0,0,0.0
1,1,1,17519,1603,7.2915269130958995,0,5.0,0,3,35,22.25
1,1,1,29,1,7.4573746961972756,0,1.0,0,0,0,0.0
0,1,1,27,57,7.457026444112199,0,1.0,0,0,0,0.0
0,1,1,1705,427,7.4565558126319855,0,1.0,0,0,0,0.0
1,1,1,540,463,7.456463346791744,0,1.0,0,0,0,0.0
1,1,1,293,107,7.455837633809768,0,1.0,0,0,0,0.0
0,1,1,15057,2277,7.4556758027453025,0,1.0,0,0,0,0.0
0,1,1,-100,1,7.42467081504028,0,1.0,0,0,0,0.0
1,1,1,18122,4461,7.319851785709786,0,1.0,0,0,0,0.0
0,1,1,45846,1372,7.453313899431996,0,1.0,0,0,0,19.0
1,1,1,522,36,7.452082848908509,0,1.0,0,0,0,0.0
1,1,1,21458,17,7.435787503254847,0,4.0,0,1,23,153.75
1,1,1,1594,1151,7.448577797827311,0,1.0,0,0,0,0.0
1,1,1,17274,38,7.448323564298779,0,1.0,0,0,0,0.0
0,1,1,3410,1013,7.310407784898572,0,1.0,0,0,0,0.0
0,1,1,2839,2976,7.4470013154585635,0,1.0,0,0,0,0.0
0,1,1,4616,850,7.435322036932947,0,1.0,0,0,0,0.0
0,1,1,812,1,7.445926297079472,0,1.0,0,0,0,0.0
0,1,1,5821,5,7.0206756443048635,0,1.0,0,1,0,22.5
1,1,1,29654,12589,7.444430460894211,0,1.0,0,0,0,0.0
1,1,1,1236,2977,7.436316662633253,0,1.0,0,0,0,0.0
1,1,1,18831,9717,7.444145426544324,0,2.0,0,0,0,0.0
1,7,3,16597,3378,7.44331500851507,0,178.0,0,20,49,44.878787878787875
0,1,1,9092,134,7.4414273491239875,0,1.0,0,0,0,0.0
1,1,1,2465,118,7.44156516061789,0,3.0,0,0,0,0.0
0,1,1,701,24,7.047513109764847,0,2.0,0,2,30,70.75
0,1,1,31826,42,7.439225217149439,0,1.0,0,0,0,0.0
1,3,2,19703,192,6.127685588026819,0,26.0,0,22,50,59.193548387096776
0,1,1,137442,5423,7.438264149134128,0,4.0,0,2,27,81.0
0,1,1,3131,44,7.436605150984712,0,1.0,0,0,0,0.0
0,1,1,85,1,7.436482486396784,0,1.0,0,0,0,0.0
1,1,1,17605,1330,7.436414008439018,0,1.0,0,0,0,0.0
0,1,1,369,71,7.133580523002863,0,2.0,0,0,0,0.0
0,1,1,37547,18070,7.434908063753744,0,2.0,0,0,0,0.0
1,1,1,8865,1497,6.499735965748826,0,1.0,0,0,0,0.0
1,1,1,2437,3460,7.432898120031788,0,1.0,0,0,0,0.0
0,1,1,3245,705,7.433146934897303,0,1.0,0,0,0,0.0
1,1,1,14236,348,6.582586340935785,0,1.0,0,0,0,0.0
1,1,1,743,155,7.427729032395212,0,1.0,0,0,0,0.0
1,1,1,1618,100,7.426157493368163,0,1.0,0,0,0,0.0
0,1,1,14,1,7.430415390039647,0,1.0,0,1,0,307.0
0,1,1,4702,1618,7.430424516208937,0,1.0,0,0,0,0.0
0,1,1,6233,1,7.43006510991695,0,1.0,0,0,0,0.0
1,1,1,128,157,7.428280278370825,0,1.0,0,0,0,0.0
0,1,1,1508,1,6.816035430853904,0,1.0,0,0,0,0.0
1,1,1,598,16,7.427631338020482,0,2.0,0,0,0,0.0
1,1,1,3169,1708,7.427351468828908,0,1.0,0,0,0,0.0
1,1,1,255,31,7.426957712649731,0,1.0,0,0,0,0.0
1,1,1,10232,233,7.425348274669656,0,1.0,0,0,0,0.0
1,1,1,11229,173,7.425277325041041,0,1.0,0,1,0,220.0
0,1,1,579,10,7.083307815319135,0,1.0,0,0,0,0.0
0,1,1,474,1,7.400249851468906,0,2.0,0,0,0,0.0
1,1,1,8185,1263,7.292735845334092,0,5.0,0,0,0,0.0
0,4,2,4289,160,7.423324768446116,0,35.0,0,4,32,109.22222222222224
0,1,1,766,16,7.422465292440336,0,1.0,0,1,0,124.0
1,1,1,7,1,7.422358155015437,0,1.0,0,1,0,91.0
1,1,1,21,15,6.584416739952188,0,1.0,0,0,0,0.0
0,1,1,2334,9280,7.408739121882372,0,1.0,0,0,0,0.0
1,1,1,1339,259,7.421491739318426,0,1.0,0,0,0,0.0
1,1,1,536,71,7.419062086873373,0,1.0,0,0,0,0.0
0,1,1,5165,60,7.199590042104442,0,2.0,0,13,50,60.05263157894737
0,1,1,19084,746,7.421240769662939,0,2.0,0,0,0,0.0
1,1,1,33,44,7.216835935328262,0,1.0,0,0,0,0.0
1,1,1,17350,2032,7.420690379265697,0,1.0,0,0,0,0.0
1,1,1,1201,1,7.419954233297689,0,1.0,0,0,0,0.0
0,1,1,1991,1701,7.419465476231245,0,1.0,0,0,0,0.0
1,1,1,60368,3697,7.419274238621288,0,1.0,0,0,0,0.0
1,1,1,38061,8258,7.4189627130299876,0,1.0,0,0,0,0.0
0,1,1,61,1,7.417865132732373,0,1.0,0,0,0,0.0
0,1,1,7627,2775,7.4090698187668,0,1.0,0,0,0,0.0
0,1,1,19811,7596,7.417313062866477,0,1.0,0,0,0,0.0
1,1,1,11543,257,7.417111399875629,0,1.0,0,0,0,0.0
1,2,2,32906,32,7.41628700258306,1,10.0,0,2,9,156.425
0,1,1,44370,1,7.414497671328465,0,1.0,0,0,0,0.0
0,1,1,175,92,7.412647435569091,0,1.0,0,0,0,0.0
0,1,1,132,231,7.312478062739725,0,1.0,0,0,0,0.0
0,1,1,48870,18994,7.41024617565072,0,1.0,0,0,0,127.0
0,1,1,108840,491078,7.410009497322837,1,1.0,0,0,0,0.0
0,1,1,18600,1917,7.408524530151696,0,1.0,0,0,0,0.0
0,1,1,36436,501,7.408125735566556,0,1.0,0,0,0,0.0
0,1,1,141578,2093,7.407736637536288,0,1.0,0,0,0,0.0
1,1,1,49372,3146,7.406861507615128,0,2.0,0,0,0,0.0
0,1,1,4630,6569,7.406242544195856,0,2.0,0,0,0,0.0
1,1,1,5753,1719,7.406102039214488,0,2.0,0,0,0,0.0
1,1,1,997,95,4.856009921943214,0,1.0,0,25,37,58.80672268907563
1,1,1,685,2649,7.40594372552777,0,1.0,0,0,0,0.0
1,2,2,54791,274,7.405893087963443,0,10.0,0,0,0,0.0
1,1,1,10,1,7.31836776918128,0,1.0,0,0,0,0.0
0,1,1,1828,189,7.404782452173649,0,1.0,0,0,0,0.0
1,1,1,403,94,7.398890020556543,0,3.0,0,0,0,0.0
1,1,1,11738,1041,7.403737822670772,0,1.0,0,0,0,0.0
0,1,1,239,575,7.358154856919257,0,2.0,0,0,0,0.0
1,1,1,832,96,7.402221420916519,0,1.0,0,0,0,0.0
1,1,1,1050,222,7.401968961920905,0,5.0,1,0,0,76.23809523809524
1,1,1,7008,28,7.400897175726771,0,3.0,0,0,43,57.666666666666664
1,1,1,989,74,7.399500428192105,0,1.0,0,0,0,0.0
1,1,1,14116,677,7.399003115341951,0,1.0,0,3,52,71.75
0,1,1,335,491,7.386768756582096,0,1.0,0,0,0,0.0
0,1,1,1470,97,7.397338952034222,0,3.0,0,0,0,0.0
1,1,1,14915,2015,7.397273833013764,0,1.0,0,0,0,0.0
1,1,1,7466,10,7.396973778510253,0,4.0,0,0,0,0.0
0,1,1,586,116,7.369953155902703,0,2.0,0,0,0,0.0
1,1,1,40005,22034,7.39663620531077,0,1.0,0,0,0,0.0
1,1,1,3537,64,7.396548619436052,0,2.0,0,0,0,0.0
0,1,1,2283,198,7.39642760262869,0,6.0,0,0,0,0.0
1,1,1,3384,2834,7.395270068468931,0,3.0,0,0,0,0.0
1,1,1,1149,268,7.394006347526908,0,1.0,0,0,0,0.0
1,1,1,2263,37343,6.858204195271983,0,1.0,0,0,9,23.42105263157895
0,1,1,1995,240,7.393096170580626,0,1.0,0,0,0,0.0
0,1,1,551,2,7.38747451367389,0,1.0,0,0,0,41.0
1,1,1,814,1,7.392631116203867,0,1.0,0,0,0,0.0
1,1,1,45362,67,7.337150281159377,0,8.0,0,0,0,0.0
1,1,1,3720,16,7.392141788751843,0,1.0,0,0,0,1.0
1,1,1,9,1,7.391505333508098,0,1.0,0,1,0,50.0
1,1,1,17391,1253,7.3884078863004525,0,1.0,0,0,0,0.0
0,1,1,1035,1,7.388224665776711,0,1.0,0,0,0,0.0
1,1,1,10054,191,7.270959696324028,0,1.0,0,1,0,79.0
0,2,2,29186,20359,7.38696816971871,0,10.0,0,0,0,0.0
1,1,1,22066,1923,7.386881344358099,0,1.0,0,0,0,0.0
1,1,1,1130,804,7.386261366920017,0,2.0,0,0,0,0.0
1,1,1,10763,242,7.386177742056277,0,3.0,0,0,0,0.0
0,1,1,5792,1,7.383754078659821,0,1.0,0,0,0,0.0
0,1,1,19,90,7.307377928382233,0,2.0,0,0,0,0.0
1,1,1,2485,1,6.163255244781452,1,1.0,0,1,8,105.0
1,1,1,2226,6157,7.381888157296979,0,1.0,0,0,0,0.0
1,1,1,1771,5,7.38135700156904,0,1.0,0,1,0,180.0
0,1,1,12514,178,7.381079382231702,0,1.0,0,0,0,0.0
1,1,1,19415,3902,7.379077709100665,0,2.0,0,0,0,0.0
0,1,1,883,1,6.123629386034272,0,4.0,0,0,0,0.0
0,1,1,-1,1,7.315166765302657,0,1.0,0,0,0,0.0
0,1,1,8907,1,7.373042871216923,0,1.0,0,0,0,0.0
0,1,1,1670,198,7.192321460209748,0,1.0,0,0,0,0.0
1,1,1,25376,17393,7.372836645141429,0,1.0,0,0,0,0.0
0,1,1,1352,22,7.367768357312189,0,5.0,0,0,0,0.0
1,1,1,1097,3396,7.350925726693892,0,1.0,0,0,0,0.0
1,1,1,27260,7152,7.369739831695539,0,1.0,0,0,0,0.0
1,1,1,925,2335,7.211278605239788,0,2.0,0,0,0,0.0
0,1,1,10294,159,6.616838058430145,0,4.0,0,0,0,0.0
1,1,1,3707,85,7.368473670770754,0,1.0,0,0,0,0.0
1,2,2,10083,5083,7.368453390394553,0,11.0,0,0,0,0.0
1,1,1,5,1,7.368066003521027,0,1.0,0,0,0,0.0
0,1,1,678,243,7.34599011688833,0,1.0,0,0,0,0.0
0,1,1,14300,23306,7.367477967675462,0,1.0,0,0,0,0.0
1,1,1,9927,393,7.287950817321823,0,3.0,0,10,43,146.7826086956522
0,1,1,8603,1460,7.366595137548963,1,2.0,0,0,0,0.0
0,1,1,144,65,7.365910643164092,0,1.0,0,0,0,0.0
1,2,2,7328,34,7.364615519327045,0,17.0,0,1,0,89.0
1,1,1,7170,1,7.271120988691002,0,8.0,0,0,0,0.0
0,1,1,7503,30,7.363393531596673,0,9.0,0,10,36,52.0625
1,1,1,687,19,7.36303276271691,0,1.0,0,0,0,0.0
0,1,1,38050,15831,7.362856323443961,0,4.0,0,0,0,0.0
0,1,1,13398,12587,7.362651174763453,0,1.0,0,0,16,47.5
1,1,1,95789,4562,7.361594693915733,0,1.0,0,0,0,0.0
1,1,1,1407,3200,7.359766196184601,0,1.0,0,0,0,0.0
0,1,1,3404,108,7.353721883562601,0,2.0,0,3,8,31.0
1,1,1,142,1,7.357736067150707,0,2.0,0,1,0,219.0
0,1,1,266,4,7.343546426620375,0,1.0,0,0,0,7.0
1,1,1,9504,4221,6.595662588812684,0,1.0,0,0,0,0.0
1,1,1,67895,2115,7.356715457218392,0,1.0,0,0,0,0.0
1,1,1,2736,25923,7.352927589953455,0,1.0,0,0,0,0.0
0,1,1,17510,1851,7.355740351380179,0,4.0,0,0,0,0.0
1,1,1,26,1,7.354171125583541,0,1.0,0,0,0,0.0
0,1,1,12618,400,7.353847336702257,0,3.0,0,1,5,16.333333333333332
0,1,1,627,360,5.55793490990174,0,1.0,0,0,0,0.0
0,1,1,7558,659,7.353711584934062,0,1.0,0,0,0,0.0
0,1,1,127465,2817,7.353345555831722,0,1.0,0,0,0,0.0
0,1,1,73685,38152,7.353514073082717,0,1.0,0,0,0,29.333333333333332
1,1,1,3440,31,7.180748336778309,0,1.0,0,0,0,0.0
0,1,1,143908,44102,7.331988386718735,0,8.0,0,1,0,116.0
0,1,1,1103,38,7.351786185030393,0,1.0,0,0,0,0.0
0,1,1,113,35,7.350804614822266,0,1.0,0,0,0,0.0
1,1,1,328,39,7.349969792148806,0,2.0,0,1,0,226.0
1,1,1,221,1,7.345969107686109,0,1.0,0,0,0,0.0
1,1,1,893,47,7.349259313531928,0,1.0,0,0,0,0.0
1,1,1,13710,15326,7.348541261462062,0,1.0,0,0,0,0.0
0,1,1,7062,19268,7.347429611653458,0,1.0,0,0,0,0.0
0,1,1,514,570,7.345038428547011,0,1.0,0,0,0,0.0
0,1,1,45794,1853,7.343794987981188,0,5.0,0,0,0,20.0
0,1,1,26016,17625,7.32697149696793,0,4.0,0,11,38,75.3529411764706
1,1,1,15,1,7.101130621869697,0,1.0,0,0,0,0.0
1,1,1,747,2486,7.342213277077951,0,1.0,0,0,0,0.0
1,1,1,8020,2876,7.340147784138057,0,2.0,0,0,0,0.0
0,1,1,9151,6009,7.099493646941312,0,4.0,0,0,0,0.0
1,1,1,310,260,7.33848590237265,0,2.0,0,0,0,0.0
1,1,1,356,423,7.336284562600298,0,1.0,0,0,0,0.0
0,1,1,440,246,7.335256569343523,0,1.0,0,0,0,0.0
0,1,1,64,1,7.333804335967094,0,2.0,0,1,0,208.0
0,1,1,12702,1129,7.334054291603771,0,1.0,0,0,0,0.0
0,1,1,1327,4051,7.333996872788651,0,1.0,0,0,0,0.0
1,1,1,17473,538,7.333532547237913,0,1.0,0,0,0,0.0
0,1,1,7053,630,7.332781349428193,0,1.0,0,0,0,0.0
1,1,1,3572,1,7.332338761905695,0,7.0,0,0,10,80.5
0,1,1,54629,4956,7.331683452249701,0,8.0,0,0,0,0.0
1,1,1,376,369,7.330460260371991,0,1.0,0,0,0,0.0
0,1,1,481,1,6.563994781374856,0,1.0,0,0,0,0.0
0,1,1,5431,57,7.330408830605469,0,1.0,0,0,0,0.0
0,1,1,682,552,7.330277673610007,0,1.0,0,0,0,0.0
0,1,1,30523,15052,7.3051346335816145,0,1.0,0,6,40,50.333333333333336
1,1,1,3480,51,7.329064812048925,0,1.0,0,0,0,0.0
1,1,1,6698,265,7.328933623365375,0,1.0,0,0,0,0.0
1,1,1,30,64,7.328227929649756,0,1.0,0,0,0,0.0
1,2,2,29720,758,7.326257184092426,0,10.0,0,3,18,86.28571428571429
0,1,1,896,86,6.291399019973482,0,2.0,0,0,0,0.0
0,1,1,7780,676,7.325682172050953,0,1.0,0,0,0,0.0
1,1,1,764,72,7.236954670593301,0,2.0,0,0,0,0.0
0,2,2,33205,62,7.324239001467639,0,11.0,0,0,0,0.0
1,1,1,850,1,7.323605873473114,0,8.0,0,0,0,0.0
1,1,1,5763,5,7.323358262754935,0,1.0,0,0,0,0.0
1,1,1,476,150,7.32289533148006,0,1.0,0,0,0,0.0
1,1,1,30500,281,7.322773839351381,0,1.0,0,0,0,0.0
0,2,2,749,2077,7.322627503761856,0,10.0,0,4,15,17.8
0,1,1,9117,164,7.290828982961795,0,1.0,0,0,0,46.0
1,1,1,2,5,7.293235249598041,0,1.0,0,0,0,0.0
0,1,1,7460,7376,7.321026304684613,1,1.0,0,0,0,0.0
0,1,1,28848,1184,7.315512704157324,0,1.0,0,0,0,0.0
1,1,1,1784,1,6.7380827348313925,1,1.0,0,0,43,73.5
1,1,1,40033,4418,7.319967225413692,0,2.0,0,0,0,0.0
0,1,1,120420,152502,7.296100169617308,0,4.0,0,0,0,62.0
1,1,1,25020,527,7.31939452660263,0,1.0,0,0,0,0.0
1,1,1,3329,131,7.318443123454101,0,1.0,0,0,0,32.0
1,1,1,16732,2267,7.318213194688923,0,1.0,0,0,0,0.0
0,1,1,4899,4133,7.317377548125179,0,1.0,0,3,0,115.6
0,1,1,24176,2999,6.5833755961389695,0,3.0,0,0,6,61.5
1,1,1,57009,13185,7.312860886528607,0,1.0,0,0,0,0.0
1,1,1,56784,253,7.31230723225832,0,1.0,0,0,0,0.0
0,1,1,478,995,6.897507437597128,0,1.0,0,0,0,0.0
1,1,1,252,1,7.192246137625014,0,1.0,0,0,0,0.0
0,1,1,2272,1020,7.309847444441756,0,1.0,0,0,0,0.0
1,1,1,12429,4242,7.309391611298551,0,2.0,0,0,0,0.0
1,1,1,702,9,7.309230604124368,0,1.0,0,0,0,0.0
1,1,1,54,1,7.308738044487386,0,1.0,0,0,0,0.0
1,1,1,301,82,5.1106356856261295,0,6.0,0,1,0,26.0
0,1,1,13279,3239,7.304136268686945,0,2.0,0,2,7,30.2
0,1,1,283,240,7.306136769358733,0,1.0,3,2,38,43.79843444227006
0,1,1,8990,30,6.346476877605241,0,1.0,0,0,0,26.0
1,1,1,-45,1,7.304332829895656,0,1.0,0,1,0,29.0
1,1,1,16,1,7.304084522039545,0,1.0,0,0,0,0.0
1,1,1,1071,743,7.304002956901512,0,1.0,0,0,0,0.0
0,1,1,2340,1892,7.08998611151403,0,1.0,0,0,0,0.0
0,1,1,3709,12,7.303896675054983,0,2.0,0,0,0,0.0
0,1,1,2402,927,7.303868694473444,0,2.0,0,0,0,0.0
1,1,1,66151,23866,7.303708669629983,0,1.0,0,0,0,0.0
1,1,1,2488,278,7.302292719114101,0,1.0,0,1,0,162.0
1,1,1,15141,1648,7.291995326409967,0,1.0,0,1,0,12.0
1,1,1,15188,414,7.300850530861509,0,1.0,0,1,0,26.0
1,1,1,9000,46,7.300818494204729,0,2.0,0,1,31,46.166666666666664
0,1,1,10018,798,7.300286102641365,0,1.0,0,0,0,0.0
0,1,1,21703,5503,6.405775620221917,0,4.0,0,28,52,147.7560975609756
0,1,1,64089,916,7.113255086341013,0,2.0,0,0,3,50.0
1,1,1,13040,314,7.298430479907063,0,3.0,0,0,0,0.0
0,1,1,15182,427,7.297978956343801,0,1.0,0,0,0,0.0
0,1,1,94855,2171,7.297890990212029,0,1.0,0,0,0,0.0
1,1,1,21781,518,7.1465610728545625,0,1.0,0,0,0,0.0
1,1,1,7,1,7.296827918242045,0,1.0,0,0,0,0.0
0,1,1,9923,203,6.116497221357617,0,1.0,0,0,0,0.0
0,1,1,12,26,7.294204714956623,0,1.0,0,0,0,0.0
0,1,1,40,115,7.293780094579915,0,1.0,0,0,0,0.0
1,1,1,-11,12,7.291776044842293,0,1.0,0,0,0,0.0
1,1,1,122,2,7.290907030722082,0,2.0,0,0,0,0.0
0,1,1,82,1,7.290888905135851,0,1.0,0,1,0,352.0
0,1,1,25489,180,7.290792319844194,0,1.0,0,0,0,0.0
0,1,1,36125,7391,6.334782673990264,0,1.0,0,1,14,46.0
0,1,1,5194,149,7.276571466547366,0,1.0,0,2,19,26.0
1,1,1,150040,1691,7.2897038974039585,0,2.0,0,3,39,56.833333333333336
0,1,1,298,138,7.288128112173142,0,1.0,0,0,0,0.0
1,1,1,12209,348,7.287765251879583,0,1.0,0,0,0,0.0
1,1,1,36,78,7.286007735465154,0,1.0,0,0,0,0.0
1,1,1,2868,279,7.285629221256215,0,2.0,0,0,0,0.0
0,1,1,10465,18081,7.285196361976676,0,1.0,0,0,0,0.0
1,2,2,13031,311,7.284886008844626,0,18.0,0,0,0,0.0
0,1,1,36965,2004,7.215890869797296,0,1.0,0,16,37,103.70967741935485
0,1,1,10,4,7.283541261462061,0,1.0,0,1,0,256.0
1,1,1,73755,2184,7.282364682761527,0,2.0,0,0,0,0.0
0,1,1,3478,412,7.281603059570917,0,1.0,0,0,0,0.0
1,1,1,8558,923,7.28026617083413,0,1.0,0,0,0,0.0
1,1,1,18538,14142,7.279771393031002,0,1.0,0,0,0,0.0
0,1,1,9536,363,7.279482461046314,0,2.0,0,0,0,0.0
0,2,2,5732,1,7.2794517236011345,0,17.0,0,0,0,0.0
1,1,1,3379,85,7.278667411739649,0,4.0,0,0,0,0.0
0,1,1,25,264,7.276737860696477,0,1.0,0,0,0,0.0
0,1,1,8354,154,7.276047567391537,0,2.0,0,4,35,38.0
0,1,1,230,10,7.274807549139198,0,1.0,0,0,0,0.0
0,1,1,16932,18044,7.274642517577862,0,3.0,0,0,0,168.75
0,1,1,2311,659,7.273715419192687,0,1.0,0,0,0,0.0
1,1,1,1338,5232,7.1938048429764985,0,1.0,0,0,0,0.0
1,1,1,2630,127,7.2732942845056385,0,1.0,0,0,0,0.0
1,1,1,4481,355,4.988066352089993,0,1.0,0,0,0,637.5
1,1,1,3653,867,7.27218415572525,0,1.0,0,0,0,0.0
0,1,1,2483,53,7.271786470223184,0,2.0,0,0,0,0.0
0,1,1,49,1,7.270398246784139,0,1.0,0,0,0,0.0
1,1,1,3812,1014,7.265061212282149,0,4.0,0,0,0,0.0
0,1,1,2267,8792,7.269592513775292,0,1.0,0,0,0,0.0
0,1,1,1337,64,7.269444181836234,0,1.0,0,0,0,0.0
1,1,1,4324,6134,7.269195810603948,0,6.0,0,0,0,0.0
0,1,1,7398,525,7.267862249116383,0,2.0,0,0,0,0.0
1,1,1,27228,9415,7.26846387915162,0,2.0,0,3,30,51.75
1,1,1,2528,5859,7.268438813874159,0,3.0,0,0,0,0.0
0,1,1,9280,67,6.383391725375667,0,1.0,0,5,50,66.9090909090909
0,1,1,241,82,7.267181303797346,0,3.0,0,0,0,0.0
1,1,1,1621,2,7.261933154381675,0,1.0,0,0,0,0.0
0,1,1,13077,1174,7.264026152581792,0,1.0,0,0,0,0.0
1,1,1,11120,2515,7.263207522521204,0,1.0,0,0,0,0.0
0,1,1,4561,38664,7.262794246479934,0,2.0,0,0,0,0.0
1,1,1,113888,4292,7.261801807257686,0,1.0,0,0,0,0.0
0,1,1,169,1164,6.710428413843738,0,1.0,0,0,0,0.0
1,1,1,16918,453,7.260573513597839,0,7.0,0,0,0,0.0
0,1,1,51213,12191,7.26014382312708,0,1.0,0,0,0,0.0
0,1,1,21807,152,7.259876850987247,0,8.0,0,0,0,0.0
0,1,1,2069,483,7.259016265898394,0,1.0,0,0,0,0.0
0,1,1,6247,2439,7.258952667906151,0,7.0,0,0,0,0.0
1,1,1,561,20,7.225338324610083,0,1.0,0,0,0,0.0
1,1,1,463,1,6.424621001366237,0,1.0,0,1,0,253.0
0,1,1,14769,1647,7.145501613326588,0,1.0,0,0,0,0.0
1,1,1,184,62,7.2549818653102625,0,1.0,0,0,0,34.333333333333336
1,1,1,13060,432,7.211260479653559,0,2.0,0,1,1,57.75
0,1,1,65855,180,7.254392878822063,0,2.0,0,0,0,36.0
0,1,1,615,226,7.254044309856109,0,1.0,0,1,0,226.0
1,1,1,1434,40,7.254017533421906,0,2.0,0,0,0,0.0
1,1,1,6897,121,7.253152448624583,0,1.0,0,0,0,0.0
0,4,2,25982,57,7.252991916771718,0,35.0,0,3,0,390.6
1,1,1,41874,1541,7.252906295558444,0,1.0,0,0,0,0.0
0,1,1,36210,102,7.25246827112059,0,2.0,0,0,0,0.0
0,3,2,14689,7,7.252081454632645,0,26.0,0,6,51,110.36363636363636
0,1,1,83,1,7.251991080206199,0,1.0,0,0,0,0.0
1,1,1,9469,306,7.2514703815472386,0,2.0,0,0,0,0.0
1,1,1,10950,7208,7.250840263921057,0,5.0,0,3,29,192.9
0,1,1,34098,12639,7.250217117674194,0,1.0,0,0,0,0.0
0,1,1,6882,4,7.249972865893324,0,2.0,0,0,0,0.0
1,1,1,362,4,6.805571739064921,0,1.0,0,0,0,0.0
0,1,1,188205,12139,7.249045640755797,0,2.0,0,0,0,0.0
0,1,1,18823,3436,7.248170922779779,0,3.0,0,19,50,109.97894736842105
1,1,1,36068,23635,7.247837754224502,0,1.0,0,0,0,0.0
1,1,1,7045,5149,7.247330554690951,0,4.0,0,0,0,0.0
0,1,1,681,199,7.247139126952466,0,1.0,0,0,0,0.0
0,1,1,50769,34113,7.247110892866224,0,3.0,0,1,0,25.0
0,1,1,12445,12,7.244692743197048,0,3.0,0,0,0,0.0
0,1,1,23270,1060,7.244551065756431,0,3.0,0,9,53,328.625
1,1,1,627,1,6.6552229482823515,0,1.0,0,0,0,0.0
0,1,1,2039,94,7.244003147030039,0,1.0,0,0,0,0.0
1,1,1,1923,1,7.243550514383703,0,2.0,0,0,0,0.0
1,1,1,5219,2,7.231530367097471,0,2.0,0,0,0,0.0
1,1,1,1431,1,7.158551940347655,0,1.0,0,0,0,0.0
0,1,1,1262,285,7.241898931246836,0,2.0,1,0,36,88.77777777777777
0,1,1,42,1186,7.050017672849493,0,1.0,0,0,0,0.0
0,1,1,4905,865,7.241274168907495,0,2.0,0,0,0,0.0
1,1,1,2607,403,7.240027401092451,0,1.0,1,1,6,85.88888888888889
0,1,1,322,14,7.2408010974445185,0,4.0,0,0,0,0.0
1,1,1,1160,234,7.239931988260044,0,1.0,0,3,22,37.5
0,1,1,1332,77,7.239716509262908,0,1.0,0,0,0,0.0
1,1,1,13193,24268,7.239213619309299,0,1.0,0,0,0,0.0
1,1,1,940,1392,7.228183471262553,0,2.0,0,0,0,0.0
0,1,1,9774,105,7.239072195373385,0,6.0,0,0,0,0.0
0,1,1,3886,5398,7.23889398156752,0,3.0,0,1,0,26.0
0,1,1,10072,2,7.238242632922502,0,4.0,0,0,0,0.0
1,1,1,6624,92,7.238203878391105,0,8.0,0,0,0,0.0
1,1,1,583,36,7.2379539227544285,0,1.0,0,0,0,0.0
0,1,1,28301,4927,7.237800869290287,0,1.0,0,0,0,0.0
1,1,1,2517,431,7.236331429282174,0,1.0,0,0,0,0.0
1,1,1,3468,2844,7.232971699771692,0,2.0,0,4,34,123.33333333333331
0,1,1,56258,33849,7.23514832283555,0,1.0,0,0,0,9.0
1,1,1,23999,19441,7.2339199974876145,0,1.0,0,0,0,0.0
1,1,1,34311,32140,7.233093762285952,0,1.0,0,1,12,117.0
1,1,1,8585,519,7.233056433718507,0,1.0,0,0,0,0.0
0,1,1,1304,1032,7.231242861076734,0,4.0,0,0,0,0.0
0,1,1,447,290,7.231069432172128,0,1.0,0,0,0,0.0
1,1,1,93753,19975,7.230613820845538,0,1.0,0,0,0,0.0
0,1,1,38314,2341,7.204644957560624,1,4.0,0,0,0,0.0
0,1,1,113,1,7.229608547947726,0,1.0,0,0,0,0.0
0,1,1,-2,1,7.228706483151924,0,1.0,0,1,0,134.0
0,2,2,37602,632,7.228221465279843,0,10.0,0,0,0,35.0
0,1,1,59,39,7.178439542700178,0,1.0,1,0,2,84.92307692307692
1,1,1,857,768,7.226591620171216,0,1.0,0,0,0,0.0
1,1,1,40203,6608,7.225502785785838,1,1.0,0,0,0,0.0
1,1,1,630,11,7.161888252361242,0,1.0,0,0,0,0.0
0,1,1,2735,229,7.223934510631834,0,1.0,0,0,0,0.0
1,1,1,15596,4642,7.221547827233857,0,1.0,0,0,0,0.0
0,1,1,38892,4104,7.220860417544907,0,2.0,0,0,0,0.0
1,1,1,138428,56171,7.040507887567975,0,9.0,1,138,52,68.35831381733021
1,1,1,19430,1583,7.218924972517401,0,1.0,0,0,0,0.0
1,1,1,684,7,7.217726053714958,0,1.0,0,0,0,0.0
0,1,1,2848,3,7.217257830529418,0,1.0,0,0,0,0.0
1,3,2,35646,148,7.213280912132581,0,26.0,0,33,53,56.92631578947368
0,1,1,2853,2324,7.192141313430525,0,2.0,0,0,0,0.0
1,2,2,16884,1060,7.216338812606635,0,13.0,0,8,35,34.46153846153846
1,1,1,35572,626,7.106630659895402,0,1.0,0,0,0,0.0
1,1,1,163,447,7.215037953225694,0,1.0,0,0,0,0.0
0,1,1,9174,2343,7.214729247874209,0,1.0,0,0,0,0.0
0,1,1,47475,4442,7.214674934491696,0,1.0,0,0,0,0.0
0,1,1,3913,1193,7.067378879024867,0,1.0,0,0,0,2.0
0,1,1,6182,789,7.211709056224654,0,1.0,0,0,0,0.0
1,1,1,14082,15737,7.211106095289729,0,1.0,0,0,0,21.0
1,1,1,19584,50,7.210762818234439,0,5.0,0,6,49,68.48305084745763
0,1,1,9975,628,7.210641801427077,0,1.0,0,0,0,0.0
0,1,1,234,23674,7.209900648741195,0,1.0,0,0,0,0.0
1,1,1,99227,3447,7.207891116964381,0,1.0,0,0,0,0.0
0,1,1,1135,1072,7.207335656473089,0,1.0,0,0,0,0.0
0,1,1,25811,564,7.207327290817906,0,1.0,0,0,0,0.0
1,1,1,25702,14,7.206643366818616,0,1.0,0,0,0,0.0
0,1,1,13466,26,7.206398291147462,0,1.0,0,0,0,0.0
0,1,1,3588,189,6.472757995307474,0,1.0,0,0,0,142.5
1,2,2,812,1,7.0851814051992275,0,15.0,0,0,0,0.0
1,1,1,4106,633,7.202958200646283,0,1.0,0,0,0,0.0
1,1,1,4643,174,6.846390369125508,0,1.0,0,0,0,0.0
0,1,1,7626,17,6.893333641110704,0,9.0,0,7,45,171.17857142857142
0,1,1,158531,44405,7.20290664412741,0,5.0,0,0,0,0.0
1,1,1,4670,11,7.200689396934974,0,4.0,0,0,0,0.0
0,1,1,20358,8241,7.200643734400434,0,1.0,0,0,0,0.0
1,1,1,218,11,7.2001193282352,0,3.0,0,0,0,0.0
1,1,1,2,1,7.199120804900092,0,1.0,0,1,0,528.0
1,1,1,350,167,7.19910968238127,0,1.0,0,0,0,0.0
0,1,1,20755,1773,5.9441522711712915,0,3.0,0,0,0,0.0
1,1,1,52864,1186,7.1986830022788535,0,1.0,0,0,0,0.0
1,1,1,2372,57,7.050479399977031,0,2.0,0,1,0,229.0
1,1,1,58,95,7.198122028060282,0,1.0,0,0,0,0.0
1,1,1,43770,324,7.196785487892462,0,1.0,0,2,13,9.333333333333334
0,1,1,2065,166,7.196687286508326,0,1.0,0,0,0,0.0
0,1,1,387,54,7.1921080409383205,0,5.0,0,0,0,0.0
1,1,1,36702,193858,7.19438162955089,0,1.0,0,0,0,0.0
0,1,1,336,230,7.142063360734503,0,1.0,0,0,0,0.0
1,1,1,22,1,7.192959436481708,0,1.0,0,1,0,469.0
1,1,1,4773,169,7.192890007881307,0,1.0,0,0,0,0.0
1,1,1,6705,30,7.192680612997032,0,1.0,0,0,0,0.0
1,1,1,4081,5592,7.192004611019696,0,2.0,0,0,0,0.0
1,1,1,15690,2758,7.191783586607193,0,1.0,0,0,0,86.0
1,1,1,20187,6370,7.1917343116306425,0,1.0,0,0,0,0.0
1,1,1,7610,16356,7.190612711762465,0,6.0,0,0,0,0.0
0,1,1,23,6,7.190218004940653,0,1.0,0,0,0,0.0
0,1,1,7250,1130,7.1900546211598835,0,8.0,1,25,45,86.25786163522012
1,1,1,310,32,7.187311478462087,0,1.0,0,0,0,0.0
1,1,1,78913,9488,7.1891370608891405,0,1.0,0,0,0,0.0
0,1,1,21082,2510,7.1883307891828006,0,2.0,0,0,0,0.0
0,1,1,5535,1,7.187333628435469,0,1.0,0,4,8,104.57142857142856
1,1,1,23300,3424,7.186371673153698,0,2.0,0,0,0,0.0
1,1,1,5936,924,7.184446083121503,0,1.0,0,0,0,0.0
1,1,1,9250,1124,7.184225027020912,0,1.0,0,0,0,0.0
0,1,1,4663,18,6.992147809488527,0,1.0,0,0,0,0.0
1,1,1,1154,81,7.182634950462492,0,1.0,0,0,0,0.0
0,1,1,497,866,7.175076612692827,0,2.0,0,0,0,0.0
1,1,1,3372,38,6.74148384898456,0,1.0,0,0,0,0.0
1,2,2,3866,83,7.181496555907773,0,19.0,0,0,0,0.0
1,2,2,4157,18,7.181468353509619,0,13.0,0,0,0,0.0
0,1,1,78,1,7.181416638550306,0,5.0,0,8,15,323.90909090909093
1,1,1,2417,6420,6.695970882219027,0,2.0,0,3,1,106.5
1,1,1,5387,27,5.79515440694841,0,2.0,0,1,0,212.0
1,1,1,753,1,7.179933699416785,0,1.0,0,0,0,0.0
1,1,1,1226,73,7.179271513445736,0,1.0,0,0,0,0.0
1,1,1,327208,13111,7.177584503026693,0,2.0,0,0,0,0.0
0,1,1,17409,1062,7.1772901206909,0,1.0,0,0,0,0.0
1,1,1,44590,23900,7.1689133746772615,0,1.0,0,0,0,0.0
0,1,1,15966,1221,7.175749382485207,0,1.0,0,0,0,0.0
0,1,1,592,4794,6.679869942984103,0,1.0,0,0,0,0.0
1,1,1,20656,756,7.1748343572614885,0,1.0,0,0,0,0.0
0,1,1,2240,770,7.174746359441629,0,1.0,0,0,0,0.0
1,1,1,13580,55021,6.277184028972899,0,1.0,0,2,8,61.72727272727273
1,1,1,42,18,7.171838216870584,0,1.0,0,1,0,113.0
1,1,1,34989,706,7.172864657411056,0,1.0,0,0,0,0.0
1,1,1,142577,42764,7.172849478816993,0,1.0,0,2,39,273.3333333333333
1,1,1,2181,5322,7.17240261340264,0,6.0,0,0,0,0.0
0,1,1,55560,70,7.172094098179683,0,4.0,0,1,43,75.5
1,1,1,1651,206,7.158535716046694,0,1.0,0,4,16,67.0
1,1,1,5732,46,7.170690315889521,0,4.0,0,0,0,0.0
0,1,1,95830,348999,7.170405313227722,0,1.0,0,0,0,0.0
0,1,1,18496,1697,7.169692141123379,0,5.0,0,0,0,0.0
0,1,1,6674,366,7.1694521038581875,0,1.0,0,11,49,115.16666666666669
0,1,1,113,368,7.169400293834612,0,2.0,0,0,0,0.0
1,1,1,4,1,6.157459715336881,0,1.0,0,1,0,770.0
0,1,1,626,1,7.1675199860799035,0,3.0,0,0,0,0.0
0,1,1,38653,269,7.167207699974496,0,2.0,0,0,0,0.0
1,1,1,17983,34,7.166652999997312,0,1.0,0,0,0,0.0
0,1,1,37441,449,7.1664087482164405,0,1.0,0,0,0,0.0
0,3,2,279670,2096,7.165517774251374,0,29.0,0,30,44,62.27450980392157
1,1,1,6573,8004,7.1648414870812465,0,7.0,0,1,0,243.0
1,1,1,168,13,7.164850264681571,0,3.0,0,1,0,89.0
1,1,1,3632,1,7.164809006791237,0,2.0,0,1,0,184.0
0,1,1,28184,12535,7.131352565236746,0,1.0,0,0,0,0.0
1,1,1,2333,528,7.164364613047733,0,2.0,0,0,0,0.0
0,1,1,63,120,7.163688516006133,0,1.0,0,0,0,0.0
0,1,1,135,19,7.162027109562044,0,1.0,0,0,0,0.0
0,1,1,34833,22302,7.161377123504803,0,1.0,0,0,0,0.0
0,1,1,298,91,7.161296160440437,0,1.0,0,0,0,0.0
1,1,1,461,16,7.160264174484598,0,1.0,0,0,0,0.0
1,1,1,10672,186,7.158181411536845,0,1.0,0,0,0,0.0
1,1,1,30465,6221,7.149306465406594,0,1.0,0,0,0,0.0
1,5,3,34377,1323,6.467010409939766,0,40.0,0,0,0,0.0
0,1,1,517,1,7.156009858567038,0,1.0,0,2,52,91.5
1,1,1,3254,3,7.155933205082616,0,9.0,0,1,0,94.0
1,1,1,18981,18776,7.154469880875451,0,1.0,0,0,0,0.0
0,1,1,1855,2752,7.154035342127258,0,1.0,0,0,0,0.0
0,1,1,5932,4239,7.153917652569117,0,1.0,0,0,0,0.0
0,1,1,428,222,7.153803195195932,0,1.0,0,0,0,0.0
1,1,1,77724,3348,7.019792021976169,0,2.0,0,0,0,0.0
0,1,1,62926,12824,7.152466781780463,0,1.0,0,1,0,10.0
0,1,1,537,4,7.150842798968082,0,1.0,0,0,0,0.0
1,1,1,299,266,6.3020423515322825,0,1.0,0,0,0,0.0
0,1,1,53,2,7.14982564303734,0,1.0,0,0,0,0.0
0,1,1,6952,1921,6.8940031470300385,0,2.0,0,13,23,47.5
0,1,1,11,21,7.149508255149795,0,1.0,0,0,0,0.0
0,1,1,0,1,6.589606900167159,0,1.0,0,1,0,246.0
1,1,1,2426,1,7.148233982074529,0,5.0,0,0,0,0.0
0,2,2,12464,31,7.145854713689101,0,15.0,0,4,1,295.4
0,1,1,2237,1,7.144976953656651,0,1.0,0,0,0,0.0
1,3,2,7389,13,7.144721611045046,0,20.0,0,0,0,0.0
1,1,1,19781,8,7.1444453859835715,0,1.0,0,0,0,0.0
1,1,1,10000,1316,6.956759598724718,0,3.0,0,2,2,125.5
1,1,1,8491,170,7.142626996752451,0,2.0,0,0,0,0.0
1,1,1,2267,318,7.14253583012381,0,1.0,0,0,0,0.0
1,1,1,5097,418,7.142441114429334,0,1.0,0,0,0,0.0
0,1,1,100,1,7.142371083755265,0,1.0,0,0,0,0.0
0,1,1,25422,65320,6.713389570585695,1,1.0,0,0,0,0.0
0,1,1,7877,13,7.1401007273276536,0,3.0,0,0,0,0.0
0,1,1,3215,2253,7.140067644963976,0,1.0,0,0,0,0.0
1,1,1,94,1,7.0876370101882005,0,4.0,0,0,0,0.0
1,2,2,17226,1102,7.138704106545338,0,17.0,0,0,0,0.0
0,1,1,4071,59590,7.138657144799197,0,1.0,0,0,0,0.0
0,1,1,8,15,7.138094649552411,0,1.0,0,0,0,0.0
1,1,1,3628,4,7.137572461553323,0,1.0,0,0,0,0.0
0,1,1,14843,495,7.137540203079928,0,1.0,0,2,4,257.5
0,1,1,4767,836,7.136993710317488,0,1.0,0,0,0,0.0
0,1,1,11764,1,7.135418717288867,0,1.0,0,1,0,97.66666666666669
1,1,1,200,1,7.122955728975434,0,4.0,0,1,0,274.0
0,1,1,32684,6417,7.134807675891549,0,1.0,0,0,0,0.0
0,1,1,2535,871,6.866610411207289,0,1.0,0,0,0,0.0
0,1,1,743,6,7.134060375716631,0,1.0,0,0,0,0.0
0,1,1,54264,9874,7.133268585466421,0,2.0,0,1,0,68.0
1,1,1,18348,606,7.082583172127004,0,2.0,0,0,0,0.0
0,1,1,6,11,7.132099548530786,0,1.0,0,1,0,105.0
0,1,1,1189,78,6.896932679060358,0,1.0,0,0,0,0.0
1,1,1,421,185,6.424390628967829,0,1.0,0,0,0,0.0
1,1,1,688,91,7.129821238393133,0,3.0,0,1,0,62.0
0,1,1,3444,75,7.129180695386061,0,1.0,0,0,0,0.0
1,1,1,1808,25,7.1263902740612455,0,3.0,0,0,0,0.0
1,1,1,24253,23838,7.125240345042561,0,1.0,0,0,0,0.0
1,1,1,3892,1082,7.124497386135674,0,1.0,0,0,0,0.0
1,1,1,82,73,7.124292395895605,0,1.0,0,0,0,0.0
1,1,1,3008,12384,6.583464924858517,0,4.0,0,18,3,109.75
1,2,2,486,1,6.631078209772452,0,17.0,0,32,37,188.53488372093025
1,1,1,13603,5579,7.123309177906911,0,1.0,0,0,0,0.0
1,1,1,26321,38674,7.122926449182294,1,1.0,0,0,0,0.0
0,1,1,34,1,7.122653678122391,0,1.0,0,0,0,0.0
0,1,1,857,1760,7.113886820059673,0,1.0,0,0,0,0.0
0,1,1,18115,5625,7.1218476599207525,0,1.0,0,0,0,0.0
1,1,1,28915,15804,7.121328355537656,0,2.0,0,15,8,153.38095238095238
1,1,1,1139,574,7.120589104137043,0,2.0,0,1,17,118.14285714285714
1,1,1,812,451,7.120413995763783,0,1.0,0,0,0,0.0
0,1,1,3709,7602,7.119686975965066,0,1.0,0,0,0,0.0
1,1,1,29961,721,7.1189663888481745,0,1.0,0,1,0,133.0
0,1,1,62106,4,7.118389285392905,0,1.0,0,0,0,0.0
1,1,1,12465,8807,7.118305375336374,0,1.0,0,0,0,92.0
0,1,1,941,3,7.118047180796865,0,1.0,0,0,0,0.0
0,1,1,359,988,7.118009250155752,0,1.0,0,0,0,0.0
0,1,1,2542,4466,6.839772850683041,0,1.0,0,1,0,35.0
1,1,1,204,8,6.668711996879203,0,1.0,0,0,0,0.0
1,1,1,20,16,7.116564748672749,0,2.0,0,0,0,0.0
1,1,1,12340,172,7.1166575313938685,0,3.0,0,0,0,0.0
0,1,1,33113,2805,7.116220552662913,0,1.0,0,0,0,0.0
1,1,1,579,587,7.116071428521661,0,1.0,0,1,0,37.0
1,1,1,136,556,7.115372389304483,0,2.0,0,0,0,0.0
0,1,1,109,1,7.11529488024169,0,1.0,0,0,0,0.0
0,1,1,52515,4204,6.911075547973076,0,1.0,0,0,0,0.0
0,1,1,5696,550,7.113755663064211,0,3.0,0,0,0,0.0
0,1,1,111809,23956,6.806258768496817,0,2.0,0,1,0,57.0
0,1,1,76482,4075,7.111289854510963,0,1.0,0,0,0,0.0
0,1,1,298,1147,7.110916220267547,0,1.0,0,0,0,0.0
0,1,1,5067,26334,7.110644209721752,0,1.0,0,2,40,204.5
1,1,1,14244,1,7.1050374145282005,0,8.0,0,7,25,119.38095238095238
0,1,1,2123,1650,7.108698878010848,0,1.0,0,0,0,0.0
1,1,1,289,114,6.153675460513954,0,1.0,0,0,0,0.0
0,1,1,148,31,7.107607064945216,0,1.0,0,0,0,0.0
1,3,2,13402,3476,7.1059836525184155,0,23.0,0,6,10,68.14285714285714
1,1,1,19093,16,6.861182083324307,0,1.0,0,1,45,66.75
1,1,1,13842,4147,7.1043967764568645,0,1.0,0,1,15,57.5
1,1,1,38533,8394,7.1045266342407265,0,8.0,0,0,0,0.0
0,2,2,54795,18636,7.103678407506121,1,10.0,0,8,43,41.11864406779661
0,1,1,25630,30902,7.1031851824192955,0,3.0,0,0,0,0.0
0,1,1,12501,222,7.102342184219179,0,1.0,0,0,0,0.0
1,1,1,27073,6936,7.09890412175562,0,2.0,0,0,0,0.0
1,1,1,1711,522,7.101248628308716,0,1.0,0,1,0,198.5
0,1,1,5830,1480,7.101035652670518,0,1.0,0,0,0,0.0
0,1,1,26973,1831,7.09952847214982,0,1.0,0,0,0,0.0
1,1,1,12663,4521,7.099471085022788,0,1.0,0,0,0,0.0
0,1,1,882,20,7.099069058252692,0,3.0,0,0,0,0.0
0,1,1,279,7250,7.098750244401195,0,1.0,0,0,0,0.0
0,1,1,65551,1776,7.098694188173852,0,2.0,0,1,48,85.27272727272727
1,1,1,2211,1,7.096934802162242,0,1.0,0,0,0,0.0
1,1,1,21895,145,7.096730128803051,0,1.0,0,0,0,0.0
1,1,1,961,114,7.095589389329834,0,1.0,0,0,0,0.0
0,1,1,29659,5852,6.4933758179555845,0,1.0,0,0,0,10.0
0,1,1,10695,361,7.094293948611908,0,1.0,0,0,0,0.0
0,1,1,37243,8076,7.093879658551828,0,1.0,0,0,0,0.0
1,1,1,43684,54,7.093670548860342,0,1.0,0,0,0,0.0
0,1,1,1440,1056,7.092716135343472,0,1.0,0,0,0,0.0
1,1,1,8314,719,7.092642618979744,0,2.0,0,0,0,0.0
1,1,1,11935,955,7.092532534562677,0,1.0,0,24,50,136.83333333333334
1,1,1,1602,3,7.087507532661392,0,1.0,0,0,0,0.0
1,1,1,85,1610,7.0917807663673775,0,1.0,0,0,0,0.0
0,3,2,3655,2838,7.091366571371561,0,28.0,0,9,26,111.8181818181818
0,1,1,8502,806,7.0908645686844105,0,2.0,0,0,0,0.0
0,1,1,6999,39,7.090193446672597,0,1.0,0,0,0,0.0
0,1,1,2,1,7.089105657994117,0,1.0,0,0,0,0.0
0,1,1,10791,43,7.088932038960984,0,1.0,0,0,0,0.0
1,1,1,38279,23968,7.088779492506247,0,1.0,0,0,0,0.0
0,1,1,394,1,7.088155047047784,0,1.0,0,0,0,0.0
0,1,1,1000,41,7.088030100917534,0,1.0,0,0,0,0.0
0,1,1,1673,203,7.084782198668947,0,2.0,0,0,0,0.0
1,1,1,710,68,7.083360195728292,0,1.0,0,0,0,0.0
1,1,1,549,2,7.081845695259308,0,1.0,0,0,0,0.0
0,1,1,4387,31,6.896282597938853,0,1.0,0,0,30,114.0
0,1,1,1980,85,7.047219107686109,0,2.0,0,0,0,0.0
1,1,1,1705,506,7.07986680586341,0,1.0,0,0,0,0.0
0,1,1,10000,2918,7.079100429459627,0,1.0,0,0,0,0.0
0,2,2,66909,71,7.078578748469946,0,10.0,0,2,155,78.21428571428571
1,1,1,22394,4000,7.078359340149921,0,1.0,0,0,0,0.0
1,1,1,1206,40,7.077855119296625,0,1.0,0,0,0,0.0
1,1,1,225,1,7.077218473924352,0,1.0,0,0,0,0.0
0,1,1,129,1,7.0770321796560935,0,1.0,0,0,0,0.0
0,1,1,2194,1725,7.076845758635484,0,1.0,0,0,0,0.0
1,1,1,31497,2466,7.07646543820554,0,1.0,0,0,0,0.0
0,1,1,7559,19489,6.39690061071549,0,1.0,0,0,0,0.0
1,1,1,2165,17,7.075965273427483,0,4.0,0,0,0,0.0
0,1,1,25840,8277,7.074718600676704,0,1.0,0,0,0,0.0
0,1,1,1153,1,6.691371736529874,0,1.0,0,2,15,84.5
0,1,1,6,1,7.072189986333408,0,2.0,0,0,0,0.0
0,1,1,1663,771,7.071996879126269,0,1.0,0,0,0,0.0
0,1,1,665,17,6.835434371204247,0,1.0,0,0,0,0.0
0,1,1,432,166,7.071619759193195,0,1.0,0,1,0,404.0
0,1,1,12094,195,7.070088749230459,0,8.0,0,0,0,0.0
1,1,1,57881,2143,7.070085485357414,0,1.0,0,0,0,0.0
1,1,1,0,1,7.06954992498527,0,1.0,0,1,0,51.0
0,1,1,2,1,7.069504230762642,0,1.0,0,1,0,139.0
1,1,1,15608,9556,7.068239115544754,0,6.0,0,0,417,30.4
0,1,1,16362,1287,7.06737564683991,0,1.0,0,3,19,62.833333333333336
0,1,1,1445,211,7.067251778104645,0,5.0,0,37,50,122.18161434977578
1,1,1,54,1,7.065970438585797,0,1.0,0,0,0,0.0
1,1,1,10241,4623,7.052756632719698,0,1.0,0,1,0,5.0
0,1,1,698,1,7.064993843407456,0,1.0,0,0,0,0.0
1,1,1,108257,68621,7.064656777217379,0,3.0,0,0,0,0.0
0,1,1,-1,15,7.064087817600678,0,3.0,0,0,0,0.0
1,1,1,96,83,7.064130501454963,0,1.0,0,0,0,0.0
1,1,1,7279,1000,7.063685315509264,0,1.0,0,0,0,0.0
0,1,1,551,915,6.847498533244453,0,2.0,0,0,0,0.0
1,1,1,12724,4795,6.06029313739686,0,2.0,0,0,0,0.0
0,1,1,2640,71,7.06328861233792,0,3.0,0,0,0,0.0
0,2,2,9130,16,7.06264933685436,0,16.0,0,4,58,94.3157894736842
0,1,1,4206,5008,7.062581682786877,0,1.0,1,2,23,92.5
1,1,1,4323,8379,7.0611027680405085,0,1.0,0,0,0,0.0
1,1,1,6468,11413,7.038574787458969,0,1.0,0,0,0,0.0
1,1,1,22985,7,7.058951337006463,0,1.0,0,0,0,0.0
1,1,1,19445,3523,7.058924877453138,0,1.0,0,0,0,0.0
1,1,1,340,523,7.0586772033587835,0,1.0,0,1,7,71.25
1,1,1,7384,6,7.057430720736531,0,2.0,0,3,7,97.25
0,1,1,7410,100,7.032942071409586,0,1.0,0,0,0,0.0
1,1,1,2251,10,7.056894716731157,0,1.0,0,0,0,0.0
1,7,3,61734,3771,7.05681029966522,0,124.0,0,35,51,129.8706896551724
1,1,1,1791,1,7.055305273934493,0,1.0,0,0,0,0.0
0,1,1,13744,2538,7.0543078279943705,0,2.0,0,1,0,22.0
1,1,1,5152,48,7.053461217352243,0,2.0,0,0,0,0.0
0,1,1,1722,249,7.053050412981822,0,1.0,0,1,0,89.0
1,1,1,11007,7829,7.052791869873348,0,1.0,0,1,0,299.0
1,1,1,261,9,7.051814704309426,0,1.0,0,0,0,0.0
1,1,1,50935,63392,6.45497828455634,0,1.0,0,10,41,33.32258064516129
0,1,1,271,38,7.0515574604125515,0,1.0,0,0,0,0.0
1,1,1,4324,3761,7.050441849592971,0,1.0,0,0,0,0.0
1,1,1,24289,4513,7.049320091284355,0,1.0,0,0,0,0.0
1,1,1,50298,894,7.047317847767737,0,1.0,0,1,0,17.0
0,1,1,120645,28663,7.045767571447612,1,2.0,0,1,16,183.30769230769232
1,1,1,9,14,6.40771499457231,0,1.0,0,0,0,0.0
0,1,1,18035,4957,7.045139798739928,0,1.0,0,0,0,0.0
0,1,1,420,94,6.621748824774861,0,1.0,0,0,0,0.0
0,1,1,398,1,7.0448889241487045,0,1.0,0,0,0,0.0
1,1,1,16457,7017,6.958933211420233,0,1.0,0,0,0,0.0
0,1,1,174,97,6.844944568430906,0,1.0,0,1,0,195.0
0,1,1,16,1,7.043930834813647,0,4.0,0,2,65,226.5
1,1,1,71576,481,5.342906675815498,1,6.0,0,1,6,517.0
1,1,1,12161,773,7.043285031583997,0,1.0,0,0,0,0.0
0,1,1,96,41,7.042989508477044,0,1.0,0,0,0,0.0
0,1,1,161,68,7.042666068164726,0,1.0,0,0,0,0.0
1,1,1,891,9,7.042038041952339,0,1.0,0,0,0,0.0
0,1,1,4465,18070,7.040591353991278,0,1.0,0,0,0,0.0
0,1,1,2345,190,7.039751746416557,0,4.0,0,2,0,16.5
0,1,1,1901,575,7.03971416434441,0,5.0,0,0,0,0.0
0,1,1,22518,167,6.636684846525564,0,1.0,0,0,0,54.0
0,1,1,7312,66,7.039058823000328,0,1.0,0,0,0,0.0
0,1,1,430,7,7.038943288232158,0,1.0,0,0,0,0.0
1,1,1,323,97,7.038382725958728,0,1.0,0,0,0,0.0
0,1,1,39381,3137,7.03830195302289,0,1.0,0,0,0,0.0
0,1,1,9857,3566,7.03805377191913,0,5.0,0,0,0,94.0
0,1,1,8268,6514,7.037901447281008,0,1.0,0,0,0,0.0
0,1,1,6699,725,7.036681170707378,0,4.0,0,0,0,0.0
1,1,1,11153,96,6.404357514916063,0,1.0,0,2,18,105.33333333333331
0,1,1,2330,6922,7.036212820769487,0,1.0,0,0,0,0.0
0,1,1,3338,881,7.03585949859036,0,1.0,0,0,0,0.0
1,1,1,3051,7111,7.035748590283011,0,1.0,0,1,0,141.0
1,1,1,37,2,7.035344567163382,0,1.0,0,0,0,0.0
1,1,1,2735,587,7.034649045323952,0,1.0,0,0,29,52.75
1,1,1,12863,1134,7.033930169363803,0,1.0,0,0,0,0.0
1,1,1,108120,77599,7.01612434762831,0,1.0,0,0,0,0.0
1,1,1,1979,998,7.032986244603999,0,2.0,0,4,48,96.0952380952381
1,1,1,6249,1,7.032964284759143,0,1.0,0,0,45,103.66666666666669
0,1,1,3392,23,7.032931836157222,0,1.0,0,0,0,0.0
0,1,1,5629,1072,7.032895711737114,0,2.0,0,0,0,0.0
0,1,1,13519,48,7.032497424161379,0,1.0,0,0,0,0.0
0,1,1,23249,841,7.032296299868023,0,3.0,0,0,0,0.0
1,1,1,15418,126,7.03181029966522,0,1.0,0,0,0,0.0
1,1,1,3086,27052,6.487730521735339,0,1.0,0,0,0,0.0
1,1,1,42577,20818,7.029886832734909,0,2.0,0,17,33,40.806451612903224
1,1,1,20091,4226,7.029618244502597,0,1.0,1,7,50,95.0
1,1,1,15811,304,7.027909147486347,0,1.0,0,0,0,0.0
0,1,1,1220,130,7.027891116964381,0,2.0,0,0,0,92.0
1,1,1,58223,10601,7.027796337893729,0,3.0,0,0,0,23.0
0,1,1,176,886,6.3428625976853485,0,1.0,0,0,0,0.0
1,1,1,-6,1,7.0275456851191205,0,1.0,0,0,0,0.0
1,1,1,132,72,7.025676594947497,0,1.0,0,0,0,0.0
1,1,1,1363,327,6.986852159629223,0,1.0,0,2,30,188.34782608695653
0,1,1,22772,7171,7.024344427735795,0,1.0,0,0,0,0.0
0,1,1,5192,80,7.0232853167767875,0,1.0,0,0,0,0.0
0,1,1,3396,2784,7.0231057086950575,0,1.0,0,0,0,0.0
1,1,1,26673,335,6.959458378099575,0,2.0,0,2,9,211.83333333333337
1,1,1,2594,4262,6.803465114987044,0,1.0,0,3,22,58.25
1,1,1,40209,21469,7.022241511164194,1,1.0,0,0,0,0.0
0,1,1,383,488,7.021729241536592,0,1.0,0,0,0,0.0
1,1,1,636,65,7.018900889570663,0,2.0,0,0,0,0.0
0,1,1,31507,7,7.018866064362155,0,4.0,0,5,41,111.75
1,1,1,5659,77,7.018629861355589,0,9.0,0,15,52,169.46666666666667
0,1,1,18192,2,6.678056972416,0,3.0,0,0,0,0.0
0,1,1,1596,10,6.695958999186097,0,1.0,0,2,47,40.642857142857146
0,1,1,40415,8035,7.016956096557252,0,1.0,0,0,0,0.0
0,1,1,319,55,7.016898107356552,0,1.0,0,0,0,0.0
1,1,1,47918,10922,7.016859859834561,0,1.0,0,0,0,0.0
0,2,2,26129,2702,6.973528301034145,0,10.0,0,11,48,58.15
0,1,1,93,1,7.016701546147842,0,1.0,0,0,0,0.0
1,1,1,13265,565,6.9899300552866865,0,1.0,0,0,0,0.0
0,1,1,1495,1,7.014012495015944,0,4.0,0,0,0,0.0
0,1,1,505,134,7.01396065330428,0,1.0,0,0,0,0.0
0,1,1,6805,2549,7.013478138791136,0,2.0,0,0,0,0.0
0,1,1,49737,3188,7.012098756328591,0,1.0,0,0,0,0.0
0,2,2,4740,1,7.011606640324839,0,12.0,0,0,0,0.0
0,1,1,1109,300,7.011381084515779,0,1.0,0,0,0,0.0
0,1,1,2654,78,7.000560965115064,0,1.0,0,0,0,0.0
1,1,1,5450,192,7.010994331404008,0,1.0,0,0,0,0.0
1,1,1,1682,13,6.605703117876998,0,1.0,0,0,0,0.0
0,1,1,15363,35,7.010919642581031,0,1.0,0,0,0,43.0
1,1,1,9266,6754,7.009088704867136,0,1.0,0,0,0,0.0
0,1,1,12154,10721,7.008668299006108,0,1.0,0,1,32,44.75
0,1,1,1043,67,7.00861433419256,0,2.0,0,17,52,69.64150943396227
0,1,1,71,320,6.946706584553805,0,1.0,0,0,0,0.0
0,1,1,5617,131,7.005867864245543,0,1.0,0,0,0,0.0
1,1,1,473,45,7.0053508730928575,0,1.0,0,0,0,0.0
1,1,1,83686,136,7.005281602932896,0,1.0,0,0,0,0.0
0,1,1,13967,2830,7.004442280550966,0,1.0,0,0,0,0.0
0,1,1,4085,481,7.003696596468526,0,1.0,0,0,0,0.0
1,1,1,9132,263,6.683227264199912,0,1.0,0,0,0,0.0
1,1,1,23403,130,7.003301889646714,0,1.0,0,0,23,40.22222222222222
0,1,1,885,10,7.002948440715237,0,1.0,0,0,0,0.0
1,1,1,4936,34,7.002857115646156,0,1.0,0,0,7,26.0
1,1,1,2855,2,7.002845264301314,0,1.0,0,0,0,0.0
1,1,1,14425,994,7.0027124278371975,0,1.0,0,0,0,0.0
0,1,1,3760,221,7.002457370418383,0,1.0,0,1,0,315.0
1,1,1,252,573,7.002394754756862,0,1.0,0,0,0,0.0
1,1,1,58672,515,7.000831549696908,0,8.0,0,23,57,54.053061224489795
1,1,1,7039,1036,7.001109010593808,0,1.0,0,0,0,0.0
0,1,1,4438,2282,7.0010976979464585,0,5.0,0,0,0,0.0
1,1,1,11994,67,7.000331733487817,0,1.0,0,6,20,111.0
0,1,1,1435,13,6.999278484825055,0,1.0,0,0,0,0.0
0,1,1,1298,26,6.998163000757826,0,1.0,0,0,0,0.0
1,1,1,17448,11708,6.996682660047505,0,1.0,0,0,0,0.0
0,1,1,32,1,6.996521526120971,0,1.0,0,1,0,386.0
0,1,1,3353,603,6.972699404033106,0,1.0,0,0,0,0.0
0,1,1,1411,106,6.141095289651784,0,1.0,0,0,0,0.0
0,1,1,2176,1119,6.991915187235884,0,1.0,0,0,0,0.0
0,1,1,2629,53,6.994067473848301,0,1.0,0,0,0,0.0
1,1,1,123,5,6.9937378543588595,0,3.0,0,0,0,0.0
1,1,1,23183,12313,6.9930884703752865,0,1.0,0,0,0,0.0
1,1,1,774,1236,6.993077854865869,0,2.0,0,0,0,0.0
0,1,1,206,2,6.355939827892969,0,1.0,0,0,27,111.16666666666669
0,1,1,3181,11449,6.990829996980605,0,2.0,0,0,0,0.0
0,1,1,2549,13,6.990773116862979,0,1.0,0,1,0,410.0
0,1,1,3369,5896,6.9902295077165295,0,1.0,0,0,0,0.0
0,1,1,4274,429,6.989691792554413,0,1.0,0,0,0,0.0
0,1,1,14151,5,6.989355106621389,0,3.0,0,0,0,0.0
0,1,1,1713,414,6.988765739876136,0,1.0,0,0,0,0.0
0,1,1,7224,3647,6.988506151060763,0,1.0,0,0,0,0.0
1,1,1,7016,161,6.987323488247369,0,2.0,0,0,0,0.0
0,1,1,4789,908,6.972308816662711,0,4.0,0,0,0,0.0
0,1,1,70748,7598,6.944628638195399,0,7.0,0,3,21,63.4
1,1,1,11077,40,6.985464855144724,0,1.0,0,0,0,0.0
0,1,1,1920,8878,6.984914591499834,0,3.0,0,0,0,0.0
0,1,1,40429,1098,6.984638398126447,0,1.0,0,0,29,38.5
1,1,1,929,245,6.863539930562373,0,1.0,0,0,0,0.0
0,1,1,26068,4630,6.983612781476258,0,1.0,0,1,0,141.0
1,1,1,39,1,6.982784042915657,0,1.0,0,0,0,0.0
1,1,1,52,21,6.771060622883716,0,1.0,0,0,0,0.0
1,1,1,9398,2810,6.981384918774404,0,1.0,0,0,0,0.0
0,1,1,2639,304,6.980969899888304,0,1.0,0,0,0,44.0
0,1,1,51,145,6.9802900319642545,0,1.0,0,0,0,0.0
0,1,1,16117,18,6.978887232004815,0,1.0,0,0,0,0.0
1,1,1,5371,21,6.978998615633481,0,1.0,0,0,0,0.0
0,1,1,23853,26896,6.978961984203968,0,1.0,0,0,0,0.0
0,1,1,5389,1142,6.978810641896568,0,2.0,0,0,0,0.0
1,1,1,9652,631,6.978503711078002,0,1.0,0,9,48,53.41379310344828
0,1,1,1536,2059,6.978424237353765,0,1.0,0,0,0,0.0
0,1,1,33315,44,6.978091227238926,0,1.0,0,0,0,0.0
0,1,1,90,120,6.977195816941566,0,1.0,0,0,0,0.0
0,1,1,6844,1287,6.976456343724338,0,4.0,0,5,33,77.6470588235294
1,1,1,42761,124,6.975978772552892,0,1.0,0,0,0,0.0
0,1,1,33394,1806,6.975801319261134,0,2.0,0,2,2,103.0
0,1,1,517971,3201,6.975768617154509,0,1.0,0,0,0,59.5
0,1,1,89650,76,6.9753632631351925,0,1.0,0,0,0,0.0
1,1,1,67,1,6.975162138841837,0,1.0,0,0,0,0.0
0,1,1,2297,134,6.974729089433771,0,1.0,0,0,0,0.0
1,1,1,2379,226,6.974668977131187,0,1.0,0,0,0,0.0
0,1,1,25271,60,6.597943877630591,0,5.0,0,11,49,100.03571428571428
1,1,1,1523,264,6.974406631452175,0,1.0,0,0,0,0.0
0,1,1,1298,1,6.973941006689835,0,1.0,0,0,0,0.0
0,1,1,4951,245,6.973303283922578,0,1.0,0,0,0,0.0
0,2,2,18460,9,6.972802326942326,0,12.0,0,18,51,92.0958904109589
1,1,1,592,1786,6.972283656320986,0,1.0,0,0,0,0.0
1,1,1,11538,165,5.08719096866413,0,2.0,0,1,0,150.0
1,1,1,162068,20,6.957407873625217,0,1.0,0,0,0,0.0
1,1,1,58,297,6.9708703992925685,0,2.0,0,0,0,0.0
1,1,1,4253,11245,6.965408260219888,0,1.0,0,0,0,0.0
1,1,1,28245,36531,6.97073005275164,0,1.0,0,0,0,0.0
1,1,1,2238,966,6.969003463910917,0,1.0,0,0,0,0.0
1,1,1,778,189,6.968336841607573,0,1.0,0,0,0,0.0
1,1,1,11914,6633,6.968179066618347,0,1.0,0,0,0,65.0
1,2,2,4049,10,6.967872832937712,0,18.0,0,0,0,0.0
1,1,1,5823,1,6.96760671637625,0,3.0,0,0,0,0.0
1,3,2,168200,4521,6.967118434631124,0,24.0,0,25,47,84.33333333333333
0,1,1,4708,31,6.966445601462568,0,1.0,0,0,0,0.0
1,1,1,1501,5859,6.964367908608866,0,1.0,0,2,0,364.0
0,1,1,4858,77,6.963546363244199,1,4.0,0,9,38,138.29218106995884
1,1,1,2324,1638,6.963409280576316,0,1.0,0,0,0,0.0
0,1,1,14866,312,6.962950627193296,0,1.0,0,0,0,0.0
1,1,1,16915,639,6.962580415263364,0,7.0,0,0,0,0.0
0,3,2,20389,101,6.962345543156487,0,21.0,0,6,54,132.26666666666668
0,1,1,5467,2691,6.961916106190431,0,1.0,0,0,0,0.0
0,1,1,72651,3178,6.5752900002761665,0,1.0,0,2,12,69.04838709677419
1,1,1,4036,1,6.960902594389787,0,1.0,0,0,12,23.764705882352946
1,1,1,25948,406,6.960162899355944,0,1.0,0,0,34,48.625
1,1,1,83598,3395,6.958222891243794,0,8.0,0,0,0,0.0
1,1,1,23207,191,6.959754344839758,0,1.0,0,1,0,104.0
1,1,1,10898,28,6.926268338299336,0,1.0,0,0,0,0.0
1,1,1,1755,266,6.959552681848909,0,1.0,0,0,0,0.0
0,1,1,0,1,6.95930985603199,0,1.0,0,1,0,712.0
0,1,1,8703,11480,6.9591032180113555,0,2.0,0,0,0,0.0
0,1,1,14868,2771,6.958457129588915,0,1.0,0,0,0,0.0
1,1,1,118630,14658,6.957260238824092,0,1.0,0,0,0,0.0
1,1,1,11,7,6.957091975077799,0,1.0,0,0,0,0.0
1,1,1,21278,1411,6.956098268332039,0,1.0,0,0,0,0.0
1,1,1,170,1,6.955648772806397,0,1.0,0,0,0,0.0
1,1,1,777,16,6.95485926409851,0,5.0,0,0,0,0.0
0,1,1,32,1,6.95394297135128,0,1.0,0,0,0,0.0
0,1,1,78544,39016,6.92406300582792,0,1.0,0,0,0,0.0
0,1,1,865,1,6.953566263363347,0,1.0,0,0,0,0.0
1,1,1,1,1,6.817990237303063,0,1.0,0,0,0,0.0
1,1,1,221,1,6.8852937077824405,0,1.0,0,4,37,59.857142857142854
1,1,1,5492,3052,6.687416017463785,0,1.0,0,1,44,40.2
0,1,1,41189,378,6.949305419699697,0,4.0,0,0,0,33.0
0,1,1,30397,8199,6.948635184954342,0,1.0,0,0,0,0.0
0,1,1,8911,9732,6.94859231097153,0,1.0,0,1,3,42.666666666666664
0,1,1,395,297,6.947712269396758,0,1.0,0,0,0,0.0
0,1,1,20532,29669,6.946121178819529,0,1.0,0,0,0,0.0
0,1,1,14030,8774,6.945777141250131,0,1.0,0,0,0,0.0
1,1,1,14539,579,6.9454934061118445,0,1.0,0,0,0,0.0
1,1,1,32893,371,6.945282014878037,0,1.0,0,0,0,0.0
1,1,1,6244,55,6.94480605979907,0,2.0,0,0,0,0.0
0,1,1,38124,69119,6.776559963771489,0,1.0,0,0,0,0.0
0,1,1,7137,12,6.617879740940856,0,1.0,0,2,24,146.0
0,1,1,14921,1448,6.526206863408977,0,2.0,0,40,56,87.48453608247422
0,1,1,60711,170,6.94272687760524,0,1.0,0,0,17,55.8
1,1,1,11264,416,6.942508166423148,0,2.0,0,0,0,0.0
0,1,1,4472,299,6.942315978170557,0,1.0,0,0,0,0.0
1,1,1,1833,38,6.8837424174435045,0,1.0,0,0,0,0.0
0,1,1,4,4,6.940802174839504,0,1.0,0,0,0,0.0
1,1,1,4806,15469,6.940202636218063,0,1.0,0,2,29,40.10526315789474
1,1,1,6798,33,6.93987868889634,0,1.0,0,0,0,0.0
0,1,1,6,1,6.93930393035957,0,1.0,0,1,0,80.0
1,1,1,269,7,6.938520569140719,0,9.0,0,12,51,97.33333333333331
0,1,1,137,38,6.937786863155472,0,1.0,0,0,0,0.0
0,1,1,126,11,6.9377139488654125,0,1.0,0,0,0,0.0
1,1,1,1377,2023,6.937506423578319,0,1.0,0,0,0,0.0
0,1,1,37,8,6.936389006537732,0,1.0,0,0,0,0.0
1,1,1,2693,2628,6.915466122668237,0,1.0,0,0,0,0.0
0,1,1,7174,431,6.934841075136105,0,1.0,0,0,0,0.0
1,1,1,21735,1872,6.934361792807918,0,3.0,0,0,0,0.0
1,1,1,46606,1,6.225976649451009,0,1.0,0,1,0,69.0
1,1,1,3168,234,6.934082842570891,0,1.0,0,0,0,0.0
0,1,1,372,71,6.933856557935811,0,1.0,0,0,0,0.0
0,1,1,1765,515,6.709645052624888,0,1.0,0,0,0,75.5
0,1,1,30790,1180,6.933121267546174,0,2.0,0,8,50,78.21428571428571
0,1,1,2373,115,6.931970831518086,0,1.0,0,3,22,79.25
1,1,1,12520,1,6.931260574717823,0,1.0,0,0,0,0.0
0,1,1,17307,79,6.93002350345765,0,1.0,0,0,0,0.0
1,1,1,635,298,6.929699651200191,0,1.0,0,0,0,0.0
1,1,1,31688,14014,6.9292766469159615,0,1.0,0,2,0,133.4375
1,1,1,10606,461,6.928976370595836,0,1.0,0,0,0,0.0
0,1,1,5797,242,6.927895901865641,0,4.0,0,1,0,39.5
1,2,2,6269,1893,6.927682514282301,0,13.0,0,0,0,0.0
0,1,1,1103,2,6.926973461629374,0,2.0,0,3,50,211.0
0,1,1,4628,743,6.926955462795497,0,1.0,0,0,0,0.0
0,1,1,10694,88,6.926904571726467,0,1.0,0,0,0,0.0
0,1,1,6156,2,6.926700373688593,0,7.0,0,13,39,77.3013698630137
0,1,1,25484,16689,6.925419667931501,0,1.0,0,0,0,0.0
1,1,1,0,1,6.550129563487564,0,1.0,0,1,0,52.0
1,1,1,332,74,6.9246118751969465,0,1.0,0,0,0,0.0
1,1,1,57155,4317,6.924321802441097,0,1.0,0,0,0,0.0
0,1,1,19884,88,6.923989616216542,0,1.0,0,0,0,0.0
0,1,1,28758,2796,6.921830263160543,0,7.0,0,13,47,61.142857142857146
1,1,1,2969,1,6.660796787864576,0,3.0,0,0,0,0.0
0,1,1,2086,64,6.920600638601007,0,1.0,0,0,0,0.0
0,1,1,11371,2889,6.920491758331278,0,3.0,0,1,0,87.0
0,1,1,2318,482,6.920255491948537,0,1.0,0,0,0,0.0
0,1,1,180860,159483,6.919405078735871,1,1.0,0,0,0,0.0
1,1,1,15661,4014,6.918498324103074,0,1.0,0,0,0,0.0
0,1,1,11197,39,6.918273243615331,0,7.0,0,0,0,0.0
1,1,1,2,1,6.918126527768751,0,1.0,0,0,0,0.0
1,1,1,3,1,6.918120792224857,0,1.0,0,0,0,0.0
0,1,1,14317,365,6.640523224602478,0,1.0,0,0,0,0.0
0,1,1,7238,1311,6.776398576340252,0,1.0,0,0,0,0.0
0,1,1,6372,334,6.8575491391206915,0,3.0,0,0,0,0.0
1,1,1,1860,166,6.914962662329048,0,1.0,0,0,0,0.0
1,6,3,97286,1324,6.914009041014372,0,59.0,0,66,53,28.766129032258064
0,2,2,9145,9897,6.912786102641365,0,14.0,0,0,0,0.0
1,1,1,47247,1228,6.912654090067532,0,7.0,0,0,0,0.0
1,1,1,42,2,6.912460380786725,0,1.0,0,0,0,0.0
0,1,1,27800,60,6.126868257177832,0,1.0,0,0,60,42.2
0,1,1,2157,2042,6.91162533629665,0,1.0,0,0,0,76.0
0,1,1,421,3507,6.911094750954291,0,1.0,0,0,0,0.0
0,1,1,662,13,6.911041736783378,0,1.0,0,0,0,0.0
1,1,1,19550,3040,6.909918489134634,0,1.0,0,0,0,0.0
1,1,1,629,4,6.90322802471402,0,3.0,0,0,0,0.0
0,1,1,689,176,6.908276349047936,0,1.0,0,0,0,0.0
0,1,1,675,100,6.908164838666918,0,2.0,0,0,0,0.0
1,1,1,92,144,6.907372985040534,0,1.0,0,0,0,0.0
1,1,1,13178,7,6.906485179884248,0,2.0,0,8,37,43.27272727272727
0,1,1,3495,12,6.90640919184967,0,1.0,0,0,0,0.0
1,1,1,31,8,6.103231193522801,0,1.0,0,0,0,0.0
0,1,1,160571,2666,6.904702661568534,0,4.0,0,0,0,22.5
0,1,1,10608,412,6.904676899153141,0,1.0,0,3,23,76.63636363636364
1,2,2,10998,1853,6.891282090929448,0,18.0,0,0,0,0.0
1,1,1,2964,573,6.901111704081272,0,2.0,0,1,0,101.0
1,1,1,41531,7,6.299382390064997,0,7.0,0,2,3,345.5
0,2,2,16434,5169,6.898927570940602,0,11.0,0,0,0,0.0
1,1,1,38437,5880,6.897875209544298,0,1.0,0,0,0,42.0
0,1,1,31295,12029,6.897009300856692,0,1.0,0,1,16,63.6
0,1,1,99213,319,6.87509004844206,0,3.0,0,6,24,44.27272727272727
0,2,2,40645,12958,6.89632845060192,0,13.0,0,0,0,19.5
1,1,1,174,59,6.895618922627676,0,1.0,0,0,0,0.0
1,1,1,22219,29585,6.894941843255354,0,1.0,0,0,0,0.0
1,1,1,11835,889,6.8952113821303,1,1.0,0,3,38,127.5
0,1,1,712,87,6.8948864841659425,0,1.0,0,0,0,0.0
0,1,1,66685,1,6.894450994775115,0,1.0,0,0,0,0.0
0,1,1,2883,1,6.682242683623443,0,3.0,0,1,9,284.875
1,1,1,10027,14713,6.891441640451592,0,1.0,0,0,0,0.0
1,1,1,20725,6286,6.761214056604912,1,2.0,0,0,0,0.0
1,1,1,29108,5571,6.890828697769005,0,6.0,0,0,0,0.0
1,1,1,6733,220,6.89041621392993,0,1.0,0,0,0,0.0
0,1,1,145,43,6.890085738862117,0,1.0,0,0,0,0.0
1,1,1,6058,142,6.889077075338909,0,6.0,0,0,0,0.0
0,1,1,50355,17322,6.888782407810326,0,9.0,0,0,0,30.333333333333332
0,1,1,316,1,5.357627535449944,0,3.0,0,0,0,0.0
1,1,1,12221,2259,6.888476902955711,0,2.0,0,0,0,91.0
0,1,1,5,1,6.715905478005778,0,1.0,0,0,0,0.0
0,1,1,0,1,6.887623004053387,0,1.0,0,0,0,0.0
1,1,1,224,1,6.887554050774303,0,1.0,0,1,0,219.0
1,1,1,30381,20379,6.695384494154028,0,1.0,0,0,0,206.0
1,1,1,11658,5185,6.804032490199354,0,2.0,0,1,0,42.0
0,1,1,10317,1200,6.88626770453758,0,2.0,0,51,52,35.33516483516483
1,1,1,10359,632,6.886079065350824,0,1.0,0,1,0,153.0
1,1,1,1567,6012,6.885958935809921,0,1.0,0,0,0,0.0
0,1,1,2343,1,6.885739939435037,0,1.0,0,1,0,64.0
0,1,1,368,842,6.885340194207264,0,1.0,1,1,3,127.63157894736842
1,1,1,9825,148811,6.88491421124278,0,1.0,0,0,0,0.0
0,1,1,19660,901,6.883403671784773,0,1.0,0,0,0,0.0
0,1,1,39631,2155,6.883119936646486,0,2.0,0,1,0,383.0
0,1,1,2926,2418,6.883125070116712,0,1.0,0,1,0,280.0
0,1,1,73748,15368,6.81627654551408,0,2.0,1,125,60,109.49134948096886
0,1,1,956,10,6.40458167644926,0,1.0,0,0,0,0.0
1,1,1,4473,1352,6.882236092501177,0,1.0,0,0,0,0.0
1,1,1,24493,74111,6.880124968714831,0,1.0,0,0,0,0.0
1,1,1,92692,10700,6.878580871571829,0,1.0,0,0,0,0.0
0,1,1,3272,2681,6.876235446064186,0,1.0,0,0,0,0.0
1,1,1,2780,159,6.87501032121312,0,1.0,0,0,0,0.0
0,1,1,1330,254,6.619125684865615,0,2.0,0,2,20,29.25
0,1,1,78,33,6.8560698124291815,0,1.0,0,0,0,0.0
0,1,1,141,229,6.873495820744136,0,1.0,0,0,0,0.0
0,1,1,130375,2086,6.8724877592945965,1,2.0,0,10,39,74.84615384615384
0,1,1,429,35,6.87230504578026,0,1.0,0,0,0,0.0
0,1,1,629,950,6.871830073032016,0,1.0,0,0,0,0.0
1,1,1,22813,1,6.450230109790198,0,1.0,0,0,0,0.0
1,2,2,14528,4002,6.8696060762768765,0,13.0,0,0,0,0.0
1,1,1,3133,482,6.869556230914744,0,5.0,0,14,54,84.89873417721519
1,1,1,91,1,6.868485838996475,0,1.0,0,0,0,0.0
0,1,1,3858,4653,6.8669220318628525,0,1.0,0,0,0,69.0
0,1,1,21377,9276,6.866486067150707,0,1.0,0,0,0,0.0
1,1,1,119,32,6.864140293074098,0,1.0,0,0,0,0.0
1,1,1,6846,3161,6.8638340277053755,0,2.0,0,0,0,0.0
1,1,1,5008,4984,6.655683059317411,0,1.0,0,0,0,0.0
1,1,1,11064,34,6.862650255808907,0,2.0,0,0,0,0.0
0,1,1,10611,324,6.777604054576874,0,1.0,0,0,0,0.0
0,2,2,118610,41,6.8614545691914195,0,11.0,0,0,0,0.0
1,1,1,609,1,6.861285291426317,0,1.0,0,0,0,0.0
0,1,1,52294,27010,6.822070205361471,0,1.0,0,0,0,0.0
1,1,1,12087,1685,6.860832310211015,0,1.0,0,0,0,0.0
0,1,1,115868,15869,6.8607867110526515,0,1.0,0,0,0,0.0
0,1,1,890,79,6.706997893145079,0,3.0,0,0,0,97.66666666666669
0,1,1,518,25,6.859129297307627,0,1.0,0,0,0,0.0
1,1,1,45199,2311,6.85835094280665,0,2.0,0,12,47,48.44736842105263
1,1,1,383,44,6.857133359720484,0,1.0,0,0,0,0.0
1,5,3,23640,4751,6.854894184371282,0,44.0,0,17,46,84.78064516129032
0,1,1,1773,334,6.525767793264226,0,2.0,0,0,0,0.0
1,1,1,697,32,6.816639627624253,0,1.0,0,0,0,0.0
0,1,1,2397,2,6.70112738968474,0,7.0,0,0,0,0.0
0,1,1,6694,690,6.5757128461199565,0,1.0,0,0,0,0.0
0,1,1,6674,207,6.851513984356071,0,1.0,0,0,35,104.0
1,1,1,1777,1,6.8349011557506,0,1.0,0,0,0,0.0
0,1,1,2912,143,6.849113041318578,0,1.0,0,0,0,0.0
0,1,1,31,5,6.848960621616192,0,1.0,0,0,0,0.0
0,1,1,2510,195,5.836236269954469,0,1.0,0,1,0,145.0
0,1,1,306,1,6.848876331302607,0,1.0,0,0,0,0.0
0,1,1,11626,7905,6.704896972923009,0,1.0,0,0,0,0.0
1,1,1,946,275,6.797964253071056,0,1.0,0,0,0,0.0
0,1,1,225,1,6.827361323824218,0,1.0,0,0,0,0.0
0,1,1,10083,29871,6.847695854967271,0,1.0,0,0,35,338.75
0,1,1,59,4,6.847617965647424,0,2.0,0,0,0,0.0
1,1,1,1193,1,6.847589097799426,0,1.0,0,0,0,0.0
1,1,1,4189,1380,6.847446501404263,0,1.0,0,0,0,0.0
1,1,1,7,1,6.846843286964634,0,1.0,0,0,0,0.0
1,1,1,14764,59317,6.846255314495245,0,1.0,0,0,0,0.0
1,1,1,1904,2551,6.845496004535045,0,2.0,0,1,0,207.0
1,3,2,17045,3,6.833851107584707,0,25.0,0,36,50,76.14545454545454
1,1,1,12304,4114,6.781644951223006,0,1.0,0,0,0,0.0
0,1,1,9366,46,5.93299869802251,0,6.0,0,0,0,0.0
1,1,1,1029,2048,6.2849584161252805,0,1.0,0,0,0,0.0
1,1,1,37367,643,6.838072119321975,0,7.0,0,16,48,131.62962962962962
0,1,1,393,85,6.17921463332811,0,2.0,0,0,0,0.0
0,1,1,6875,337,6.839516367300274,0,3.0,0,0,0,69.0
0,1,1,112,1,6.839214094630616,0,1.0,0,0,0,0.0
0,1,1,230,452,6.838436152074782,0,1.0,0,0,0,0.0
1,1,1,79422,14667,6.8363889114734695,0,1.0,0,0,0,0.0
1,1,1,954,1515,6.698488025474534,0,1.0,0,0,0,0.0
0,1,1,842,1824,6.836112908228609,0,1.0,0,1,0,61.0
0,1,1,6825,83,6.822597716959311,0,1.0,0,0,0,0.0
0,1,1,6674,9091,6.830154438636498,0,1.0,0,0,0,0.0
0,1,1,797,1,6.835698554792352,0,1.0,0,0,0,0.0
0,1,1,1248,1,6.712684320503307,0,1.0,0,0,0,0.0
1,1,1,17710,10554,6.833917620881029,0,3.0,0,0,4,86.7
0,1,1,10,1,6.833547725831975,0,1.0,0,0,0,0.0
1,1,1,26,81,6.833352146953987,0,1.0,0,0,0,0.0
1,1,1,32,1,6.8332382282782955,0,1.0,0,0,0,0.0
0,1,1,49698,3130,6.832857432527034,0,1.0,0,1,0,29.0
1,1,1,1465,693,6.832811611552056,0,1.0,0,0,0,0.0
1,1,1,442,11,6.832797605417242,0,2.0,0,2,12,195.0
1,1,1,45348,145449,6.831234843990518,0,1.0,0,0,0,0.0
1,1,1,3592,323,6.34339790455279,0,2.0,0,0,0,0.0
1,1,1,10496,765,6.830120880951503,0,1.0,0,4,18,250.25
1,1,1,1772,1,6.82987086193865,0,3.0,0,0,0,0.0
0,1,1,31523,1006,6.8282982138285275,0,1.0,0,0,0,0.0
1,1,1,8132,2778,6.820782338096533,0,2.0,0,0,0,0.0
0,1,1,8119,254,6.828053740231042,0,2.0,0,0,0,0.0
0,1,1,708,125,6.281581068037974,0,1.0,0,0,0,0.0
0,1,1,1030,7102,6.183267222878646,0,1.0,0,4,12,147.0
0,1,1,933,1,6.806844015790654,0,1.0,0,1,0,195.0
1,1,1,750,90,6.8245703004257345,0,4.0,0,0,0,0.0
1,1,1,2647,12197,6.8229106368264745,0,2.0,0,0,0,0.0
1,1,1,2073,381,6.507877712903236,0,1.0,0,0,0,0.0
1,1,1,6122,14,6.82034532767749,0,1.0,0,0,0,0.0
0,1,1,760,660,6.765696051433415,0,1.0,0,0,0,0.0
1,1,1,629,1,6.81974372933034,0,1.0,0,0,0,0.0
1,1,1,2248,12,6.819560255301897,0,1.0,0,0,0,0.0
0,1,1,16418,53018,6.805724095391131,0,1.0,0,3,35,126.71428571428572
0,1,1,87630,89998,6.819257602375186,0,1.0,0,0,0,0.0
0,3,2,1321,68,5.991800824926964,0,27.0,0,33,52,244.3417721518987
1,1,1,3636,39,6.817340156181558,0,1.0,0,0,0,8.0
1,1,1,27608,12031,6.8169374956497055,0,5.0,0,4,27,179.6
0,1,1,41292,11782,6.816568836436077,0,3.0,0,10,57,47.170731707317074
1,1,1,3905,1023,6.816233608155093,0,1.0,0,0,0,129.0
1,1,1,1421,19,6.815411397340582,0,1.0,0,0,0,12.0
0,2,2,5519,1,6.81373291101716,0,15.0,0,0,0,0.0
1,1,1,5329,4,6.813656764542143,0,1.0,0,0,17,49.333333333333336
1,1,1,346056,80779,6.804605315762768,1,9.0,0,2,44,72.2
0,1,1,68604,35348,6.810846950107586,0,1.0,0,0,0,0.0
1,1,1,262,1,6.809729438002736,0,2.0,0,0,0,0.0
0,1,1,1420,24,6.808066352089993,0,1.0,0,0,0,9.0
1,1,1,10354,1228,6.8071397607142226,0,1.0,0,0,0,0.0
0,1,1,10968,2486,6.768425726693891,0,1.0,0,1,23,372.0
1,1,1,37766,7470,6.805932222751894,0,1.0,0,0,0,0.0
1,1,1,50,200,6.797404134430855,0,1.0,0,1,0,10.0
0,1,1,22740,1529,6.071328957611325,0,1.0,0,0,49,191.4
0,1,1,11053,573,6.803454657918065,0,1.0,0,0,0,0.0
0,1,1,20989,7548,6.804548055388088,0,1.0,0,0,0,0.0
0,1,1,10486,1095,6.78129004463949,0,1.0,0,0,53,60.25
1,1,1,757,26,6.801878999439601,0,1.0,0,0,0,0.0
0,1,1,9935,1347,6.796449689225897,0,3.0,0,0,0,0.0
1,1,1,758,12,6.801136579230206,0,1.0,0,0,0,0.0
0,1,1,57808,2351,6.800894862496361,0,1.0,0,0,0,0.0
1,1,1,4024,3325,6.800856900167159,0,1.0,0,0,0,0.0
0,1,1,13009,2653,6.401044525335106,0,1.0,0,0,0,0.0
0,1,1,216,6,6.799635577886631,0,1.0,0,0,0,0.0
1,1,1,3,3,6.7963412525893965,0,1.0,0,0,0,0.0
1,1,1,5867,6788,6.798465495244098,0,2.0,0,4,29,30.0
0,1,1,612,5365,6.797942071409586,0,1.0,0,0,0,0.0
1,1,1,1237,1,5.265547624430094,0,1.0,0,0,0,0.0
0,1,1,6439,77,6.797322917861788,0,1.0,0,0,0,0.0
1,2,2,16704,9,6.395343204575606,0,17.0,0,45,53,54.630872483221474
1,1,1,10194,1675,6.75069104471554,0,2.0,0,0,0,0.0
0,1,1,38205,2299,6.794949606836868,0,1.0,0,0,0,0.0
1,1,1,28,20,6.754205190277941,0,1.0,0,0,0,0.0
0,1,1,58416,35549,6.756434162062868,0,4.0,0,10,51,110.675
1,1,1,22740,866,6.793656574413617,0,1.0,0,0,0,0.0
1,1,1,7138,1173,6.792961908152558,0,1.0,0,0,0,0.0
0,1,1,7025,2778,6.7920327817297625,0,1.0,0,0,0,0.0
1,1,1,1093,66,6.7914899964735955,0,1.0,0,0,0,0.0
0,1,1,2223,852,6.79125784954227,0,1.0,0,3,16,166.0
0,1,1,2278,1505,6.7200611172178855,0,2.0,0,0,0,0.0
0,1,1,2581,12350,6.789679877833395,0,1.0,0,0,0,0.0
1,1,1,8890,1337,6.546313493824472,0,1.0,0,0,0,177.0
1,1,1,-16,11,6.113805603490606,0,2.0,0,0,0,0.0
1,1,1,6392,1576,6.7880800096558405,0,4.0,0,0,0,0.0
1,1,1,3,1,6.269955500821202,0,1.0,0,0,0,0.0
0,1,1,4963,115,6.755842260270589,0,1.0,0,0,0,0.0
0,1,1,16426,1168,6.786743849745074,0,1.0,0,1,0,143.0
1,1,1,4718,11,6.784336949347072,0,1.0,0,0,0,0.0
1,1,1,44842,496,6.489266982049179,0,4.0,0,1,0,168.0
1,1,1,9658,48287,6.783841759598801,0,1.0,0,0,0,0.0
1,1,1,16096,4536,6.781898012292289,0,1.0,0,1,0,44.0
1,1,1,22761,6,6.781772210583668,0,3.0,0,0,0,0.0
0,1,1,9959,156,6.781701165890788,0,1.0,0,0,0,0.0
1,1,1,3493,920,6.781319831442034,0,1.0,0,0,0,0.0
1,1,1,8758,1321,6.7807224476105645,0,1.0,0,0,0,26.0
1,1,1,4982,3755,6.512605575605089,0,1.0,0,0,0,0.0
0,1,1,5777,724,6.3535586899103595,0,1.0,0,0,0,0.0
1,1,1,1192,276,6.7788982911474625,0,1.0,0,0,0,0.0
1,7,3,29021,247,6.778732213879229,0,161.0,0,199,53,43.881270903010034
0,1,1,3486,1528,6.778675587266305,0,1.0,0,0,0,0.0
0,1,1,14,72,6.751390369125509,0,1.0,0,0,0,0.0
0,1,1,3405,8451,6.778238133214033,0,4.0,0,9,7,55.774193548387096
1,1,1,6199,487,6.51120176162684,0,5.0,0,0,0,137.0
0,1,1,37893,45,6.530421315712068,0,6.0,0,1,0,47.0
0,1,1,12492,1319,6.7763883410878885,0,3.0,0,0,0,0.0
1,1,1,43861,761,6.775928166676653,0,2.0,0,2,19,34.5
0,1,1,1394,1,6.7758013192611335,0,1.0,0,0,0,0.0
0,1,1,12547,615,6.775260340225972,0,1.0,0,0,0,0.0
1,1,1,1653,217,6.614694454353789,0,1.0,0,1,0,127.0
0,1,1,7761,2,6.691568329426672,0,4.0,0,0,0,0.0
0,1,1,2767,13,6.773939422285444,0,1.0,0,0,0,0.0
1,1,1,603,1,6.773562112223843,0,1.0,0,0,0,0.0
0,1,1,7764,553,6.63145963928547,0,7.0,0,6,42,89.94444444444444
0,1,1,23516,14324,6.772665814660023,0,3.0,0,1,8,74.25
1,1,1,1890,2,6.251496619283949,0,1.0,0,0,0,0.0
1,1,1,2143,6742,6.771078178084365,0,1.0,0,0,0,0.0
1,1,1,8,1,6.7709113719901115,0,1.0,0,0,0,0.0
0,1,1,250,333,6.491348921106648,0,1.0,0,0,0,0.0
0,1,1,775,158,6.146228316244428,0,1.0,0,0,0,0.0
0,2,2,9724,863,6.769829033662735,0,11.0,1,7,30,67.36842105263158
1,1,1,496,116,6.144073050951756,0,1.0,0,0,0,0.0
1,1,1,431,19,6.76936553200228,0,1.0,0,0,0,0.0
1,1,1,1872,60,6.76824542147423,0,1.0,0,4,17,67.13636363636364
0,1,1,2110,3822,6.768202293986715,0,1.0,0,0,0,0.0
0,1,1,1025,168,5.862065230331684,0,4.0,0,2,19,474.0
1,1,1,2162,705,6.767732042763554,0,2.0,0,0,11,26.846153846153847
1,1,1,9264,785,6.76511904304241,0,2.0,0,0,0,0.0
1,1,1,15563,14,5.3626333977461895,0,7.0,0,2,47,149.47826086956522
1,1,1,555,167,6.532051477701573,0,1.0,0,0,0,0.0
0,1,1,36954,33211,6.59235593684929,0,2.0,0,0,0,0.0
0,1,1,689,21,6.761877922044615,0,1.0,0,0,0,0.0
0,1,1,1344,2808,6.760483392676095,0,1.0,0,0,0,0.0
0,1,1,6,1,6.760089097799425,0,1.0,0,1,0,23.0
0,1,1,16574,361,6.760079876565872,0,1.0,0,3,21,166.33333333333334
0,1,1,228,1,6.627069888480593,0,4.0,0,0,0,0.0
0,1,1,1962,237,6.7590766950818555,1,3.0,0,0,0,0.0
1,1,1,7359,4,6.758961413818388,0,3.0,0,0,0,0.0
0,1,1,14006,81,6.641793600042942,0,1.0,0,0,0,0.0
1,1,1,3438,54,6.757876001746494,0,1.0,0,0,0,0.0
1,1,1,1924,486,6.710267565109994,0,1.0,0,0,0,0.0
0,1,1,8818,3265,6.757193820592033,0,1.0,0,0,0,0.0
1,1,1,15039,7509,6.755108902854309,0,1.0,0,0,0,0.0
1,3,2,27605,493,6.75483375518782,0,20.0,0,106,51,65.83512544802868
0,1,1,259,69,6.7547359023726505,0,1.0,0,0,0,0.0
1,1,1,13774,351,6.754719773135953,0,3.0,0,1,0,87.0
1,1,1,48,9,6.751484641186756,0,1.0,0,0,0,0.0
1,1,1,3765,16080,6.031025987803735,0,1.0,0,0,0,0.0
1,1,1,11999,9612,5.98560539181418,0,1.0,0,5,39,71.0
1,1,1,7785,46,6.752866970641467,0,4.0,0,28,49,87.93333333333334
0,1,1,79059,36,6.751925992873829,0,2.0,0,0,0,0.0
1,1,1,2847,241,6.7525132048291105,0,2.0,0,1,0,114.0
0,1,1,3772,2181,6.752280043878975,0,1.0,0,0,0,0.0
0,1,1,14658,1,6.752182729761298,0,3.0,0,0,0,0.0
0,1,1,105341,12200,6.752172843077901,0,2.0,0,2,34,70.25
1,1,1,8488,390,6.751395249091032,0,7.0,0,43,53,78.12173913043478
1,1,1,8839,32,6.751111609017008,0,1.0,0,0,0,0.0
1,1,1,6601,11451,6.750552852964584,0,1.0,0,0,0,0.0
0,2,2,29162,1,6.750042389557987,0,15.0,0,6,45,128.9090909090909
0,1,1,5073,527,5.124098464798183,0,1.0,0,1,0,68.0
0,1,1,5348,145,6.748374201863106,0,1.0,0,0,0,0.0
1,1,1,1843,71,6.7479634925569485,0,2.0,0,0,0,0.0
1,1,1,10540,1917,6.747033764060484,0,1.0,0,0,0,0.0
1,1,1,9143,2,6.746630628207314,0,1.0,0,3,11,69.61176470588235
0,1,1,25590,1236,6.745808639209419,0,1.0,0,0,32,23.714285714285715
0,1,1,38215,2115,6.745371913983166,0,1.0,0,0,0,0.0
1,1,1,13507,308,6.745278053867061,0,2.0,0,0,0,0.0
0,1,1,1335,3419,6.457588052092528,0,2.0,0,0,0,0.0
0,1,1,18412,697,6.7434076327957495,0,1.0,0,0,0,0.0
0,1,1,9193,112,6.743210532889546,0,2.0,0,8,49,85.85
0,1,1,35348,1421,6.743147441906709,0,1.0,0,3,24,46.666666666666664
0,1,1,858,182,6.7424796471441155,0,1.0,0,0,0,0.0
0,1,1,1829,136,6.742435220445,0,2.0,0,0,0,0.0
1,1,1,31,1,6.741083279866503,0,2.0,0,0,0,0.0
0,1,1,7378,189,6.740856012900701,0,1.0,0,1,0,37.25
0,1,1,39735,4261,6.7388667931881745,0,2.0,0,0,0,0.0
0,1,1,3275,128,6.737650192432731,0,1.0,0,0,0,0.0
1,1,1,126616,4514,6.737057910383399,0,2.0,0,0,0,22.8
0,2,2,11286,2872,6.715244337741626,0,11.0,0,8,14,100.1
1,1,1,5888,818,6.734268851646359,0,1.0,0,0,0,0.0
1,1,1,26754,133,6.575857819121706,0,1.0,0,0,0,0.0
0,1,1,5760,601,6.726179675029633,0,1.0,0,0,0,0.0
0,1,1,11375,2395,6.733575738101603,0,1.0,0,1,15,19.5
1,1,1,4835,1,6.196432957915531,0,1.0,0,0,37,107.83333333333331
1,1,1,1084,15,6.73249827973975,0,1.0,0,0,0,0.0
0,1,1,25697,12533,6.731956159933428,0,1.0,0,0,0,0.0
1,1,1,707,53,6.729362711762464,0,2.0,0,1,0,389.0
1,1,1,2673,3640,6.728246974190532,0,1.0,0,0,0,0.0
1,1,1,1504,107,6.724084363599106,0,1.0,0,0,0,0.0
0,1,1,19486,3077,6.723512773871117,0,1.0,0,0,0,0.0
0,1,1,1221,1,6.716242956140998,0,2.0,0,0,0,0.0
1,1,1,333,29,6.723488754300553,0,2.0,0,0,0,0.0
0,1,1,5827,3656,6.72326788832849,0,1.0,0,0,0,0.0
0,1,1,13652,51,6.6553476409079,0,1.0,0,0,0,0.0
1,5,3,2351,1,5.457273864701851,0,40.0,0,1,0,455.0
0,1,1,15938,31087,6.663923229672572,0,1.0,0,0,0,0.0
1,1,1,5640,41,6.720689270182623,0,1.0,0,9,52,63.95
1,1,1,10312,1572,6.720572531267116,0,1.0,0,0,0,0.0
0,1,1,15790,116,6.590717377516515,0,1.0,0,2,8,267.42857142857144
1,2,2,58818,1027,6.623194847286078,0,11.0,0,3,36,65.71794871794872
1,1,1,32,1,6.567789144697795,0,1.0,0,0,0,0.0
1,1,1,207,1,6.715323938218215,0,1.0,0,0,0,0.0
0,1,1,1797,6915,6.695602603262452,0,2.0,0,0,0,0.0
1,1,1,7511,2535,6.713146301135548,0,2.0,0,4,48,170.58333333333334
1,2,2,76380,521,6.488476205817779,0,12.0,0,6,46,221.1
1,1,1,13643,707,6.712608934542397,0,4.0,0,0,0,0.0
0,1,1,19091,1128,6.712540710089334,0,1.0,0,0,0,102.0
1,1,1,2177,26,6.712311510150174,0,1.0,0,0,0,0.0
1,1,1,43022,14759,6.712022261284608,0,1.0,0,0,0,0.0
0,1,1,243,474,6.710251055616243,0,1.0,0,0,0,0.0
0,1,1,36866,2241,6.710096322683447,0,3.0,0,0,0,0.0
0,1,1,7823,2218,6.7091565173750585,0,5.0,0,0,0,0.0
0,1,1,5670,6480,6.707794848553602,0,1.0,0,0,0,0.0
0,1,1,23687,467,6.707156143455622,0,3.0,0,5,30,45.4
1,1,1,1985,8,6.324484425707758,0,1.0,0,0,0,0.0
1,1,1,10342,1530,6.705225610081729,0,2.0,0,0,0,0.0
1,1,1,243,1,6.704939086391714,0,2.0,0,1,0,92.0
0,1,1,1401,45,5.397085447331709,0,1.0,0,0,0,0.0
1,2,2,2347,19,6.616468955583287,1,13.0,0,32,46,46.9222972972973
0,1,1,197112,11300,6.703859124670924,0,1.0,0,2,33,73.11111111111111
1,1,1,11717,34,6.703629100841482,0,1.0,0,0,0,0.0
0,1,1,6709,49,6.205765480033816,0,1.0,0,0,0,45.0
0,1,1,2853,300,6.63134990343737,0,1.0,0,0,0,0.0
1,1,1,10439,203,6.24377220424605,0,1.0,0,1,0,190.0
1,1,1,94469,23911,6.701651510657184,0,2.0,0,11,50,65.55
0,1,1,281,10018,6.701532838768321,0,1.0,0,0,0,0.0
0,1,1,1319,60,6.673885837728951,0,1.0,0,0,0,0.0
0,1,1,282,3,6.700956369074808,0,1.0,0,0,0,0.0
0,1,1,15779,591,6.700473917937839,0,3.0,0,0,0,13.0
1,1,1,2453,3360,6.700286673026946,0,1.0,0,0,0,0.0
0,1,1,4158,139,5.979343825662127,0,1.0,0,0,0,0.0
1,1,1,2426,1,6.699962313760081,0,1.0,0,0,0,0.0
1,1,1,11056,276,6.597977688820289,0,1.0,0,0,0,0.0
0,1,1,2056,69,6.699113326511368,0,1.0,0,3,33,203.4
1,1,1,86435,9942,6.182241289347579,0,2.0,0,1,0,156.0
0,1,1,700,485,6.698433997284811,0,1.0,0,0,0,0.0
0,1,1,17295,10415,6.697574204398153,0,1.0,0,0,0,0.0
0,1,1,5065,138,6.524774308335081,0,1.0,0,0,0,0.0
0,1,1,8527,19645,6.69652269858022,0,1.0,0,0,0,0.0
1,1,1,5443,7295,6.694034264732272,0,1.0,0,0,0,0.0
0,2,2,48451,558,6.693817106266483,0,10.0,0,0,0,0.0
1,1,1,2360,1522,6.693761018351052,0,1.0,0,0,0,0.0
1,1,1,3127,1,6.692025239964862,0,1.0,0,0,0,0.0
1,1,1,207327,25126,6.691843984102566,0,1.0,0,0,0,0.0
0,1,1,87,3,6.691341379341748,0,2.0,0,0,0,0.0
1,1,1,6238,14890,6.679057872357694,0,1.0,0,0,0,0.0
1,1,1,37383,543,6.69087616652455,0,1.0,0,0,0,0.0
0,1,1,25244,439,6.69004742796395,0,1.0,0,0,0,0.0
0,1,1,1540,296,6.6899205805484305,0,1.0,0,0,0,0.0
1,1,1,26981,1076,6.688765518059522,0,5.0,0,0,16,72.52808988764045
0,1,1,35865,4172,6.688384342051206,0,3.0,0,1,0,129.5
0,1,1,22036,1104,6.6883435277941015,0,1.0,0,1,20,84.3125
0,1,1,17990,5,6.686789480591527,0,1.0,0,0,14,109.33333333333331
0,1,1,-1,41,6.463285697033841,0,2.0,0,1,0,246.0
0,1,1,3554,102,6.607192616444697,0,1.0,0,0,0,0.0
1,1,1,252,490,6.683842678553348,0,1.0,0,0,0,0.0
1,1,1,711,62,6.683828513978096,0,1.0,0,0,0,0.0
0,1,1,6839,1880,6.6821265150935165,0,2.0,0,1,0,238.0
1,1,1,339,459,6.681791064995917,0,1.0,0,0,0,0.0
0,1,1,8196,3509,6.67777748348148,0,3.0,0,0,0,0.0
0,4,2,47492,10,6.680924966179784,0,36.0,0,0,0,0.0
1,1,1,4076,60,6.6806951641669565,0,1.0,0,0,0,0.0
0,1,1,4945,2877,6.68063162955089,0,1.0,0,4,1,95.75
0,1,1,9472,1588,6.680364340530178,0,1.0,0,0,0,0.0
1,1,1,60195,832,6.679956958473241,0,1.0,0,0,0,0.0
1,1,1,16222,9417,6.679850106241132,0,5.0,0,0,0,0.0
0,1,1,322,111,6.622482023750702,0,2.0,0,1,42,130.125
0,1,1,79396,4151,6.66695454384095,0,4.0,0,0,0,52.8
0,1,1,150520,17439,6.677731852635028,0,1.0,0,0,0,0.0
0,1,1,65939,1049,6.668107958549292,0,5.0,0,21,44,93.28571428571428
0,1,1,607,37,6.675632865386314,0,1.0,0,0,0,0.0
1,1,1,1509,14329,6.675326093008187,0,4.0,0,0,0,0.0
1,1,1,2190,53656,6.675272286635078,0,1.0,0,0,0,0.0
0,1,1,4708,167,6.675134665269702,0,3.0,0,0,0,0.0
0,1,1,16,1,6.488422938142164,0,1.0,0,0,0,0.0
1,1,1,8484,41104,6.674676582272262,0,1.0,0,0,0,0.0
0,1,1,1603,4,6.672445804266331,0,1.0,0,0,0,0.0
1,1,1,1912,3470,6.672070997563666,0,1.0,0,1,0,27.0
0,1,1,5510,16,6.40730041931944,0,1.0,0,0,0,0.0
1,1,1,9053,67,6.67061103229381,0,1.0,0,0,0,0.0
0,1,1,24951,3098,6.635377396022357,0,2.0,0,0,0,0.0
1,1,1,484,37167,6.667296775189341,0,3.0,0,0,0,0.0
1,1,1,135,60,6.666929129994522,0,1.0,0,0,0,0.0
1,1,1,10151,76,6.666030836081171,0,1.0,0,0,0,0.0
0,1,1,1110,139,6.6639876515550975,0,1.0,0,0,0,0.0
1,1,1,5619,2026,6.652169262323977,0,5.0,0,1,0,30.0
0,1,1,65,112,6.663376420029253,0,1.0,0,0,0,0.0
1,1,1,844,1794,6.663380729609195,0,1.0,0,0,0,0.0
1,1,1,21,15,6.663342291958677,0,1.0,0,0,0,0.0
0,1,1,6891,56,6.663229862623113,0,1.0,0,0,0,0.0
0,1,1,14373,300,6.380996042560751,0,1.0,0,0,0,0.0
0,1,1,1363,114,6.661473645420283,0,3.0,0,0,0,0.0
1,1,1,30429,220,6.661190163786699,0,1.0,0,0,0,0.0
0,1,1,16183,237,6.6610591335435885,0,1.0,0,0,0,0.0
1,1,1,1275,218,6.526733519428447,0,1.0,0,0,0,0.0
1,1,1,114,64,6.616837995053969,0,1.0,0,1,0,87.5
1,1,1,5,1,6.660155389279132,0,1.0,0,0,0,0.0
1,1,1,1756,4,6.65952093038492,0,1.0,0,0,0,0.0
1,1,1,10754,10141,6.6578978031509095,0,1.0,0,0,0,0.0
1,1,1,12615,7527,6.5155857451997345,0,1.0,0,0,0,286.0
1,1,1,13723,7641,6.656228918318096,0,1.0,0,1,0,101.0
0,1,1,1129,315,6.656016544753567,0,1.0,0,0,0,0.0
1,1,1,194,54,6.655962928508985,0,1.0,0,0,0,0.0
0,1,1,226,229,6.655907854612364,0,1.0,0,0,0,0.0
1,1,1,11318,5,6.648941830580118,0,1.0,0,2,34,115.5
0,1,1,2166,171,5.212979970362611,0,1.0,0,1,0,171.0
0,1,1,2788,10,6.309853433490352,0,1.0,0,0,0,0.0
0,1,1,98934,5240,6.652806224577128,0,1.0,0,0,0,0.0
0,1,1,2722,19,6.65332340585834,0,2.0,0,0,0,0.0
0,1,1,30850,278,6.653274289322228,0,1.0,0,0,0,0.0
1,1,1,5,1,6.652952338350038,0,1.0,0,0,0,0.0
0,1,1,27528,4993,6.653182552308007,0,1.0,0,0,0,0.0
0,1,1,690,85,6.652752956901511,0,1.0,0,0,0,0.0
1,2,2,384432,14108,6.652735528453214,0,14.0,0,25,52,25.09090909090909
1,1,1,16482,856,6.4713597901207685,0,1.0,0,0,0,29.0
0,1,1,7615,24147,6.652193630463507,0,1.0,0,0,0,0.0
1,1,1,66078,1,6.65188118591766,0,1.0,0,0,0,0.0
1,1,1,73199,75,6.650872427330189,0,1.0,0,0,0,0.0
0,1,1,6506,46,6.4914746911271815,0,2.0,0,0,0,130.5
0,1,1,1044,629,6.6483294899712,0,1.0,0,0,0,0.0
0,1,1,94,1,6.64668592392055,0,3.0,0,0,0,0.0
1,1,1,12384,3672,6.646564463479959,0,1.0,0,1,24,73.14285714285714
1,1,1,61699,799,6.64502191905326,0,3.0,0,1,0,36.0
1,1,1,113,8,5.198905611095747,0,1.0,0,0,0,0.0
1,1,1,1725,1,6.644408089104214,0,1.0,0,0,0,0.0
1,1,1,4895,6838,6.643511918292746,0,1.0,0,0,0,0.0
1,1,1,7650,784,6.479601132935177,0,1.0,0,0,0,0.0
1,1,1,4912,49,5.623757374220953,0,1.0,0,0,0,0.0
1,1,1,2222,285,6.637872199175956,0,3.0,0,0,0,0.0
1,1,1,58,1,6.632485065807132,0,1.0,0,0,0,0.0
0,1,1,693,68,6.465966826143786,0,1.0,0,0,0,0.0
1,1,1,85,1,6.3563826055439945,0,1.0,0,0,0,0.0
0,1,1,10898,19015,6.6339503863638285,0,1.0,0,0,0,0.0
0,1,1,38900,66,6.633428673686058,0,1.0,0,0,0,0.0
1,1,1,2978,1290,6.632926417494206,0,1.0,0,0,0,0.0
1,1,1,4070,809,6.6328070167793225,0,1.0,0,0,0,0.0
1,1,1,1010,2214,6.63256308187933,0,1.0,0,0,0,0.0
1,1,1,29861,2572,6.268662056452809,0,1.0,0,0,0,0.0
0,1,1,48,113,6.43839863337881,0,2.0,1,6,676,94.625
1,1,1,6578,338,6.624657220850608,0,1.0,0,0,0,0.0
0,1,1,105,45,6.624333907290642,0,3.0,0,0,0,0.0
1,1,1,49514,5989,6.623145065300123,0,2.0,0,0,0,0.0
0,1,1,16294,162,6.622227758534082,0,1.0,0,0,0,0.0
0,1,1,12873,570,6.039235705906506,0,4.0,0,1,0,81.0
1,1,1,1610,1090,6.6205104859911765,0,1.0,0,0,0,0.0
1,1,1,139,60,6.615554373992799,0,2.0,0,0,0,0.0
1,1,1,6192,561,6.064894247747457,0,1.0,0,0,0,0.0
0,1,1,26353,2688,6.615118409280654,0,3.0,0,0,0,0.0
1,1,1,4331,778,6.614916746289805,0,3.0,0,0,0,0.0
1,1,1,23,30,6.5706550787358715,0,1.0,0,0,0,0.0
0,1,1,8014,2443,6.613805920371484,0,1.0,0,0,0,0.0
0,1,1,7469,5760,6.6135255124824175,0,1.0,0,0,0,0.0
1,1,1,10491,35,6.612826409889065,0,2.0,0,0,0,186.5
1,1,1,20781,428,6.609957085225592,0,2.0,1,5,15,179.06666666666666
0,1,1,16945,84919,6.609247747379875,0,1.0,0,0,0,58.0
0,1,1,9811,1024,6.609023839351381,0,1.0,0,3,47,85.88888888888889
0,1,1,2217,1,6.608812226300959,0,3.0,0,0,1,52.5
0,1,1,3644,1694,6.607616222802594,0,5.0,0,0,0,119.0
1,1,1,8,1,5.443791502291528,0,1.0,0,3,85,103.0
0,1,1,22,1,4.75268847164281,0,1.0,0,1,0,198.0
0,1,1,27218,23900,6.606453523484522,0,1.0,0,0,0,0.0
0,1,1,27329,623,6.606161137498262,0,2.0,0,0,0,0.0
1,1,1,1651,71,6.49153458161315,0,3.0,0,0,0,0.0
1,1,1,3772,1012,6.366497411486145,0,1.0,0,0,0,0.0
1,1,1,68225,2146,6.576551661492482,0,1.0,0,1,15,74.0
0,1,1,436,31,6.458793340200622,0,1.0,0,0,0,0.0
0,2,2,21806,1464,6.5357161733691775,1,10.0,0,8,53,64.13392857142857
0,1,1,161,1,6.602039721420994,0,1.0,0,0,0,0.0
1,1,1,4738,14,6.291885590561866,0,1.0,0,0,0,0.0
0,1,1,1338,589,6.600173704993889,0,1.0,0,0,0,0.0
0,1,1,6,23,6.599898937584453,0,1.0,0,0,0,0.0
1,1,1,33195,33961,6.599841043448017,0,1.0,0,0,0,0.0
0,1,1,4792,75,6.599443262881688,0,1.0,0,0,0,0.0
0,1,1,5008,1199,6.3255014231980615,0,3.0,0,0,0,0.0
1,1,1,5864,1672,6.597766677843535,0,2.0,0,0,0,71.0
1,1,1,4705,7,6.598319254718836,0,3.0,0,0,0,0.0
1,1,1,376,17,6.597670346056581,0,2.0,0,4,42,62.1
0,1,1,6564,58877,6.597321016576519,0,1.0,0,0,0,0.0
0,1,1,22163,892,6.5972505422692205,0,1.0,0,1,0,5.0
1,1,1,3469,13,6.596714728392373,0,1.0,0,0,0,0.0
0,1,1,25875,5462,6.5965422184423135,0,2.0,0,0,0,0.0
0,1,1,5778,4579,6.595842703903819,0,2.0,0,0,0,24.0
0,1,1,836,89,6.594488988792404,0,2.0,0,0,0,0.0
0,1,1,458,87,6.592092418711029,1,2.0,0,0,0,0.0
1,1,1,3810,4504,6.591709056224654,0,1.0,0,0,0,0.0
0,1,1,6882,1186,6.590103610943644,0,1.0,0,0,0,0.0
1,1,1,5679,3653,6.589981073108067,0,1.0,0,1,0,329.0
0,2,2,24230,2082,6.589946374651911,0,12.0,0,17,52,64.5
1,1,1,1947,3509,6.583705881078255,0,1.0,0,5,11,307.05263157894734
0,1,1,13015,674,6.588759338882397,0,1.0,0,0,0,0.0
0,1,1,2770,1,6.559160446697947,0,1.0,0,0,0,0.0
1,1,1,24545,11367,6.586597482467461,0,1.0,0,4,15,93.5
0,1,1,13791,5606,6.532190651783252,0,1.0,0,1,0,44.0
0,1,1,76,65,6.13985273635242,0,1.0,0,0,0,0.0
1,1,1,3256,3093,6.583584991023245,0,1.0,0,0,0,0.0
0,1,1,156,3,6.583522058480846,0,1.0,0,0,0,0.0
1,1,1,7368,342,6.582969925238775,0,1.0,0,0,0,0.0
0,1,1,3613,2,6.574106228379698,0,1.0,0,0,0,0.0
0,1,1,6664,110,6.582288504598422,0,1.0,0,1,0,36.333333333333336
1,1,1,165,1734,6.579809165231676,0,1.0,0,0,0,0.0
0,1,1,19300,6021,6.581605341113239,0,1.0,0,0,0,0.0
0,1,1,6648,10920,6.581448263261945,0,1.0,0,0,0,0.0
0,1,1,40551,2943,6.581376489743046,0,1.0,0,0,0,0.0
0,1,1,4465,10,6.58135991687312,0,1.0,0,0,0,0.0
0,1,1,122549,26005,6.580992937128145,0,2.0,0,0,0,0.0
1,1,1,23834,7689,6.580879588838034,0,1.0,0,0,28,70.08108108108108
1,1,1,6395,1667,6.541937622402057,0,1.0,0,0,0,200.0
0,1,1,36839,301,5.959744870101502,0,1.0,0,0,0,0.0
1,1,1,6372,3879,6.578501366159504,0,1.0,0,1,0,28.333333333333332
0,1,1,2805,1104,6.578320173673383,0,1.0,0,0,0,0.0
1,1,1,4533,3544,6.578154983671609,0,1.0,0,0,0,0.0
0,1,1,0,1,6.445446412677616,0,1.0,0,1,0,295.0
1,1,1,1052,2,6.179492727986766,0,1.0,0,0,1,110.78571428571428
1,1,1,-94,1193,6.575646174383196,0,1.0,0,0,0,0.0
1,1,1,877,15851,6.3758754376985305,0,1.0,0,0,0,0.0
0,1,1,11432,30656,6.564947610487335,0,1.0,0,0,0,0.0
0,1,1,18788,6423,6.573794480971784,0,1.0,0,0,0,0.0
0,1,1,740,187,6.571231675181736,0,1.0,0,0,0,0.0
1,1,1,7551,503,6.570913780284785,0,2.0,0,0,0,0.0
0,1,1,22242,8695,6.353870817575327,0,1.0,0,0,0,0.0
1,1,1,75735,12469,6.568935049329326,0,1.0,0,0,46,33.0
1,1,1,5852,24050,6.56837458212016,0,3.0,0,0,0,0.0
0,1,1,36,2,6.358041064995917,0,1.0,0,0,0,0.0
1,1,1,1034,275,6.5677190506475505,0,1.0,0,0,0,0.0
1,1,1,112,496,6.567642618979743,0,1.0,0,0,0,0.0
1,1,1,982,7052,6.567440955988895,0,1.0,0,0,0,0.0
1,1,1,58515,769,6.565140844446826,0,1.0,0,0,0,0.0
0,1,1,55044,400,6.5650926785533485,0,1.0,0,3,4,124.2
1,1,1,32904,6665,6.564295026006894,0,1.0,0,0,0,0.0
1,1,1,2238,7070,6.561652841556872,0,1.0,0,0,0,0.0
1,1,1,26484,4994,6.561281457167691,0,2.0,0,0,0,0.0
1,1,1,16364,1856,6.559461071587039,0,2.0,0,3,2,62.34883720930232
0,1,1,4631,19,6.24271645222435,0,6.0,0,8,36,75.29411764705883
1,1,1,863,3633,6.557534689352649,0,1.0,0,0,32,72.75
0,1,1,95114,45976,6.557505853192738,0,1.0,0,0,26,336.4
1,1,1,6591,115,6.5567780411918255,0,1.0,0,0,0,0.0
0,1,1,14646,323,6.518609612667476,0,1.0,0,0,0,0.0
1,1,1,13003,7853,6.338054342304711,0,1.0,0,1,0,97.5
1,1,1,8721,2982,6.554186240801428,0,1.0,0,0,0,0.0
1,1,1,9787,259,6.554175593603922,0,5.0,0,0,0,0.0
0,1,1,5591,494,6.220594554488147,0,2.0,0,0,0,0.0
0,1,1,13839,3441,6.550918628562221,0,1.0,0,2,1,20.6
1,1,1,21529,292,6.552286825129768,0,1.0,0,3,30,89.0952380952381
1,1,1,3535,106,6.551415561155321,0,1.0,0,0,0,0.0
0,1,1,1521,213,5.1051494319186235,0,2.0,0,0,0,25.0
1,1,1,-7,1,6.549751049278625,0,1.0,0,0,0,0.0
0,1,1,118475,52,6.549702439751918,0,4.0,0,0,0,0.0
0,1,1,39052,9205,6.549056002760513,0,1.0,0,0,0,77.0
1,1,1,97,35,6.548323088977462,0,1.0,0,0,0,0.0
1,1,1,29962,851,6.547948028770095,0,2.0,0,0,42,61.4
1,1,1,27943,99,6.547193250206453,0,1.0,0,0,0,0.0
1,1,1,715,1,6.545968252107738,0,1.0,0,0,0,0.0
1,1,1,29198,145,6.5456573285901065,0,3.0,0,0,0,0.0
1,1,1,40,1,6.303945506398305,0,1.0,0,0,0,0.0
0,3,2,94677,197,6.544674966179784,0,25.0,0,24,51,226.6176470588235
0,1,1,11,1,6.545000592970161,0,1.0,0,0,0,0.0
1,1,1,3762,667,6.54325977617801,0,1.0,0,0,0,0.0
0,1,1,31926,37603,6.542462979209926,0,1.0,0,0,0,0.0
0,1,1,35673,8555,6.54246291583375,0,1.0,0,2,42,53.27586206896552
0,1,1,3532,407,5.284244325066391,0,1.0,0,0,0,0.0
0,1,1,2376,607,6.540146199733666,0,1.0,0,0,0,0.0
0,1,1,24168,2971,6.54117580908292,0,4.0,0,2,42,65.0
0,1,1,21736,7435,6.5408293315307615,0,2.0,0,0,0,0.0
0,1,1,46679,5918,6.538661486067228,0,1.0,0,0,0,0.0
0,1,1,11399,1,6.538530424136029,0,5.0,0,8,50,112.58064516129032
0,1,1,8610,15,6.537802326942326,0,1.0,0,0,0,0.0
1,1,1,75,16,6.5371487918192495,0,3.0,0,0,0,0.0
0,1,1,57341,9539,6.534628036121731,0,1.0,0,0,0,0.0
0,1,1,10914,180,6.533781615608131,0,1.0,0,0,0,0.0
1,1,1,15475,4887,6.5321794658882535,0,1.0,0,0,0,0.0
0,1,1,342,2,6.531700595505208,0,1.0,0,0,0,0.0
0,1,1,63474,285,6.105774352698404,0,1.0,0,0,0,0.0
0,1,1,539,133,6.5286846817475075,0,1.0,0,0,0,0.0
0,1,1,1639,508,6.527920396757521,0,1.0,0,0,0,0.0
0,3,2,1329,148,6.189964785430931,0,23.0,0,439,54,183.10925449871465
1,1,1,19854,1253,6.521664597837451,0,1.0,0,0,3,19.875
1,1,1,871,66,6.45397529320085,0,1.0,0,0,0,0.0
1,1,1,764,79,6.486112844852434,0,3.0,0,0,0,0.0
1,1,1,67658,1,6.526153690797625,0,5.0,0,3,45,65.57142857142857
1,1,1,203,1,6.5260263997488765,0,2.0,0,0,0,0.0
1,1,1,11790,12125,6.2366141504016515,0,1.0,0,0,0,0.0
1,1,1,2012,307,6.524006347526908,0,1.0,0,0,0,0.0
0,1,1,328,67,6.523500954214362,0,1.0,0,0,0,0.0
0,1,1,9771,13802,6.523165187235884,0,1.0,0,0,0,0.0
0,1,1,5603,743,6.4438529454938,0,1.0,0,5,24,189.0
1,1,1,23021,4018,6.518273560496208,0,3.0,0,0,0,0.0
0,1,1,75,417,6.502372985040534,0,2.0,0,0,0,0.0
0,1,1,3782,201,6.521631388721422,0,1.0,0,0,0,0.0
0,1,1,20899,2181,6.521012932311556,0,1.0,0,0,0,0.0
0,1,1,598,170,6.520854555248661,0,3.0,0,0,0,0.0
1,1,1,9214,105,6.520174021874767,0,1.0,0,0,0,0.0
1,1,1,31851,702,6.516271285291503,0,1.0,0,0,0,0.0
0,1,1,52940,22142,6.518356076276876,0,1.0,0,0,0,0.0
0,1,1,1539,1137,6.361889266380053,0,1.0,0,0,0,0.0
1,1,1,11341,11079,6.517424604935583,0,1.0,0,0,0,0.0
0,1,1,63401,290,6.514987379037542,0,1.0,0,0,0,0.0
1,1,1,6923,5127,6.363890432501684,0,2.0,0,0,0,73.0
1,1,1,381,11,6.513478867617156,0,1.0,0,0,0,0.0
0,1,1,26256,6997,6.512947426696426,0,1.0,0,0,0,0.0
1,1,1,170262,55366,6.5124962833902185,0,1.0,0,2,19,76.8
0,1,1,2875,262,6.411985376350392,0,6.0,0,5,0,56.8936170212766
0,1,1,16245,9690,6.5123768509872475,0,2.0,0,0,0,0.0
0,1,1,79108,18081,6.433584800894718,1,1.0,0,0,0,0.0
1,1,1,2531,26,6.5118073526730536,0,1.0,0,0,0,0.0
1,1,1,115,5,6.511713207364158,0,1.0,0,1,0,579.2
1,1,1,10011,244,6.492384677944937,0,1.0,0,0,0,0.0
0,1,1,2440,2314,6.5076664167336915,0,1.0,0,0,0,0.0
1,1,1,105925,451,6.509047890610032,0,1.0,0,0,0,0.0
1,1,1,119,4,6.508249002228153,0,1.0,0,0,0,0.0
1,1,1,5306,1,6.507867477650872,0,7.0,0,0,0,0.0
1,1,1,1559,5,6.507513775214692,0,1.0,0,0,0,0.0
0,1,1,14664,5071,6.469441520036858,0,2.0,0,0,0,0.0
0,1,1,7130,4935,6.506528117243236,0,1.0,0,0,0,0.0
0,1,1,4880,3107,6.505481808271704,0,1.0,0,0,0,0.0
0,1,1,926,3,5.369361254110425,0,1.0,0,0,0,13.0
1,1,1,25378,38,6.505189453973532,0,2.0,0,23,36,84.4776119402985
0,1,1,68157,4025,6.381810489793747,0,1.0,0,0,0,0.0
1,1,1,29426,3365,6.504866140413566,0,4.0,0,0,0,42.0
0,1,1,4939,205,6.504573310794076,0,1.0,0,1,19,79.0
0,1,1,2392,811,5.301917690594822,0,1.0,0,0,0,0.0
0,1,1,7001,4934,6.500137770702308,0,1.0,0,0,0,0.0
1,1,1,951,1853,6.500092995434227,0,2.0,0,1,0,185.0
0,1,1,1031,480,6.499711977866351,0,1.0,1,0,0,37.84
0,1,1,18549,17,6.4969729229318816,0,1.0,0,0,0,35.0
0,1,1,197,126,6.4963142543385795,0,1.0,0,0,0,0.0
1,1,1,3058,350,6.498981884323116,0,1.0,0,0,0,0.0
1,1,1,30342,28807,6.498070534917584,1,1.0,0,9,45,23.83157894736842
1,1,1,1333,81,6.498048194815675,0,1.0,0,0,0,0.0
0,1,1,50382,974,6.497669743982912,0,2.0,0,0,0,0.0
1,1,1,0,1,6.482394437875984,0,1.0,0,1,0,209.0
1,1,1,241,50,6.495606754401956,0,1.0,0,0,0,0.0
1,1,1,19141,13510,6.495505859530356,0,1.0,0,0,0,0.0
1,1,1,9643,97,6.494881984457473,0,2.0,0,0,0,0.0
1,1,1,34228,2398,6.120525759649503,0,2.0,0,17,30,157.0
1,2,2,634,65,6.491412107153749,0,14.0,0,19,52,193.16216216216216
1,1,1,9238,32318,6.491230756227189,0,2.0,0,0,0,0.0
1,1,1,30,3,6.490977758534082,0,2.0,0,0,0,0.0
1,1,1,17,1,6.490866945290996,0,1.0,0,1,0,68.0
1,1,1,1510,1,6.490677925847185,0,1.0,0,0,0,0.0
0,1,1,51754,15345,6.490668039163788,0,2.0,0,0,0,0.0
1,1,1,1211,1,6.490251404185209,0,1.0,0,0,0,0.0
1,1,1,11605,1226,6.468364917253377,0,1.0,0,0,0,0.0
1,1,1,887,361,6.488941133442187,0,9.0,0,1,0,187.0
0,1,1,6358,74,6.488159261563463,0,2.0,0,0,0,0.0
0,1,1,1674,60,6.467158298245594,0,1.0,0,0,0,0.0
0,1,1,1295,236,5.272530094579916,0,1.0,0,0,0,0.0
0,1,1,118,1,6.469121343597585,0,1.0,0,0,0,0.0
0,1,1,45731,13098,6.486157556744339,0,1.0,1,1,4,39.53846153846154
0,1,1,9371,9935,6.485849136585645,0,1.0,0,0,0,0.0
0,1,1,3637,642,6.485349859074047,0,1.0,0,0,0,0.0
0,1,1,3492,315,6.429996346766393,0,2.0,0,1,0,474.0
1,1,1,6205,24845,6.484960412474813,0,1.0,0,0,0,0.0
0,1,1,194,59,6.484943015714602,0,1.0,0,0,0,0.0
1,1,1,4999,841,6.483541958599993,0,9.0,0,0,0,0.0
0,1,1,9909,383,6.48345836542434,0,2.0,0,0,0,0.0
1,1,1,335,181,6.446779942477094,0,1.0,0,0,0,0.0
0,1,1,38821,65,6.48170883440804,0,2.0,0,2,13,56.0
0,1,1,620,1,6.480678654673206,0,1.0,0,0,0,0.0
0,1,1,2426,68,6.480606374144902,0,1.0,0,0,0,0.0
1,1,1,2882,43,6.480291236111591,0,1.0,0,1,0,101.75
0,1,1,3046,123,6.4799759713259295,0,1.0,0,0,0,0.0
1,4,2,23868,100,6.479375577126117,0,36.0,0,5,47,87.5
1,1,1,894,15,6.478253311808095,0,1.0,0,0,0,0.0
0,1,1,5590,19,5.768224729152887,0,1.0,0,0,0,0.0
1,1,1,9,3,6.472454740307094,0,1.0,0,0,0,0.0
1,1,1,23072,32,5.878485300298982,0,1.0,0,3,13,53.57142857142857
0,1,1,8153,12343,6.472195721877302,0,1.0,0,0,0,0.0
0,1,1,14182,1554,6.030941317233096,0,1.0,0,1,0,8.0
1,1,1,8468,143,6.471499312771413,0,8.0,0,6,40,90.25
1,1,1,3827,559,6.470233183534716,0,2.0,0,0,0,0.0
1,1,1,136,138,6.101504953251044,0,3.0,0,0,0,0.0
1,1,1,14863,229,6.469773991454203,0,1.0,0,0,0,0.0
0,1,1,327,11,6.469751809792733,0,3.0,0,1,0,175.0
1,1,1,5845,1,6.469384766671583,0,2.0,0,0,0,0.0
0,1,1,180,15,6.468833013686565,0,2.0,0,0,0,0.0
1,1,1,2540,45008,6.468379874030824,0,1.0,0,0,0,0.0
1,1,1,3800,4741,6.468368402943036,0,1.0,0,0,0,0.0
1,1,1,31721,2860,6.415559317334498,0,6.0,0,11,46,63.87096774193548
1,1,1,19675,627,6.466564843737013,0,1.0,0,0,0,0.0
1,1,1,3188,19,6.466380989451515,0,1.0,0,1,0,106.0
0,1,1,22690,194,6.466044303518491,1,1.0,0,0,0,0.0
1,1,1,12664,6989,6.46565583924998,0,1.0,0,1,0,6.0
1,1,1,23195,1691,6.464443928331532,0,1.0,0,0,0,9.0
1,1,1,1735,994,6.463983310287067,0,1.0,0,0,0,0.0
0,1,1,231,1,6.463740674598675,0,1.0,0,0,0,0.0
0,1,1,2054,5,6.46302274928116,0,3.0,0,0,0,0.0
1,1,1,838,1012,6.4626695538543855,0,1.0,0,0,0,0.0
0,7,3,28491,77,6.461145135013916,0,259.0,0,265,51,81.42412451361868
0,1,1,124072,7,6.460120088749307,0,1.0,0,0,0,0.0
1,1,1,3202,257,6.459982879329073,0,1.0,0,0,0,0.0
1,1,1,10827,4816,6.454626451717341,0,1.0,0,0,0,0.0
1,1,1,46,441,6.428260093058888,0,1.0,0,0,0,0.0
1,1,1,9588,666,6.4556227251982135,0,1.0,0,0,0,0.0
1,2,2,108123,514,6.4555234147310046,0,16.0,0,14,52,90.28260869565216
1,1,1,77,216,6.455031235351077,0,1.0,0,0,0,0.0
0,1,1,52942,4300,6.453023351354829,0,8.0,0,3,20,93.2
0,1,1,2038,92,6.453009440284278,0,1.0,0,0,0,0.0
0,1,1,5382,3284,6.452767089788677,0,1.0,0,0,0,0.0
0,1,1,645,1631,6.452188972314597,0,1.0,0,1,1,92.0
1,1,1,39478,8953,6.450845967776863,0,1.0,0,0,0,0.0
1,1,1,15704,6086,6.450722701115267,0,2.0,0,0,48,79.0
1,1,1,13962,488,6.4504123479832165,0,1.0,0,0,0,0.0
0,1,1,2437,418,6.450196076783886,0,1.0,0,0,0,0.0
1,1,1,2479,12218,6.449653671784773,0,1.0,0,0,0,0.0
1,1,1,20,7,6.449421968486677,0,1.0,0,0,0,0.0
1,1,1,5024,346,6.448807631528227,0,1.0,0,0,0,0.0
1,1,1,264,4106,5.911173876109563,0,1.0,0,1,0,480.0
1,1,1,43640,5777,6.4479132352496755,0,4.0,0,8,43,37.48648648648648
1,1,1,18101,2890,6.447360404869672,0,1.0,0,2,23,99.0
1,1,1,17632,921,6.445202699594239,0,2.0,0,5,15,79.1
0,1,1,506,3185,6.444428052599537,0,1.0,0,0,0,0.0
1,1,1,44,876,6.195744756024386,0,1.0,0,0,0,0.0
0,1,1,65126,2282,6.442773839351381,0,1.0,0,0,0,0.0
0,1,1,16374,3707,6.442336321922933,0,1.0,0,0,0,0.0
0,1,1,6068,227,6.1645335739319576,0,1.0,0,0,0,0.0
0,1,1,82,1,6.441749838793671,0,2.0,0,1,0,151.0
1,1,1,10052,5789,6.416102387783455,0,1.0,0,0,0,0.0
1,1,1,1746,85,6.405930067961922,0,1.0,0,3,34,30.0
1,1,1,6769,11,6.433604764390041,0,1.0,0,0,0,0.0
1,1,1,46,1,6.44073860853535,0,1.0,0,0,0,0.0
0,1,1,2,10,6.440529308715338,0,1.0,0,1,0,19.0
1,1,1,1271,1509,6.439741004154788,0,1.0,0,0,0,0.0
1,3,2,8279,1,6.438752874512484,0,20.0,0,0,0,0.0
0,1,1,920,2466,6.438407822924277,0,1.0,0,0,0,0.0
1,1,1,11270,17498,6.038536381496538,0,1.0,0,0,0,0.0
1,1,1,6289,96,6.436050641136054,0,1.0,0,0,0,0.0
0,1,1,2283,922,6.425470495624355,0,1.0,0,0,0,0.0
0,1,1,577,112,6.433500130324079,0,1.0,0,0,0,0.0
0,1,1,28784,5672,5.910372516056834,0,1.0,0,12,31,79.87096774193549
1,1,1,162,1,6.432088204195349,0,1.0,0,0,0,0.0
0,1,1,1027,802,6.433433933908636,0,1.0,0,0,0,0.0
1,1,1,1940,8,6.432707199302708,0,2.0,0,1,0,290.0
0,1,1,1,5,5.153346569850532,0,1.0,0,1,0,668.0
0,1,1,142,204,6.432096696602883,0,1.0,0,0,0,0.0
1,1,1,9184,3,6.431634113896974,0,1.0,0,0,0,0.0
0,1,1,12969,30,6.430488494458234,0,3.0,0,2,28,79.22222222222223
1,1,1,54,12,6.430323748089688,0,1.0,0,0,0,0.0
1,1,1,27560,24460,6.430005884880826,0,1.0,0,0,0,0.0
1,1,1,6035,14,6.428368212814509,0,7.0,0,0,0,0.0
1,1,1,6663,95,6.428308892714121,0,1.0,0,0,0,0.0
0,1,1,7975,686,6.427815002177452,0,1.0,0,0,0,0.0
1,1,1,7071,2678,6.004310267977132,0,2.0,0,4,14,197.5
1,1,1,159723,2568,6.427608839478133,0,4.0,0,0,13,128.25
1,2,2,4301,3,6.423085333254593,0,12.0,0,1,0,216.0
1,1,1,1613,1135,6.425161917025222,0,1.0,0,0,0,0.0
0,1,1,29279,817,5.852654945645903,0,1.0,0,0,0,0.0
1,1,1,12,9,6.42255468453606,0,1.0,0,0,0,0.0
0,1,1,9570,1001,6.421781273376783,0,1.0,0,0,0,0.0
1,1,1,283097,506293,6.4210833115545904,1,5.0,0,1,0,162.5
0,1,1,3670,11818,6.420609479577507,1,1.0,0,0,0,0.0
0,1,1,549,1,6.417770607166424,0,1.0,0,0,0,0.0
0,1,1,953,1247,6.420282902144496,0,4.0,0,0,0,0.0
1,1,1,31978,576,6.420158684840265,0,2.0,0,0,0,0.0
1,1,1,5882,287,6.419206172608663,0,1.0,0,0,0,0.0
0,1,1,272258,6284,6.417881357033334,1,1.0,0,0,0,0.0
0,2,2,64920,11039,6.345155294214869,0,13.0,0,0,0,0.0
0,1,1,1332,1,6.416859796458386,0,1.0,0,0,0,73.0
1,1,1,6684,8501,6.416202775645649,0,2.0,0,0,0,0.0
1,1,1,901,1030,6.415618320554008,0,1.0,0,0,0,0.0
1,1,1,25687,1137,6.414340181532029,0,1.0,0,0,0,0.0
0,1,1,4348,177,6.413905642783835,0,1.0,0,0,0,0.0
1,1,1,25,9,6.248148994623011,0,1.0,0,0,0,0.0
1,1,1,341,1,6.410596867718557,0,2.0,0,0,0,0.0
0,1,1,2082,1053,6.41031459023231,0,1.0,0,0,0,0.0
0,1,1,4780,7365,6.40818496060268,0,1.0,0,0,0,0.0
1,1,1,4169,28,6.408116641085353,0,2.0,0,0,0,0.0
0,1,1,1150,1,6.406275024485866,0,1.0,0,0,0,0.0
0,2,2,10290,5294,6.405569489210686,0,19.0,0,5,27,156.07692307692307
1,1,1,8760,32,5.924143176690089,0,1.0,0,0,0,0.0
1,1,1,15661,1,6.368786970894972,0,1.0,0,0,0,0.0
1,1,1,4804,1,6.4041161784392715,0,2.0,0,0,0,0.0
0,1,1,15214,2498,6.403257051002457,0,1.0,0,0,0,0.0
1,1,1,3293,65,6.402365918596951,0,1.0,0,0,45,183.1428571428571
1,1,1,11549,71603,6.401134994825815,0,1.0,0,0,0,0.0
0,1,1,191,115,6.399858028263085,0,1.0,0,0,0,0.0
1,1,1,3475,3,6.398199378682635,0,2.0,0,0,0,0.0
1,1,1,3708,213,6.3978317968639935,0,1.0,0,0,0,0.0
0,1,1,6238,506,6.39621291583375,0,1.0,0,0,0,0.0
1,1,1,9165,2042,6.395641896491341,0,2.0,0,0,0,0.0
0,1,1,91177,374,6.393646465913604,0,3.0,0,1,0,77.5
1,1,1,536,1,6.180226243843484,0,7.0,0,0,0,0.0
1,1,1,17234,15714,6.392253711078002,0,1.0,0,0,0,0.0
1,1,1,378,7,6.392015733538519,0,1.0,0,2,1,185.0
1,1,1,27848,146,6.390986250941617,0,2.0,0,0,0,0.0
1,1,1,39756,37,6.390322385501912,1,1.0,0,0,0,0.0
0,1,1,5670,516,6.332714550939081,0,1.0,0,0,0,0.0
1,1,1,3625,6648,6.389807866020076,0,1.0,0,0,0,0.0
0,2,2,6379,64,6.389491016830023,0,10.0,0,10,52,55.73170731707317
0,1,1,18743,3990,6.389370728848681,0,1.0,0,0,0,0.0
0,1,1,21065,42579,6.3889684168857945,0,1.0,0,0,0,0.0
0,1,1,28966,646,6.388008457953556,0,1.0,0,0,0,0.0
0,1,1,112,1,6.387483101145688,0,1.0,0,0,0,0.0
0,1,1,751,1,6.387361387200394,0,1.0,0,0,0,35.0
0,1,1,880,29,6.37247321446229,0,1.0,0,0,0,0.0
0,1,1,16903,1287,6.386740997817171,0,1.0,0,3,17,81.0
0,1,1,54278,8153,6.371165447078204,0,1.0,0,1,0,8.0
1,1,1,683,3,5.067297852584327,0,1.0,0,1,0,120.0
1,1,1,314097,3263,6.3812454911880225,0,6.0,0,1,0,10.0
1,1,1,1975,384,6.38420563391117,0,1.0,0,0,0,0.0
1,1,1,14436,1079,6.3839263984813535,0,1.0,0,1,0,138.66666666666666
1,1,1,488,51,6.2315496968310375,0,2.0,0,0,0,0.0
0,1,1,199,2392,6.382352419471543,0,1.0,0,0,0,0.0
0,1,1,625,1,6.381774333685551,0,1.0,0,0,0,0.0
1,4,2,18965,7632,6.3780558950210136,0,31.0,0,37,53,50.742574257425744
1,1,1,68324,18099,6.3797082703600765,1,2.0,0,0,0,0.0
1,1,1,2152,2992,6.379261816890865,0,1.0,0,0,0,0.0
1,2,2,1120,1,6.379106069939259,0,13.0,0,1,0,98.0
1,1,1,9851,1990,6.379034518236975,0,1.0,0,0,0,137.0
1,1,1,25451,1249,6.346506410903084,0,1.0,0,0,0,0.0
0,1,1,4514,9907,6.377625253907621,0,1.0,0,0,0,0.0
1,1,1,4701,3426,6.376678920853143,0,1.0,0,0,0,0.0
0,1,1,8761,773,6.312935511975408,0,1.0,0,1,0,57.833333333333336
1,1,1,11361,64,6.367082943972772,0,1.0,0,2,7,52.8
1,3,2,30246,6624,6.375786172355158,0,21.0,0,0,0,0.0
1,1,1,4437,18,6.372416777977893,0,1.0,0,0,0,0.0
0,1,1,862,1,6.370440803886074,0,1.0,0,0,0,0.0
1,1,1,678,66,6.370413266937763,0,1.0,0,1,0,124.66666666666669
1,1,1,4199,101,6.365620918977208,0,1.0,0,0,0,0.0
0,1,1,571,3,6.365684960602681,0,2.0,0,0,0,0.0
1,1,1,29320,1460,6.365545818209089,0,1.0,0,1,0,90.0
1,4,2,4352,456,6.365509281843839,0,32.0,1,80,54,29.05128205128205
0,1,1,10061,431,6.360237493114658,0,1.0,0,0,0,0.0
1,1,1,13263,26413,6.364925935835271,0,1.0,0,0,0,0.0
0,1,1,42,1,6.191981668844118,0,1.0,0,0,0,0.0
1,1,1,1501,1,6.3641802200647435,0,2.0,0,0,0,0.0
0,1,1,15405,106,6.363727397289881,0,1.0,0,1,0,66.5
0,1,1,5,1,6.249653323215807,0,1.0,1,1,1,203.0
0,1,1,5094,141,6.360505352520951,0,3.0,0,0,0,0.0
1,1,1,32921,147,6.359693535399243,0,1.0,0,3,18,63.8
0,1,1,23188,10486,6.359577493621668,0,4.0,0,0,0,0.0
1,1,1,3184,25,5.2253227974470535,0,1.0,0,1,0,5.0
0,1,1,3611,8815,6.3586095809793886,0,1.0,0,0,0,0.0
1,1,1,41299,58,6.357885286356224,0,3.0,0,1,0,129.0
1,1,1,42,89,6.074950430727151,0,1.0,0,0,0,0.0
1,1,1,10630,770,6.357544449283695,0,1.0,0,0,0,0.0
0,1,1,51272,2359,6.356934390217099,0,2.0,0,0,22,114.71428571428572
0,1,1,2178,252,6.356356653000074,0,2.0,0,0,0,0.0
0,1,1,39183,2049,6.2111974203588085,0,2.0,0,0,0,0.0
0,1,1,727,397,6.3558026818489095,0,1.0,0,0,0,0.0
0,1,1,220,69,6.355705336043145,0,1.0,0,0,0,0.0
0,1,1,45555,3254,6.157860886528606,0,3.0,0,0,0,0.0
1,1,1,59992,5269,6.354445005726517,0,4.0,0,0,0,0.0
0,1,1,815,22,6.353364727124849,0,3.0,0,1,18,55.0
1,1,1,11641,41,6.2154066758154976,0,3.0,0,7,51,123.08333333333331
0,1,1,117275,35630,6.351820218036706,0,1.0,0,0,0,0.0
1,1,1,-91,944,6.351436475293278,0,2.0,0,1,0,268.0
1,1,1,120,496,6.339038701064566,0,2.0,0,0,0,0.0
1,1,1,10177,1489,6.349748070598371,0,1.0,0,0,0,0.0
0,1,1,76776,2844,6.349116748824852,0,1.0,0,1,0,78.0
0,1,1,1234,1595,6.349027008160163,0,1.0,0,0,0,15.0
1,1,1,9049,16476,6.348935841531522,0,1.0,0,0,0,0.0
1,2,2,7538,179,6.2009843496563475,0,14.0,0,5,20,203.8181818181818
0,1,1,1559,1,6.348209804063527,0,1.0,0,0,0,0.0
0,1,1,1254,1,6.348132231624558,0,1.0,0,2,2,56.333333333333336
0,1,1,6213,18513,6.3477195893450435,0,1.0,0,0,0,0.0
1,1,1,290,79,6.347624271576899,0,1.0,0,0,0,0.0
1,1,1,340,1,6.331596405072475,0,1.0,0,0,0,0.0
0,1,1,248,76,6.343637022863436,0,1.0,0,0,0,0.0
0,1,1,5052,8826,6.3433028719774365,0,1.0,0,0,0,0.0
0,1,1,16235,1237,6.342968119017769,0,2.0,0,0,0,0.0
1,1,1,3287,4905,6.342775582196211,0,1.0,0,1,0,4.0
1,6,3,15925,1,6.342706375412425,0,87.0,0,51,32,160.92156862745097
0,1,1,418,88,5.809289829160492,0,1.0,0,0,0,0.0
0,1,1,32879,10639,6.340810286989985,0,1.0,0,0,0,0.0
0,1,1,81,11,6.340210748368544,0,1.0,0,0,0,0.0
0,1,1,11137,7245,5.3477215223184,0,2.0,0,0,0,0.0
0,1,1,3762,2924,6.3189684802619706,0,1.0,0,1,9,60.285714285714285
0,1,1,3743,1,6.3377193041522535,0,1.0,0,0,0,0.0
1,1,1,4587,3735,6.337604720026718,0,1.0,0,0,0,0.0
0,1,1,2861,1,6.336453143227468,0,1.0,0,1,0,24.0
1,1,1,31607,2577,6.336370120437396,0,3.0,0,0,0,0.0
0,1,1,16554,1,6.335702832684207,0,9.0,0,7,52,35.515151515151516
0,1,1,286,134,6.3352601500974455,0,1.0,0,1,0,90.0
0,1,1,103523,21744,6.334458378099575,1,3.0,0,2,19,137.5
1,1,1,12512,31489,6.004004889874868,0,1.0,0,0,0,0.0
1,1,1,1413,259,6.331979260549445,0,1.0,0,0,0,0.0
1,1,1,8597,8764,6.283921138258776,0,1.0,0,0,0,0.0
1,1,1,19404,370,5.929543523991532,0,4.0,0,6,46,59.07142857142857
1,1,1,1692,14,6.330587392980301,0,1.0,0,0,0,0.0
1,1,1,9796,4203,5.91252873199214,0,3.0,0,0,0,0.0
1,1,1,27579,3727,6.329151795849974,0,2.0,0,0,0,0.0
0,1,1,21705,178,6.32860853527249,0,1.0,0,0,0,0.0
0,1,1,39328,129,6.085091664534539,0,2.0,0,1,0,408.5
1,1,1,17136,78,6.327429389836842,0,1.0,0,0,0,0.0
1,1,1,2487,152,6.327337938015411,0,3.0,0,0,0,0.0
1,7,3,21383,1793,6.209664794303595,0,157.0,0,155,50,90.36971830985917
1,1,1,21694,3363,6.326154324559382,0,5.0,0,0,0,0.0
1,1,1,12653,1837,6.324928058937155,0,1.0,0,5,32,126.0
1,1,1,40266,4878,6.324162791616446,0,1.0,0,1,0,102.0
0,1,1,811,12554,6.32028936651441,0,1.0,0,0,0,0.0
1,1,1,12583,3594,6.318667189923034,0,1.0,0,0,0,0.0
0,1,1,68141,287,6.317695664838744,0,1.0,0,0,0,0.0
1,1,1,17242,1208,6.317093401041751,0,1.0,0,0,0,0.0
0,1,1,404,91,6.316341442717924,0,3.0,0,0,0,0.0
1,1,1,318,176,5.986775949778029,0,1.0,0,0,0,48.0
1,1,1,2327,1167,6.315644748419245,0,3.0,0,0,0,0.0
1,1,1,14336,825,6.306478018376402,0,1.0,0,0,0,0.0
1,1,1,62,56,6.314788282781807,0,2.0,0,0,0,0.0
0,1,1,727,91,6.313777781349505,0,1.0,0,0,0,0.0
0,1,1,1838,84,6.289275918089942,0,1.0,0,0,0,0.0
0,1,1,21834,1458,6.313019612160467,0,1.0,0,0,0,0.0
1,1,1,246,1,6.311667418077267,0,1.0,0,0,0,0.0
1,1,1,33469,7316,6.309839015410397,0,1.0,0,0,0,0.0
1,1,1,3953,5156,6.309422570560345,0,3.0,0,1,1,88.0
0,1,1,9593,2009,6.308445912005829,0,1.0,0,0,0,0.0
0,1,1,3164,16,6.308098040177806,0,4.0,0,11,50,169.38095238095238
0,1,1,99756,470795,6.307572239736708,0,1.0,0,0,0,0.0
1,3,2,3338,1,6.3074173166753855,0,24.0,0,1,0,473.0
1,1,1,7,1,6.306974665776711,0,1.0,0,0,0,0.0
1,1,1,5840,1155,6.306945227543133,0,1.0,0,0,35,84.375
0,1,1,2045,203,6.077880374702612,0,1.0,0,1,0,256.0
1,1,1,48404,2628,6.306575364182167,0,2.0,0,0,0,0.0
0,2,2,91068,100,5.914862908228609,0,10.0,0,24,45,234.640350877193
0,1,1,5384,1152,6.30512962686374,0,1.0,0,0,0,0.0
1,1,1,18699,375,6.304641757063755,0,1.0,0,0,0,0.0
0,1,1,17199,425,6.304602242018251,0,1.0,1,0,0,0.0
0,1,1,42360,225,6.304545995662381,0,1.0,0,1,0,69.0
0,1,1,1029,69,6.303834281210078,0,1.0,0,0,0,53.0
1,1,1,6,1,6.303245484850406,0,1.0,0,0,0,0.0
1,1,1,13039,11952,6.195762659794,0,1.0,0,1,0,82.0
0,1,1,684,54,6.302187609726822,0,1.0,0,0,0,0.0
0,1,1,331,4200,6.300436874563184,0,1.0,0,0,0,0.0
1,1,1,3997,1,6.29707340585834,0,1.0,0,0,0,0.0
1,1,1,26836,2708,6.018186323190457,0,1.0,0,0,0,0.0
0,1,1,17760,275,5.800496448168275,0,1.0,0,0,0,0.0
1,1,1,77727,46556,6.296801934010037,0,4.0,0,0,0,0.0
0,1,1,649,112,6.296665073158769,0,1.0,0,0,0,0.0
1,1,1,55,21,6.296445506398305,0,1.0,0,0,0,0.0
0,1,1,525,131,6.014280069229446,0,1.0,0,1,0,59.0
1,1,1,851,1170,6.294153126749663,0,1.0,0,0,0,0.0
1,1,1,10486,27026,6.293418945443099,0,1.0,0,0,0,0.0
0,1,1,963,6594,6.292854485534868,0,3.0,0,1,0,140.0
1,1,1,27725,47511,6.292079268154586,0,1.0,0,0,0,0.0
0,1,1,21926,2311,6.27425928184384,0,1.0,0,0,0,0.0
1,1,1,533,469,6.177153766849036,0,1.0,0,0,0,0.0
1,1,1,11338,28,6.291694986713665,0,2.0,0,0,0,0.0
0,1,1,1964,1,6.291741473138488,0,2.0,0,1,0,233.0
1,1,1,420,5285,6.291447059114608,0,1.0,0,0,0,0.0
0,1,1,75,15,5.904401688110476,0,1.0,0,0,0,0.0
1,1,1,6372,181,5.498879024790071,0,1.0,0,0,0,0.0
1,1,1,8064,5185,6.290966097317766,0,1.0,0,0,0,0.0
1,1,1,9551,12312,6.289522863358276,0,1.0,0,0,0,0.0
1,1,1,16483,7644,6.289110759776255,0,1.0,0,0,0,0.0
0,1,1,347,1598,6.2826831480440575,0,1.0,0,0,0,0.0
0,1,1,1,1,6.288443725527769,0,1.0,0,0,0,0.0
0,1,1,2447,1737,6.286435492962556,0,1.0,0,0,0,0.0
1,1,1,0,1,5.875181468575404,0,1.0,0,0,0,0.0
1,1,1,1133,772,6.285755783478945,0,1.0,0,0,0,0.0
0,1,1,5031,5416,6.27400210132314,0,1.0,0,0,0,0.0
0,1,1,16355,12688,6.283939105404566,0,6.0,0,13,32,188.77272727272728
0,1,1,2726,143,5.910015898316575,0,1.0,0,0,0,0.0
0,1,1,-2,6,6.281268021418459,0,1.0,0,0,0,0.0
1,1,1,1523,287,6.280811269320707,0,4.0,0,0,0,0.0
0,1,1,15950,4239,6.087820832785609,0,1.0,0,1,0,7.0
0,1,1,62616,8060,5.78234535302796,0,3.0,0,0,0,141.0
1,1,1,55,44,6.2770480553880885,0,1.0,0,0,0,0.0
1,1,1,8268,4459,5.529799215172103,0,1.0,0,2,51,83.85714285714286
0,1,1,35421,7359,6.276383999819858,0,1.0,0,0,0,0.0
0,1,1,2330,587,6.275245034879558,0,1.0,0,0,0,0.0
1,1,1,41747,5252,6.25318597462149,1,1.0,0,0,0,0.0
1,1,1,6465,593,6.273646560977867,0,1.0,0,3,20,122.85714285714286
0,1,1,6923,1343,6.273289119347325,0,9.0,0,0,0,0.0
0,1,1,395,26,6.266259053689607,0,1.0,0,1,28,195.66666666666663
0,1,1,253,74,6.271287319463937,0,1.0,0,0,0,0.0
1,1,1,35576,5465,5.728278472149819,0,1.0,0,0,0,0.0
1,1,1,0,1,6.269917728620527,0,1.0,0,0,0,0.0
0,1,1,1,1,6.2699516031864,0,1.0,0,1,0,160.0
0,1,1,6,1,6.2699427622099,0,2.0,0,0,0,0.0
1,1,1,7776,2400,6.269379474760918,0,1.0,0,0,0,0.0
1,1,1,12086,867,6.257835726186882,0,2.0,0,0,1,78.0
1,1,1,-26,22,6.124601164623265,0,2.0,0,0,0,0.0
1,1,1,323,1096,6.266537750421931,0,1.0,0,0,0,0.0
1,1,1,5547,540,6.265320515904731,0,1.0,0,0,0,41.0
1,1,1,54265,18785,6.264056794962708,0,1.0,0,0,0,0.0
0,1,1,12304,77,6.264988805001494,0,1.0,0,0,0,0.0
1,1,1,123,5,6.264662386008922,0,1.0,0,1,0,111.5
1,1,1,6776,2989,6.263226883942858,0,1.0,0,0,0,0.0
0,1,1,52312,534,6.2628736568279955,0,2.0,0,0,0,0.0
0,1,1,28388,5705,6.262191729178237,0,1.0,0,4,48,81.6
1,1,1,1173,52,5.945981529416532,0,1.0,0,1,0,161.25
0,1,1,1242,494,5.609605981212613,0,1.0,0,0,0,0.0
0,1,1,1,1,6.260352679313862,0,1.0,0,0,0,0.0
0,1,1,18355,5214,6.237065737341089,0,1.0,0,0,0,0.0
0,1,1,132,1,6.258944302250968,0,1.0,0,1,0,120.0
0,1,1,4661,862,6.258747202344765,0,1.0,0,0,0,0.0
0,1,1,883,606,6.258308670897507,0,1.0,0,0,0,0.0
1,1,1,1377,2353,6.2581303620273765,0,2.0,1,2,15,98.91666666666669
1,1,1,14909,757,6.255916442084162,0,6.0,0,1,0,61.0
1,1,1,1580,518,6.255738228278296,0,1.0,0,0,0,0.0
0,1,1,85,9,6.0566022990568085,0,1.0,0,0,0,0.0
0,1,1,5234,143,6.25260367431982,0,1.0,0,0,0,0.0
0,6,3,48694,2609,6.252625792605114,0,64.0,0,46,53,113.51807228915662
0,3,2,9679,4908,6.252602913805712,0,28.0,0,0,0,0.0
0,1,1,7530,676,6.249985731256976,0,1.0,0,0,0,0.0
1,1,1,6,1,6.248158786242146,0,1.0,0,1,0,196.0
0,1,1,5901,1,6.2471421056327205,0,2.0,0,19,51,71.08510638297872
1,1,1,27863,418,6.2454919167717176,0,1.0,0,1,0,16.0
0,1,1,89,1,6.24500176542941,0,1.0,0,0,0,0.0
0,2,2,30674,793,6.244612350518263,0,13.0,0,0,0,0.0
0,1,1,5989,2071,6.243932102337159,0,1.0,0,0,0,0.0
1,1,1,321,147,6.243885615912337,0,2.0,0,0,0,0.0
1,1,1,15102,5788,6.243748089611223,0,3.0,0,0,0,0.0
1,1,1,943,1,6.2436389875248794,0,1.0,0,0,0,0.0
0,1,1,0,1,5.153888562904503,0,1.0,0,1,0,966.0
0,1,1,14381,1371,6.242079648411639,0,1.0,0,5,44,81.16666666666667
1,1,1,382,1,6.241480680175779,0,1.0,0,0,0,0.0
1,2,2,34459,118,6.240656282883209,0,15.0,0,0,0,0.0
1,1,1,4140,127,6.240000656346337,0,4.0,0,22,32,155.83333333333334
0,1,1,2145,1,6.239396871521128,0,5.0,0,25,38,50.10344827586207
0,1,1,26,1,6.239345726947396,0,1.0,0,1,0,52.0
0,7,3,10456,131,5.748962903158515,0,106.0,0,89,46,146.76227390180878
1,1,1,7660,98,6.234504420891168,0,1.0,0,1,26,60.333333333333336
0,1,1,196,9,6.23402298377301,0,1.0,0,0,0,0.0
1,1,1,645,1,6.233988031812151,0,1.0,0,0,0,0.0
1,1,1,180,60,6.233947185866959,0,1.0,0,0,0,30.5
1,1,1,17845,1199,6.233071612312569,0,1.0,0,9,41,51.72727272727273
1,1,1,3,1,5.27330702311694,0,1.0,0,0,0,0.0
1,1,1,4919,1,6.030737594516539,0,5.0,0,1,0,95.0
1,1,1,9910,45,6.2320010302657725,0,1.0,0,0,0,0.0
1,1,1,17530,6415,6.231031659971454,0,1.0,0,0,0,0.0
0,1,1,6844,38,5.124695531748775,0,1.0,0,2,28,73.92307692307692
1,1,1,1642,1,5.959548150452352,0,2.0,0,1,0,84.75
0,1,1,6149,74,6.230051230534488,0,1.0,0,0,0,0.0
1,1,1,2824,2855,5.9703538834612,0,1.0,0,0,0,0.0
0,1,1,9805,672,6.228161352977259,0,1.0,0,0,0,0.0
0,1,1,31469,5356,6.227974108066366,0,1.0,0,0,0,22.0
1,1,1,1393,345,6.227558392042334,0,1.0,0,0,0,0.0
0,1,1,10869,4906,6.227490516158236,0,1.0,0,0,25,63.21951219512195
1,1,1,14912,1041,6.22651734329338,0,6.0,0,0,0,0.0
0,1,1,2560,35,6.225837665497856,0,1.0,0,0,0,0.0
0,1,1,14,1,6.223395084312975,0,1.0,0,0,0,55.0
0,1,1,685,1,6.202858858490987,0,1.0,0,1,0,100.0
0,1,1,25050,948,6.222636820059673,0,3.0,0,0,0,0.0
1,1,1,19088,11995,6.2209272477221065,0,1.0,0,0,0,0.0
0,1,1,975,134,6.16303767437052,0,1.0,0,0,0,0.0
1,1,1,314,1835,6.219214126318705,0,2.0,0,0,0,0.0
1,1,1,101332,11038,6.21810916269663,0,1.0,0,0,0,0.0
1,1,1,-30,1,6.128868345904478,0,1.0,0,0,0,0.0
1,1,1,17995,9046,6.034482872991456,0,1.0,0,0,15,107.75
1,1,1,3994,290,6.156720907569497,0,8.0,0,59,53,109.2361809045226
1,1,1,10949,6,6.175917170910182,0,1.0,0,0,0,0.0
0,1,1,675,1,6.1171251208176525,0,1.0,0,0,0,0.0
1,1,1,1568,4903,6.2146106393615215,0,1.0,0,0,0,0.0
1,1,1,292,1,6.214590358985321,0,1.0,0,0,0,0.0
0,1,1,26859,857,6.2118321961339,0,1.0,0,0,0,0.0
1,1,1,96296,340,6.209472320858213,0,2.0,0,0,0,0.0
1,1,1,6341,39,6.20883295031039,0,1.0,0,0,0,0.0
1,1,1,27308,1,5.955276818031636,0,1.0,0,8,29,56.583333333333336
0,1,1,5465,120,6.207402043017059,0,1.0,0,0,0,0.0
1,1,1,845,1,6.207046027350469,0,1.0,0,0,0,0.0
0,1,1,14439,208,6.119557720254872,0,1.0,0,0,0,0.0
1,1,1,2700,6531,6.205104213017313,0,2.0,0,0,0,0.0
0,1,1,24870,11,6.204376527768751,0,1.0,0,0,0,0.0
0,1,1,1237,11360,6.198292858541687,0,1.0,0,0,0,0.0
1,1,1,4315,579,6.026571276418839,0,1.0,0,0,0,0.0
1,1,1,2850,1753,6.199385558873779,0,1.0,0,0,0,0.0
1,1,1,2377,28,6.198418691938397,0,1.0,0,0,0,0.0
0,1,1,16611,61,6.197882212611705,0,3.0,0,0,0,0.0
1,1,1,14693,564,6.196062080535755,0,4.0,0,0,0,0.0
0,1,1,757428,18007,6.1949557226378165,1,1.0,0,6,43,22.6
0,1,1,15370,9478,6.1933405808019355,0,1.0,0,4,32,51.375
0,1,1,11019,1053,6.193274954772073,0,1.0,0,0,0,0.0
0,1,1,-2,5,6.1905007260601295,0,1.0,0,0,0,0.0
0,1,1,32351,9471,6.18951643067645,0,1.0,0,0,0,0.0
1,1,1,3723,5982,6.187080155421044,0,1.0,0,0,0,0.0
0,1,1,1501,358,6.186866324204475,0,1.0,0,0,0,0.0
1,1,1,7733,3474,6.1855249357592195,0,1.0,0,6,35,84.6
1,1,1,6839,1345,6.118891319768143,0,1.0,0,0,0,0.0
1,1,1,18735,11404,6.18453281341785,0,4.0,0,0,0,0.0
1,1,1,5866,16,6.184493456812785,0,1.0,0,0,0,0.0
0,1,1,167,6,5.923244914464824,0,1.0,0,0,0,0.0
1,1,1,390,69,6.183900604377873,0,1.0,0,2,19,87.5
0,1,1,9035,646,6.181924123276648,0,3.0,0,1,0,130.0
1,1,1,115153,18595,6.1812256544450515,0,1.0,0,0,0,15.666666666666666
1,1,1,109,19,6.126193395971656,0,1.0,0,0,0,0.0
1,1,1,6640,11,6.180784334446066,0,1.0,0,0,0,0.0
0,1,1,2062,1579,6.1782696945494955,0,1.0,0,0,0,0.0
0,1,1,202,30,6.1740564780818294,0,1.0,0,0,0,0.0
1,1,1,286,278,6.176129956419853,0,1.0,0,0,0,0.0
0,1,1,42353,607,6.176104067252108,0,1.0,0,0,0,0.0
0,1,1,430,1,5.683062137574313,0,7.0,0,23,53,84.81958762886597
0,1,1,6709,1,5.193562397416633,0,1.0,0,0,0,0.0
1,1,1,7719,6,5.973674731687934,0,1.0,0,5,50,101.9047619047619
1,1,1,-6,1,6.149097894412603,0,1.0,0,0,0,0.0
0,1,1,194,1,6.114787237074909,0,1.0,0,0,0,0.0
0,1,1,6329,27192,5.203349833723577,0,1.0,0,1,0,24.0
0,1,1,26526,226,6.170716109993002,0,1.0,0,5,49,28.166666666666668
1,1,1,26943,3543,6.028647384868151,0,1.0,0,0,10,30.63157894736842
1,1,1,1042,114,6.169374341290692,0,2.0,0,0,0,259.0
1,1,1,2373,5,6.168996239026895,0,1.0,0,0,0,0.0
1,1,1,4020,1449,6.161496619283949,0,1.0,0,0,0,0.0
1,1,1,6976,243,6.167491023167641,0,1.0,0,1,0,70.0
0,1,1,538,194,6.166176157651885,0,1.0,0,0,0,0.0
1,1,1,10424,23,6.166093863687832,0,1.0,0,0,0,0.0
0,1,1,702,250,6.166076498615711,0,1.0,0,0,0,0.0
1,1,1,722,1479,5.853539360176793,0,1.0,0,0,0,0.0
1,1,1,20016,3547,5.928235281286129,0,1.0,0,0,0,0.0
0,1,1,10884,15319,5.880444416328084,0,2.0,0,2,12,248.0
0,1,1,28065,6617,6.164158767229293,0,1.0,0,1,16,78.8
1,1,1,32845,1,6.163791819172407,0,1.0,0,0,0,134.0
1,1,1,8487,1982,6.163529948814712,0,1.0,0,0,0,0.0
1,1,1,22554,34,6.160941570737799,0,1.0,0,0,0,0.0
0,1,1,-100,48,6.158293302174917,0,6.0,0,1,0,100.0
1,1,1,12311,1,6.159854067252109,0,5.0,0,13,53,74.97142857142858
1,1,1,50617,18868,6.15963139505904,0,1.0,0,0,0,0.0
0,1,1,3408,39,6.126659115798259,0,1.0,0,0,0,140.0
0,1,1,13096,3877,6.099382009807943,0,1.0,0,5,36,37.59090909090909
1,1,1,507,11457,6.157303334623519,0,1.0,0,0,0,0.0
0,1,1,2870,600,6.156842970083757,0,1.0,0,0,17,38.375
0,1,1,4106,4,6.1565351836868185,0,1.0,0,0,0,0.0
1,1,1,2586,94,6.156422342406113,0,8.0,0,32,50,183.56716417910448
1,1,1,1873,85,5.9580350442592325,0,1.0,0,1,0,123.0
0,2,2,2100,811,5.87677927702725,0,11.0,0,2,56,400.5
1,1,1,16490,406,6.133742670948207,0,1.0,0,0,0,0.0
0,1,1,399,554,6.154765023725352,0,2.0,0,0,0,0.0
1,1,1,23902,14136,5.453085301566506,1,3.0,0,6,51,50.911764705882355
1,1,1,1856,2947,6.154589947040179,0,1.0,0,2,14,146.33333333333334
0,1,1,648,235,6.154139374119551,0,1.0,1,0,30,80.42857142857143
0,1,1,1368,82,6.154042883892157,0,4.0,0,0,0,0.0
0,1,1,7889,851,6.1525181481708096,0,1.0,0,0,0,0.0
1,1,1,5904,6809,6.151805197883082,0,1.0,0,0,0,0.0
0,1,1,3284,521,6.149239381724692,0,1.0,0,0,0,0.0
0,1,1,1221,1,6.150317061903159,0,2.0,0,0,0,0.0
1,1,1,2263,207,5.332034651326944,0,1.0,0,0,0,1.0
1,1,1,4289,207,6.149824375513827,0,1.0,0,2,0,102.5
0,1,1,5459,3138,6.148720235782035,0,1.0,0,0,0,0.0
1,1,1,7493,41,6.148687248482621,0,2.0,0,0,0,0.0
0,1,1,1010,100087,6.148464386161025,0,1.0,0,0,0,0.0
1,1,1,668,153,6.145827525309755,0,1.0,0,0,0,22.0
0,1,1,41343,5314,6.142859207059952,0,1.0,0,0,0,0.0
0,1,1,960,1,5.956139304405758,0,1.0,0,0,0,0.0
1,1,1,19951,149423,5.057563303695945,1,4.0,0,1,0,144.0
1,1,1,10279,2587,6.13901689966015,0,1.0,0,0,0,0.0
0,1,1,21250,70,6.138543257811594,0,6.0,0,0,0,0.0
1,1,1,27145,450,6.138212307422464,0,4.0,0,0,0,0.0
0,1,1,35752,2976,6.137820959537961,0,3.0,0,17,48,81.70370370370371
0,1,1,986,29,6.137537129335411,0,2.0,0,0,0,0.0
0,1,1,697,126,6.135538466572716,0,2.0,0,0,0,0.0
0,1,1,850,74,6.1347959829871455,0,1.0,0,3,7,84.0
1,1,1,152,1,5.4687993609373065,0,1.0,0,0,0,0.0
1,1,1,1132,178,5.691824369176209,0,1.0,0,6,0,46.666666666666664
1,1,1,663,19,6.081251892181761,0,1.0,0,1,1,82.66666666666667
1,1,1,12205,315,6.132958200646283,0,4.0,0,5,20,134.14285714285714
1,1,1,34632,443,6.132071377820719,0,1.0,0,0,0,0.0
1,1,1,538,1,6.131788054627575,0,1.0,0,0,0,0.0
1,1,1,2860,785,6.12149703122909,0,1.0,0,2,41,41.5
1,1,1,206,1,6.127662328970364,0,1.0,0,0,0,0.0
0,1,1,2683,2784,6.128411023421146,0,1.0,0,0,0,0.0
0,1,1,742,1,5.555183496613023,0,1.0,0,13,50,180.14285714285714
1,1,1,262,73,6.127351183636118,0,1.0,0,0,0,0.0
1,1,1,155,4187,6.126643493570967,0,1.0,0,0,0,0.0
1,1,1,86781,7870,6.126452794658502,0,2.0,0,1,0,375.0
0,1,1,-76,1,6.126065534537327,0,1.0,0,0,0,0.0
0,1,1,1677,1,6.1237641237836575,0,1.0,0,0,0,0.0
0,1,1,151405,2286,6.124454290336247,0,1.0,0,1,43,46.96
0,1,1,11352,820,6.12362507645433,0,1.0,0,0,0,0.0
0,1,1,4015,1976,6.123477758534082,0,1.0,0,0,0,240.0
0,1,1,26560,1214,6.1233093680354385,0,1.0,0,0,0,0.0
1,1,1,3726,3,5.920890711356857,0,1.0,0,0,0,0.0
1,1,1,12746,172,6.121779086898723,0,2.0,0,25,43,49.72677595628415
1,1,1,3807,10131,6.121208004180139,0,1.0,0,0,0,0.0
1,1,1,14741,1,6.031202268636244,0,2.0,0,1,39,92.2
0,2,2,34458,411,6.119394494914542,0,18.0,0,6,48,81.22222222222223
1,1,1,92,264,6.10578252822506,0,2.0,0,0,0,0.0
0,1,1,51083,23735,6.118617724817956,0,1.0,0,1,0,65.0
0,1,1,4576,133,6.118150832532105,0,1.0,0,0,0,0.0
0,1,1,1455,19,6.11776864250498,0,2.0,0,23,50,69.37777777777778
0,1,1,27303,72,6.1163122896771345,0,1.0,0,0,0,0.0
0,1,1,1233,47,6.116053524752045,0,1.0,0,0,0,0.0
1,1,1,15312,398,6.114172107914263,0,1.0,0,0,0,0.0
0,1,1,143,1,6.113322645344232,0,2.0,0,0,0,0.0
0,1,1,5413,1827,6.113074337488122,0,1.0,0,0,0,0.0
0,1,1,2680,12589,6.112434998628386,0,2.0,0,1,1,614.0
0,1,1,25024,3046,6.11213776436469,0,1.0,0,0,0,0.0
1,1,1,4998,1494,6.110949270943137,0,2.0,0,0,0,0.0
1,1,1,1085,8,6.087690975001747,0,1.0,0,0,0,0.0
0,1,1,14763,93,6.1088191343041025,0,1.0,0,1,0,10.0
1,2,2,3538,161,6.108272736605925,0,17.0,0,15,51,66.92727272727272
0,1,1,19576,11437,6.105357686031737,0,1.0,0,0,0,0.0
0,1,1,1071,1,6.105315731003471,0,1.0,0,0,0,0.0
1,1,1,28101,23529,6.101827347856464,0,1.0,0,0,0,7.0
0,1,1,37,149,6.101716629677642,0,1.0,0,0,0,0.0
0,1,1,647,1189,6.100893499908585,0,1.0,0,0,0,0.0
1,1,1,583,4333,6.0994258978095655,0,5.0,0,3,47,81.16666666666667
0,1,1,1609,1507,6.099139754376605,0,1.0,0,0,0,0.0
1,3,2,68906,1129,6.098450094833421,0,26.0,0,67,23,74.70882352941176
0,1,1,925,17,6.097816206324788,0,4.0,0,0,0,0.0
0,1,1,9846,111,6.096649577683827,0,1.0,0,0,0,0.0
0,1,1,402,9,6.095940303214286,0,4.0,0,0,0,0.0
1,1,1,9336,284,6.034865031330493,0,3.0,0,1,0,298.0
1,1,1,35,1,6.0925070256519875,0,1.0,0,0,0,0.0
1,1,1,848,747,6.092226269193955,0,1.0,0,0,0,0.0
1,1,1,20229,268,6.050093882700685,0,1.0,0,0,0,0.0
1,1,1,9276,5863,6.091439042028391,0,1.0,0,0,0,0.0
0,1,1,29,1,5.364722561687681,0,1.0,0,0,0,0.0
1,1,1,13505,860,6.089863383549926,1,2.0,0,0,0,0.0
0,1,1,1758,3567,5.987221484292695,0,1.0,0,0,0,0.0
1,1,1,13015,3116,5.352061712953937,0,1.0,0,3,16,59.583333333333336
0,1,1,131619,10310,6.08856911529125,0,4.0,0,8,35,68.5625
1,1,1,2273,20,6.088062391079016,0,1.0,0,0,0,0.0
1,1,1,6280,147,6.082275544170506,0,1.0,0,0,0,0.0
0,1,1,10684,2277,6.083359561966536,0,1.0,0,0,0,0.0
0,1,1,26100,3677,6.083108560622961,0,5.0,0,0,0,0.0
0,1,1,16488,78,6.081015055413439,0,1.0,0,0,0,0.0
1,1,1,368,145,6.0804658374754466,0,1.0,0,0,0,0.0
0,1,1,5965,373,6.0804339275710175,0,3.0,0,14,39,62.51162790697674
1,1,1,2779,1430,5.746878714246811,0,1.0,0,0,0,0.0
0,1,1,997,232,6.0788198314420345,0,1.0,0,0,0,0.0
1,1,1,7694,10,6.078703409407406,0,1.0,0,0,0,0.0
1,1,1,5861,14157,6.078043536666766,0,1.0,0,2,51,122.5
0,1,1,63462,7314,6.077732708213398,0,1.0,0,0,0,0.0
0,1,1,4951,894,6.077146637029278,0,1.0,0,0,0,0.0
1,1,1,2605,52,5.925157512381016,0,2.0,0,0,0,0.0
1,1,1,74,4181,6.07666070020265,0,1.0,0,0,0,0.0
1,1,1,5041,106,6.076238456432528,0,4.0,0,6,43,70.0625
0,1,1,1108,7,6.075342507437674,0,6.0,0,0,0,0.0
0,1,1,2379,417,6.075077183078408,0,1.0,0,0,0,0.0
0,1,1,34022,67,6.074441741853473,0,8.0,0,2,8,215.5
0,1,1,86578,570,6.072998412829719,0,4.0,0,29,46,56.71351351351351
1,1,1,1349,924,6.069916651225541,0,2.0,0,0,0,0.0
0,1,1,2156,5214,6.070009782515627,0,2.0,0,5,46,60.7
0,1,1,3857,14195,6.067643886503256,0,1.0,0,0,0,0.0
1,1,1,750,400,6.067443142466954,0,1.0,0,0,0,0.0
0,1,1,5805,31,6.067181969247191,0,6.0,0,0,0,0.0
0,1,1,5241,13587,5.864916270968488,0,2.0,0,0,0,0.0
0,1,1,1264,6,6.065217276114633,0,3.0,0,0,0,0.0
0,1,1,75,1,6.060579090701294,0,1.0,0,2,36,46.0
0,1,1,30343,963,6.059311218619767,0,1.0,0,0,0,0.0
0,1,1,393,41,4.972896123682256,0,1.0,0,0,0,0.0
1,1,1,1432,9,6.048039987600931,0,1.0,0,1,16,69.33333333333333
0,1,1,479,1,6.058065908456763,0,1.0,0,0,0,0.0
1,2,2,8512,26,6.057760878923466,0,13.0,0,1,0,77.0
1,1,1,2591,1668,6.057665149210179,0,1.0,0,0,0,0.0
0,1,1,764,290,6.056905902626155,0,2.0,0,0,0,0.0
0,1,1,10064,253,6.054577810502546,0,1.0,0,0,0,0.0
0,1,1,744,4493,6.05419200803341,0,1.0,0,0,0,0.0
1,1,1,10921,25450,6.053972663089562,0,1.0,0,0,0,0.0
1,1,1,46358,179496,6.053596113542067,1,1.0,0,0,0,0.0
0,1,1,144276,50040,6.052831511671203,0,1.0,0,0,0,0.0
0,1,1,7002,701,6.052612103351178,0,3.0,0,17,38,113.03333333333332
1,1,1,1018,239,5.9945770816765265,0,1.0,0,1,0,18.0
0,1,1,24256,16299,6.049888892460617,0,1.0,0,0,0,26.0
0,1,1,13208,9899,6.04926159507425,0,1.0,0,0,0,0.0
1,1,1,46197,410,6.048823222067431,0,1.0,0,10,52,46.8
1,1,1,11842,434,6.048639431158109,0,1.0,0,0,0,0.0
0,1,1,240,125,6.040072841810377,0,3.0,0,0,0,0.0
0,1,1,26318,195,6.047664135191369,0,3.0,0,0,0,0.0
1,1,1,145,38,6.047221420916519,0,1.0,0,0,0,0.0
0,1,1,124,860,6.047156396960325,0,1.0,0,0,0,0.0
0,1,1,1290,322,6.04673203008832,0,1.0,0,1,4,143.08333333333334
0,1,1,41623,4433,6.046412550786979,0,1.0,0,9,51,81.35714285714286
1,1,1,191115,65,5.530364720787232,0,1.0,0,0,0,0.0
1,1,1,768,1321,6.045500314114988,0,1.0,1,3,27,98.125
0,1,1,5945,220,6.044112692749612,0,1.0,0,0,0,0.0
1,1,1,4212,84,6.0438793733590375,0,4.0,0,7,20,117.36
1,1,1,2588,103,5.649075554310694,0,1.0,0,2,3,418.0
0,2,2,22328,2136,6.042055375336374,0,18.0,0,79,45,91.6074074074074
0,1,1,1794,3200,6.041966490250055,0,1.0,0,0,0,0.0
1,1,1,14017,470,6.041935435923998,0,1.0,0,0,0,0.0
1,1,1,1772,1,6.041794835878367,0,2.0,0,6,47,100.07142857142856
1,1,1,49950,10212,5.9706067227138675,0,3.0,0,3,44,55.8125
0,1,1,295,327,6.040193288232158,0,1.0,0,0,0,0.0
1,1,1,608,85,6.039977112097091,0,1.0,0,0,0,0.0
0,1,1,2360,202,6.037778275683675,0,6.0,0,0,0,0.0
1,1,1,21995,376,6.036233544778917,0,3.0,0,0,89,116.47333333333331
0,1,1,3868,389,6.012419629905796,0,1.0,0,0,0,0.0
1,1,1,2378,2,6.035393525259055,0,2.0,0,0,0,0.0
1,1,1,107946,14087,6.035269624835702,0,4.0,0,3,14,22.043478260869566
0,1,1,166,1,6.0345438091843215,0,1.0,0,0,0,0.0
0,1,1,20,1,6.034469152049432,0,1.0,0,0,0,0.0
1,1,1,11,40,6.034276330035083,0,1.0,0,0,0,0.0
1,1,1,79,1,6.033960304735314,0,1.0,0,0,0,0.0
1,1,1,371,236,6.032102844091919,0,1.0,0,0,0,0.0
1,1,1,2,1,6.031542091689962,0,1.0,0,1,0,327.0
1,1,1,2495,17,6.031476402283924,0,1.0,0,0,0,0.0
1,2,2,3474,35,6.0309066504650275,0,18.0,0,2,0,27.0
1,1,1,784,8,6.03013368293898,0,1.0,0,0,0,0.0
0,1,1,5226,170,6.029474570712448,0,1.0,0,2,16,27.75
1,1,1,272,76,6.029158989045908,0,1.0,0,0,0,0.0
1,1,1,1739,1,5.913772838007806,0,2.0,0,0,0,0.0
1,4,2,349878,237073,6.025109948561207,0,32.0,0,0,4,59.42857142857143
1,1,1,3659,5621,6.024972644076709,0,1.0,0,0,0,0.0
1,1,1,12516,1688,6.022835599434531,0,2.0,0,9,42,56.28787878787879
1,1,1,1001,3846,6.022768515752628,0,1.0,0,0,0,0.0
1,1,1,10929,45,6.021457262678884,0,1.0,0,0,0,0.0
0,1,1,20301,4034,6.008378036121731,0,8.0,0,9,53,197.23529411764707
1,1,1,8051,242,6.020612268129235,0,2.0,0,0,0,0.0
0,6,3,19142,10347,6.0194549874741785,0,61.0,2,50,54,149.31617647058823
0,1,1,43,8,6.01802145006956,0,1.0,0,0,0,0.0
0,1,1,11341,3500,6.017731694194588,0,1.0,0,0,0,0.0
0,1,1,13066,226,6.017070173673383,0,8.0,0,0,0,0.0
1,1,1,8,1,6.013086917658984,0,1.0,0,0,0,0.0
0,1,1,4574,10,6.0147053233679095,0,1.0,0,0,0,0.0
0,1,1,3381,4421,6.014339104137043,0,1.0,0,0,0,27.5
0,1,1,24811,75,6.014064431791871,0,4.0,0,0,0,0.0
0,1,1,108,128,5.868657873625217,0,2.0,0,0,0,0.0
1,1,1,1511,32,6.012544829540749,0,2.0,0,0,0,0.0
0,1,1,169,5,6.01159184198783,0,1.0,0,0,0,0.0
1,1,1,29742,1187,6.010274853370191,0,1.0,0,1,49,61.23529411764706
0,1,1,4865,281,6.009969411891752,0,2.0,0,0,0,0.0
0,1,1,246,1050,6.009878530455901,0,1.0,0,18,16,251.5909090909091
1,1,1,6699,1574,6.009634342051206,0,1.0,0,0,0,0.0
0,1,1,-100,299,6.009388695994472,0,1.0,0,0,0,0.0
1,1,1,57042,6490,6.009416328007045,0,1.0,0,0,29,34.0
0,1,1,695,79,6.008371286559027,0,1.0,0,0,0,0.0
1,1,1,674,61,5.9857677298880505,0,7.0,0,0,0,0.0
0,1,1,1509,256,6.007084243184372,0,1.0,0,0,0,190.0
0,1,1,39418,7094,6.006074597330442,0,2.0,0,0,0,36.25
0,1,1,4,1,5.27300405330935,0,1.0,0,0,0,0.0
0,1,1,794,83,6.005473569368873,0,1.0,0,0,0,0.0
1,1,1,308,600,6.005436874563184,0,5.0,0,0,0,0.0
1,1,1,4080,883,6.0048317271502,0,1.0,0,10,25,57.32432432432432
1,1,1,2540,77,6.00416852716034,0,1.0,0,0,0,0.0
0,1,1,36227,987,6.004076980274645,0,1.0,0,0,0,0.0
0,1,1,9358,15702,6.003448478740942,0,2.0,0,0,0,0.0
1,1,1,12516,6989,5.444396934897304,0,2.0,0,1,30,30.925
0,1,1,92,3,6.0020538543081585,0,1.0,0,0,0,0.0
0,1,1,19,1,5.897211977866351,0,1.0,0,1,0,476.0
1,1,1,285,672,6.001645901865641,0,1.0,0,1,0,189.0
1,1,1,5739,1433,6.001654521025526,0,1.0,0,0,0,0.0
1,1,1,563,593,5.541693338933099,0,1.0,0,14,43,56.172413793103445
1,1,1,14290,1,5.95439858267787,0,1.0,0,1,0,76.0
1,1,1,13094,1432,5.999981516741297,0,2.0,0,1,41,91.0
0,1,1,2023,105,5.9992242031306295,0,1.0,0,0,0,0.0
1,2,2,13658,885,5.99913750452237,0,15.0,0,0,0,0.0
0,1,1,9927,1782,5.941206166271046,0,1.0,0,3,21,41.166666666666664
1,1,1,15861,368,5.9950657436787065,0,1.0,0,0,0,0.0
1,1,1,4373,111,5.985231947699291,0,1.0,0,0,0,0.0
1,1,1,2098,69,5.993304297941388,0,3.0,0,0,0,0.0
1,1,1,1068,8,5.992919731307677,0,1.0,0,0,0,0.0
1,1,1,2284,2,5.992393455545262,0,1.0,0,1,4,21.0
0,1,1,4572,2580,5.992240940778613,0,1.0,0,0,0,0.0
1,1,1,8732,1161,5.986740237303064,0,1.0,0,1,37,40.0
0,1,1,75666,736,5.991143709049964,0,1.0,0,3,44,115.25
0,1,1,69800,3,5.804640933173472,0,8.0,0,29,49,68.46
1,1,1,9794,4130,5.990367826219837,0,1.0,0,0,0,0.0
1,1,1,1835,1610,5.989518807283036,0,1.0,0,0,0,0.0
0,1,1,1445,13587,5.983877979083173,0,1.0,0,0,0,0.0
0,1,1,861,273,5.989281146624431,0,1.0,0,0,0,0.0
0,1,1,4681,293,5.988433997284811,0,2.0,0,0,0,0.0
1,1,1,21908,3302,5.9874945722334765,0,1.0,0,0,0,0.0
1,1,1,494,1,5.986526342710318,0,2.0,0,0,0,0.0
0,5,3,27711,119,5.986161105810174,0,40.0,0,10,21,76.44
0,1,1,18326,11611,5.985657043397317,0,1.0,0,0,0,0.0
1,1,1,146241,92,5.985354327094429,0,1.0,0,0,0,0.0
1,1,1,1692,2116,5.984847444441756,0,5.0,0,2,21,43.666666666666664
1,2,2,18021,1,5.984660357971301,0,19.0,0,5,50,160.6206896551724
0,1,1,37365,457,5.978629576162799,0,1.0,0,0,0,0.0
0,1,1,1762,152,5.983105201685652,0,8.0,0,5,23,107.20833333333331
1,1,1,7054,162,5.9822093160669745,0,3.0,0,1,0,37.0
0,1,1,8907,93388,5.9820844650009874,0,1.0,0,0,0,18.0
1,1,1,10713,914,5.98141904684498,0,1.0,0,5,38,50.125
1,1,1,-6,1,5.9797898988742855,0,1.0,0,0,0,0.0
0,1,1,70,1,5.979103629956497,0,2.0,0,0,0,0.0
0,1,1,27,412,5.977872991378152,0,2.0,0,1,0,13.0
1,1,1,764,513,5.977346176918243,0,2.0,0,2,36,502.3
0,1,1,3740,4915,5.977359200722335,0,1.0,0,0,0,0.0
1,1,1,109,2,5.0790321099423,0,1.0,0,0,0,110.6
1,1,1,60995,68371,5.464500301439753,0,3.0,0,3,1,38.5
0,1,1,4464,4697,5.976515663824725,0,1.0,0,0,0,0.0
0,1,1,-1,1,5.9764447775722855,0,1.0,0,0,0,0.0
0,2,2,1312,42,5.898013242854816,0,10.0,0,53,54,60.4537037037037
0,1,1,776,4316,5.974411796610489,0,2.0,0,4,50,172.78571428571428
1,1,1,508,77,5.973633315357161,0,1.0,0,0,0,0.0
0,1,1,127,1,5.973392992899179,0,1.0,0,3,2,170.33333333333334
1,1,1,18509,164,5.956234400357288,0,1.0,0,7,45,73.6
1,1,1,14536,491,5.97143007429954,0,1.0,0,0,0,0.0
1,1,1,959,267,5.97093415572525,0,1.0,0,0,0,0.0
0,1,1,5342,73,5.970795266836361,0,1.0,0,0,0,0.0
1,1,1,4800,183,5.9701889786522155,0,1.0,0,0,0,0.0
1,1,1,372,82,5.9686338223665665,0,1.0,0,0,11,91.45454545454544
0,1,1,3509,97,5.968597127560877,0,1.0,0,0,0,0.0
0,1,1,10,1,5.966319261056454,0,1.0,0,1,0,126.0
0,1,1,11639,77,5.905181880520545,0,1.0,0,4,51,100.1470588235294
0,1,1,282,6,5.965300996042638,0,1.0,0,0,0,0.0
1,1,1,1241,2,5.964002766772985,0,1.0,0,0,0,0.0
1,1,1,25711,1449,5.965008324863588,0,1.0,0,8,43,61.642857142857146
1,1,1,54295,465,5.954171917785736,0,1.0,0,2,11,119.5
1,1,1,1222,19824,5.964346297332977,0,1.0,0,0,0,0.0
1,1,1,19781,4038,5.963977955000226,0,5.0,0,8,28,70.4
0,1,1,406,2,4.881453776989225,0,1.0,0,0,0,0.0
1,1,1,10976,581,5.958529600245746,0,1.0,0,6,22,154.61111111111111
1,1,1,4006,2641,5.9594799576873765,0,2.0,0,0,0,0.0
1,1,1,1486,3193,5.958535874487133,0,6.0,0,7,51,263.4
1,1,1,20904,5700,5.9579466978704065,0,1.0,0,0,0,0.0
1,1,1,27477,3400,5.957599649932668,0,1.0,0,0,0,0.0
0,2,2,33735,19438,5.957158424997945,0,13.0,0,1,177,68.23529411764706
1,1,1,31,8,5.956834794557101,0,1.0,0,0,0,0.0
1,1,1,4518,63,5.955559539151112,0,1.0,0,0,0,0.0
1,1,1,5271,7576,5.139257158741956,0,1.0,0,6,42,116.72727272727272
0,1,1,11390,8899,5.954231079445685,0,1.0,0,0,0,0.0
1,1,1,9,1,5.954099637257432,0,1.0,0,0,0,0.0
1,1,1,3987,762,5.953763331581462,0,1.0,0,0,0,0.0
0,1,1,2940,127,5.953276127231321,0,1.0,0,0,0,0.0
1,1,1,2601,1259,5.952265118789615,0,1.0,0,0,0,0.0
1,1,1,12412,43,5.951291470603441,0,1.0,0,0,0,0.0
1,1,1,18450,21,5.950456774682332,0,7.0,0,0,0,86.0
0,1,1,3111,1,5.950054874664587,0,1.0,0,0,0,0.0
1,1,1,1787,21,5.949996220014042,0,1.0,0,0,0,0.0
0,1,1,32606,32,5.949882491466878,0,1.0,0,0,0,0.0
0,1,1,1598,33,5.949349529517934,0,1.0,0,0,0,0.0
1,1,1,2842,1,5.949078976624178,0,1.0,0,0,0,0.0
1,1,1,880,1864,5.816411980401398,0,1.0,0,1,0,114.66666666666669
0,1,1,6409,448,5.7459174877910595,0,5.0,2,6,28,184.9459459459459
0,1,1,1937,199,5.946412582475066,0,3.0,0,0,0,59.2
0,1,1,52,19,5.866198719570409,0,1.0,0,22,42,90.80392156862744
1,1,1,1506,328,5.945357242398508,0,1.0,0,0,0,31.0
1,1,1,852,3333,5.944233646180798,0,2.0,0,0,0,0.0
1,1,1,16,19,5.943811275658325,0,1.0,0,0,0,0.0
1,1,1,130,85,5.943592342659618,0,1.0,0,0,0,0.0
1,2,2,10181,49,5.943024809006868,0,13.0,0,24,52,115.9543973941368
1,1,1,1987,38,5.9302290640833,0,1.0,0,0,0,0.0
0,1,1,5118,814,5.941565921131998,0,1.0,0,0,0,0.0
1,1,1,9562,130,5.940027369404364,0,1.0,0,10,41,55.46666666666667
0,2,2,10137,1,5.939622142137398,0,15.0,0,0,0,0.0
1,1,1,31515,23013,5.939120329578775,0,3.0,0,0,0,55.285714285714285
1,1,1,247,45,5.93855070451223,0,1.0,0,0,0,0.0
0,1,1,5029,352,5.9381047580524235,0,1.0,0,0,0,0.0
1,1,1,2904,116,5.937738697261995,0,2.0,0,3,20,46.46666666666667
1,1,1,657,8,5.936635159603872,0,1.0,0,0,0,0.0
0,2,2,540,1,4.9359237937205345,0,15.0,0,45,52,154.4712643678161
0,2,2,82330,6179,5.935754357514993,1,16.0,0,7,46,95.92
1,1,1,2194,49,5.908846386059623,0,3.0,0,0,0,0.0
0,1,1,4827,316,5.933312251651429,0,2.0,0,0,0,0.0
0,1,1,3550,612,5.932556015435748,0,1.0,0,0,0,0.0
0,1,1,1539,524,5.93232345655928,0,2.0,0,7,32,116.6818181818182
1,1,1,2355,1366,5.93216748779106,0,1.0,0,0,0,0.0
1,1,1,24424,31914,5.930472396909624,0,8.0,0,27,54,46.398148148148145
1,1,1,21024,2342,5.929736029125001,0,2.0,0,2,38,119.5
0,1,1,17,1,5.92819975893969,0,1.0,0,0,0,0.0
1,2,2,1876,507,5.92617783712054,0,14.0,0,0,0,0.0
1,1,1,8558,1479,5.924773104187744,0,1.0,0,2,25,84.71428571428571
0,1,1,11699,5179,5.9234402398381105,0,2.0,0,0,0,0.0
1,1,1,5312,8861,5.924283903488071,0,1.0,0,0,0,0.0
0,1,1,14171,11,5.923553683192485,0,1.0,0,0,0,0.0
0,1,1,4084,624,5.923272514789311,0,1.0,0,0,0,0.0
0,1,1,14392,315,5.922266544753566,0,1.0,0,0,0,0.0
0,1,1,34220,1,5.92153559563196,0,1.0,0,0,0,0.0
0,1,1,9976,12468,5.920632865386314,0,1.0,0,0,0,0.0
1,1,1,36031,437,5.919764960349176,0,1.0,0,0,0,0.0
0,1,1,2287,45,5.916389069913908,0,4.0,0,0,0,0.0
0,1,1,465,23,5.918684079673839,0,1.0,0,0,0,0.0
1,1,1,1372,948,5.917432431893273,1,1.0,0,1,0,113.0
0,1,1,390,17,5.650784587950768,0,1.0,0,1,0,103.0
1,5,3,52880,1,5.917048087076177,0,45.0,0,17,52,155.703125
0,1,1,1129,1,5.9167042396353065,0,1.0,0,0,0,0.0
1,1,1,18916,403,5.907771779625674,0,1.0,0,0,0,0.0
0,1,1,316,1,5.915654349909852,0,2.0,0,0,0,0.0
1,1,1,7871,3,5.914908317258447,0,1.0,0,0,0,0.0
0,1,1,315,11,5.911810711610362,0,1.0,0,0,0,0.0
0,1,1,63,493,5.910358478233933,0,1.0,0,0,0,0.0
0,1,1,1478,4,5.914161967726162,0,2.0,0,3,45,224.75
0,1,1,1616,1242,5.913499338121883,0,2.0,0,0,0,0.0
0,1,1,6536,41564,5.912978354270133,0,1.0,0,0,0,0.0
1,1,1,99984,286,5.912957281691737,0,1.0,0,1,28,98.46666666666668
1,1,1,2291,1796,5.911471300501786,0,1.0,0,0,0,0.0
0,1,1,12259,1166,5.695214582627169,0,1.0,0,0,12,101.9
1,1,1,8079,29797,5.910667310337768,0,1.0,1,0,54,91.62727272727273
0,1,1,19912,484,5.909879290970009,0,1.0,0,1,11,37.0
1,1,1,124,24,5.332110132352116,0,1.0,0,1,0,67.0
0,1,1,31,1,5.908493570889902,0,1.0,0,0,0,0.0
0,1,1,2141,2792,5.89423418487829,0,1.0,0,0,0,0.0
0,1,1,880,1,5.907010378251678,0,3.0,0,0,0,0.0
1,1,1,16896,25965,5.906070002557708,0,1.0,0,0,0,0.0
0,1,1,89306,14,5.905767476383348,0,1.0,0,0,0,20.0
0,1,1,5909,2468,5.904961268053183,0,1.0,0,0,0,0.0
0,1,1,5203,425,5.904514085757952,0,3.0,0,12,71,152.45652173913044
0,1,1,6358,134,5.90397805006449,0,3.0,0,2,42,54.0625
0,1,1,4649,945,5.330569806091565,0,1.0,0,0,0,0.0
0,1,1,3548,1622,5.678498133974546,0,3.0,0,1,14,46.0
0,1,1,5140,4591,5.901231992062614,0,1.0,0,0,0,0.0
0,1,1,10158,266,5.898750085960756,0,3.0,0,0,0,0.0
0,1,1,47610,5078,5.896555717567722,0,1.0,0,0,0,0.0
0,1,1,299,52,5.896291248786826,0,1.0,0,0,0,0.0
1,1,1,14,1,4.603866412931121,0,1.0,0,31,34,59.91549295774648
0,1,1,1445,196,5.894735015106192,0,1.0,0,0,0,0.0
1,1,1,1215,111,5.760502532281135,0,1.0,0,0,0,0.0
0,1,1,499,270,5.894298131439499,0,1.0,0,0,0,237.0
1,1,1,363,1,5.893699226579814,0,3.0,0,0,0,0.0
0,1,1,13,1,5.893215032598016,0,1.0,0,1,0,236.0
0,1,1,55404,118,5.678467079648489,1,1.0,0,0,0,0.0
1,1,1,29029,711,5.8916986625318515,0,2.0,0,0,0,0.0
0,1,1,554,2,5.891213803100209,0,2.0,0,0,0,0.0
1,1,1,1885,55,5.889796838565517,0,2.0,0,0,0,0.0
0,1,1,7922,920,5.873057384361141,0,1.0,0,0,0,0.0
1,1,1,5870,2329,5.787691101754099,0,1.0,0,0,45,64.78947368421052
0,1,1,3270,53,5.888478519048189,0,3.0,0,3,51,39.904761904761905
1,1,1,83,1,5.888445848629654,0,1.0,0,0,0,49.2
1,1,1,3,7,5.88686683121388,0,1.0,0,0,0,0.0
0,1,1,1816,512,5.886284657664561,0,1.0,0,0,0,0.0
1,1,1,3480,1,5.569201546147842,0,1.0,0,5,22,86.57142857142857
0,1,1,17125,3,5.885513718176133,0,1.0,0,0,0,0.0
1,1,1,7204,14309,5.885359048619513,0,1.0,0,0,0,0.0
0,1,1,3834,573,5.885295862572412,0,3.0,0,0,0,0.0
0,1,1,82,5,5.817233018756659,0,1.0,0,0,0,0.0
1,1,1,3030,185,5.884736916391461,0,1.0,0,3,0,18.333333333333332
0,1,1,19006,30717,5.883992658272972,0,2.0,0,0,0,0.0
1,1,1,15431,1846,5.883207173952238,0,3.0,0,0,0,0.0
0,1,1,3033,1,5.881605404489415,0,1.0,0,0,0,0.0
1,1,1,419,862,5.179869911296016,0,1.0,0,0,0,0.0
0,1,1,977,111,5.879967542294571,0,1.0,0,0,14,197.5
1,1,1,670,48,5.857419534841533,0,5.0,0,12,45,126.29032258064515
0,1,1,214,4560,5.878975071384235,0,2.0,0,0,0,0.0
1,1,1,31,5,5.821427792757217,0,1.0,0,0,0,0.0
1,1,1,1063,74,5.875324952237025,0,1.0,0,0,0,0.0
0,1,1,32144,7972,5.503066478842344,0,1.0,0,9,52,45.34090909090909
1,1,1,1078,2435,5.872907594770044,0,1.0,0,0,0,0.0
0,1,1,10947,7,5.7184413806092715,0,1.0,0,0,43,24.958333333333332
0,1,1,2260,575,5.822850619588155,0,3.0,0,1,1,70.33333333333333
0,2,2,13134,13652,5.870059215932617,0,14.0,0,17,52,94.36986301369863
0,1,1,1762,157,5.3976443618245735,0,4.0,0,51,41,117.66666666666669
1,1,1,3817,225,5.869873555426114,0,2.0,0,2,19,37.8
1,1,1,2838,20350,5.860426290741855,0,1.0,0,0,0,0.0
1,1,1,95,9,5.869340656853346,0,1.0,0,0,0,0.0
0,1,1,632,148,5.868925226022104,0,1.0,0,0,0,0.0
0,1,1,6092,63,5.756997544576113,0,1.0,0,0,0,0.0
0,1,1,29,1,5.091589116812278,0,1.0,0,0,0,0.0
0,1,1,864,6904,5.4568005080460855,0,3.0,0,18,39,102.30645161290325
1,1,1,431,336,5.6394642720839085,0,1.0,0,0,0,0.0
0,1,1,21247,3734,5.6048178477677375,0,1.0,0,0,0,0.0
0,1,1,21239,3191,5.867604054576874,0,3.0,0,4,44,204.34782608695653
0,1,1,1341,6,5.867279885438536,0,1.0,0,0,0,16.0
0,1,1,112844,7591,5.867260238824091,0,1.0,0,3,6,26.2
0,1,1,28,90,5.867075972593453,0,1.0,0,0,0,0.0
1,1,1,1750,24,5.395950506778562,0,1.0,0,0,0,34.0
0,1,1,1341,503,5.865757209442896,0,1.0,0,1,26,68.28571428571429
1,1,1,1164,109,5.864750003571728,0,1.0,0,0,35,69.78947368421052
1,1,1,3099,1,5.746292959943569,0,1.0,0,0,0,61.0
1,1,1,7186,996,5.382212263059141,0,1.0,0,1,0,52.0
1,3,2,5264,26,5.8642742069331995,0,22.0,0,90,49,114.43273542600896
1,1,1,12517,1245,5.8621922044995545,0,1.0,0,0,0,0.0
0,1,1,52711,1096,5.8624372167945324,0,1.0,0,1,37,32.75
0,1,1,138,2,4.98326107538961,0,3.0,0,29,30,154.2075471698113
0,1,1,29,1,5.133139329756228,0,1.0,0,7,34,123.94444444444444
1,1,1,48,1,5.704343793974039,0,1.0,0,1,0,19.0
0,1,1,8178,318,5.861540982606889,0,2.0,0,0,0,0.0
1,1,1,10651,1216,5.861522793644483,0,1.0,0,0,0,0.0
1,1,1,3430,411,5.86148210613973,0,1.0,0,0,0,0.0
1,1,1,915,95,5.860302453694677,0,2.0,0,0,0,0.0
0,1,1,57,109,5.856646694067837,0,1.0,0,1,0,253.0
1,1,1,4146,8242,5.859458251347224,0,1.0,0,0,0,0.0
0,1,1,6046,1112,5.401077544322608,0,5.0,0,1,0,140.0
1,1,1,11393,4629,5.858670168603289,0,1.0,0,0,0,0.0
1,1,1,214,1,4.848018566453569,0,1.0,0,2,43,72.375
1,1,1,2612,802,5.857441558062563,0,5.0,0,0,0,0.0
1,1,1,13291,130,5.588176183002356,0,1.0,0,3,16,160.25
0,1,1,4082,11395,5.855373625139908,0,1.0,0,0,0,0.0
0,1,1,937,253,5.371402505663141,0,1.0,0,0,0,0.0
1,2,2,96277,13827,5.852417823684791,1,11.0,0,6,20,40.77777777777778
1,1,1,3869,286,5.850795805533854,0,1.0,0,0,19,51.5
1,1,1,4276,119,5.76393948566162,0,1.0,0,0,0,0.0
1,1,1,33964,67,5.841941393284507,0,2.0,0,0,0,0.0
1,1,1,15712,2683,5.849249965546022,0,1.0,0,0,24,44.75
1,1,1,43943,2051,5.847198193548151,0,1.0,0,0,0,0.0
0,1,1,1253,2042,5.847976357920601,0,9.0,0,15,48,93.48
0,1,1,3313,336,5.8459047174916705,0,3.0,0,0,0,0.0
1,1,1,9462,1748,5.847342184219179,0,1.0,0,0,0,0.0
0,1,1,356,23,5.8451785532713245,0,1.0,0,0,0,0.0
0,1,1,14814,155,5.842971668083604,0,4.0,0,2,5,58.25
0,1,1,5924,584,5.679336854282808,0,1.0,0,0,0,0.0
1,1,1,1058,342,5.841165763959083,0,1.0,1,0,0,0.0
1,1,1,356,7033,5.098372078761222,0,1.0,0,0,0,0.0
1,1,1,584,8,5.727484748926254,0,1.0,0,0,0,0.0
1,1,1,1197,7,5.839705355055997,0,1.0,0,0,0,0.0
1,1,1,257,21,5.839280576238851,0,1.0,0,0,0,0.0
0,1,1,105551,182375,5.838646307473165,0,2.0,0,5,0,304.75
1,1,1,39,7,5.043197318956928,0,1.0,0,0,0,0.0
0,1,1,17587,2076,5.72003960100626,0,2.0,0,0,0,0.0
0,1,1,4501,159,5.81795259185474,0,1.0,0,0,0,0.0
1,1,1,897,7060,5.836226605087686,0,1.0,0,0,0,0.0
1,1,1,575,527,5.830436621058482,0,1.0,0,0,0,0.0
0,2,2,8199,1,5.765965685372625,0,10.0,0,47,55,123.656
1,1,1,9449,110,5.622791362863943,0,3.0,0,16,52,77.45029239766082
1,1,1,4177,1118,5.834152366235555,0,1.0,0,0,0,0.0
1,1,1,44,1,5.81835747055274,0,4.0,0,5,85,154.36363636363637
0,2,2,2947,223,5.831459005523714,0,10.0,0,0,0,0.0
0,1,1,2443,10341,5.828647986941819,0,3.0,1,0,24,64.21428571428571
0,1,1,2178,1,5.828563348059268,0,1.0,0,0,0,0.0
1,1,1,35148,6088,5.828468695740967,0,1.0,0,0,0,0.0
1,1,1,345,75,5.8280494306511,0,1.0,0,7,15,74.71428571428571
0,1,1,9496,205,5.828078678756152,0,3.0,0,4,16,66.76923076923077
0,1,1,53564,821,5.827469887213069,0,1.0,0,2,49,102.7
1,1,1,1079,1,5.761092913045198,0,1.0,0,0,0,0.0
1,1,1,523,12,5.825794094377112,0,1.0,0,0,0,0.0
1,1,1,57,287,5.563547789208151,0,2.0,0,0,0,0.0
0,1,1,4216,398,5.823701444745962,0,1.0,0,0,0,0.0
0,1,1,16217,34456,5.823670865741221,0,1.0,0,0,0,42.0
1,1,1,14090,1128,5.8235600208100475,0,4.0,0,0,0,0.0
1,1,1,6528,1482,5.82219328189454,0,1.0,0,1,37,36.0
0,1,1,8966,6667,5.821725438966054,0,1.0,0,0,0,0.0
0,1,1,335,361,5.820275677260475,0,2.0,0,0,0,0.0
1,1,1,65,1546,5.819080465964305,0,1.0,0,0,0,0.0
1,1,1,25,1,5.724399311503889,0,1.0,0,0,0,0.0
0,1,1,59668,2845,5.816904033028974,0,1.0,0,0,0,0.0
1,1,1,3458,121,5.741031248026312,0,1.0,0,0,0,0.0
0,1,1,27,26,5.5708149768269815,0,1.0,0,0,0,0.0
1,1,1,4525,516,5.815782971858289,0,1.0,0,23,47,76.0
0,2,2,9730,963,5.815198643518999,0,10.0,0,0,0,0.0
1,1,1,5731,120,5.787833508020735,0,2.0,0,0,0,0.0
1,1,1,1264,9022,5.800883486472835,0,3.0,0,0,0,0.0
1,1,1,1228,31,5.813780728341672,0,1.0,0,0,0,0.0
0,1,1,20689,1,5.812665592843408,0,1.0,0,0,13,57.3
1,1,1,28016,1188,5.462994008185513,0,4.0,0,3,24,111.72727272727272
1,1,1,4557,804,5.625951457421197,0,1.0,0,0,0,0.0
1,1,1,3182,1507,5.811257089028163,0,1.0,0,0,0,0.0
0,1,1,47531,79194,5.81122349965508,0,2.0,0,0,0,0.0
0,1,1,11958,1,5.760666930080714,0,1.0,0,0,0,0.0
0,1,1,10205,6097,5.805054906352674,0,1.0,0,0,18,13.0
0,1,1,500,4,5.617100720990035,0,4.0,0,2,53,17.5
1,1,1,7673,21211,5.802951609524018,0,1.0,0,10,29,135.85714285714286
1,1,1,18442,123,5.801909103123024,0,2.0,0,82,44,48.24460431654676
0,1,1,37597,6044,5.801761373257635,0,1.0,0,0,0,0.0
1,1,1,1691,137,5.801149412905771,0,1.0,0,1,0,5.0
0,1,1,841,6361,5.800718106342534,0,1.0,0,0,0,0.0
1,1,1,24633,16869,5.796434637384185,0,1.0,0,3,45,79.0
0,1,1,6927,3049,5.79606287273795,0,1.0,0,0,0,0.0
1,1,1,115,130,5.796074692394705,0,2.0,0,0,0,0.0
1,1,1,1581,26,5.795887447483812,0,1.0,0,1,0,45.0
1,1,1,257250,7087,5.795765828602782,0,2.0,0,1,27,73.10810810810811
0,1,1,21845,28128,5.793261328894312,0,1.0,0,6,46,138.3
1,1,1,7663,276,5.7957249192814135,0,1.0,0,0,0,0.0
1,1,1,3196,6,5.4490722587495615,0,1.0,0,1,16,113.83333333333331
0,1,1,2748,1,5.793112870202903,0,1.0,0,0,0,0.0
0,1,1,2384,27,5.792409299589169,0,1.0,0,0,0,0.0
1,1,1,2694,27,5.243045406263947,0,5.0,0,16,51,55.96629213483146
0,1,1,3823,730,5.35756815197338,0,1.0,0,0,0,0.0
0,1,1,4189,12,5.788929472225871,0,1.0,0,0,0,0.0
0,1,1,2871,1,5.79035749590321,0,2.0,0,0,0,0.0
1,1,1,12158,2574,5.788618517020152,0,5.0,0,2,3,62.1
1,1,1,2603,345,5.779240205614975,0,8.0,0,19,44,193.53846153846155
1,2,2,38146,34,5.570103325750854,0,14.0,0,79,54,152.80425531914895
1,1,1,2726,93,5.786422025525235,0,6.0,0,3,48,89.57142857142857
1,1,1,2413,1,5.785841404692218,0,1.0,0,0,0,0.0
0,1,1,35884,29604,5.785505194080511,0,1.0,0,0,0,0.0
1,1,1,11766,43,5.648527762336653,0,1.0,0,0,0,0.0
0,1,1,17014,11307,5.783745586252286,0,1.0,0,1,9,68.0
1,1,1,15211,15516,5.783549468676806,0,2.0,0,0,0,0.0
1,1,1,25894,1109,5.783220863206174,0,4.0,2,7,43,46.064516129032256
0,1,1,31777,3196,5.782916150553754,0,2.0,0,1,107,57.666666666666664
0,1,1,59,103,5.7827472847337935,0,1.0,0,0,0,0.0
0,1,1,5364,1029,5.782277445455774,0,3.0,0,29,40,84.30434782608695
1,1,1,2929,352,5.781951153215553,0,1.0,0,0,0,0.0
1,1,1,16563,55571,5.781899691760944,0,2.0,0,4,38,90.5
0,1,1,17,51,5.781734723575783,0,1.0,0,2,15,219.0
1,1,1,7900,1,5.781645901865641,0,5.0,0,0,0,0.0
1,1,1,2906,49,5.781631610538037,0,1.0,0,0,0,0.0
1,2,2,2754,3362,5.781345435416989,0,10.0,0,8,40,58.75
1,1,1,13411,487,5.451083786875908,0,2.0,0,0,0,0.0
0,1,1,125,117,5.779018515752629,0,1.0,0,1,7,60.25
0,1,1,836,151,5.372558899051739,0,7.0,0,0,0,0.0
0,1,1,921,16,5.778379937407,0,1.0,0,0,0,0.0
0,1,1,3358,1167,5.777350296369659,0,1.0,0,0,0,0.0
1,3,2,62621,14,5.777298391281819,0,28.0,0,0,0,0.0
1,1,1,5986,5004,5.777017793264227,0,5.0,0,2,53,95.5
1,1,1,17397,15500,5.776142726719242,0,1.0,1,0,17,116.11111111111111
1,1,1,16823,3975,5.774053784594366,0,1.0,0,0,0,0.0
0,1,1,5949,165,5.61735869371293,0,1.0,0,0,0,0.0
1,1,1,3328,808,5.340974811541916,0,2.0,0,2,7,261.4
1,1,1,231,12,5.772301338273986,0,1.0,0,0,0,0.0
0,1,1,5278,382,5.77205543871255,0,2.0,0,5,34,64.625
0,1,1,168,43,5.771905870938067,0,2.0,0,0,0,0.0
0,1,1,25500,24269,5.758827024637968,0,1.0,0,0,0,0.0
0,1,1,203,486,5.765703624886403,0,1.0,0,0,0,0.0
0,1,1,94,4,5.467531267039165,0,1.0,0,0,0,0.0
1,1,1,4537,25442,5.76498408347641,0,1.0,0,0,0,0.0
0,1,1,10783,14894,5.763821891167742,0,1.0,0,0,0,0.0
0,1,1,3284,182,4.915033516893399,0,1.0,0,1,0,111.0
1,1,1,11,22,5.7595643113771375,0,1.0,0,0,0,0.0
0,1,1,19462,1405,5.75823106677045,0,1.0,0,0,0,0.0
0,1,1,25319,310,5.756490788675791,0,1.0,0,0,0,0.0
0,1,1,267,556,5.148211800413059,0,1.0,0,0,0,0.0
0,1,1,6056,1137,5.755111025956193,0,1.0,0,0,0,0.0
1,1,1,258,2219,5.755011113415315,0,1.0,0,1,0,109.0
0,1,1,1647,1549,5.754818925162723,0,1.0,0,2,10,68.14285714285714
1,2,2,4198,1,5.754532750041674,0,11.0,0,0,0,0.0
1,1,1,35,3,5.2114740256773375,0,1.0,0,0,0,0.0
1,1,1,12551,1,5.749920168603289,0,2.0,0,3,18,79.95
0,1,1,5222,1034,5.749915130197326,0,2.0,0,2,23,229.5
0,1,1,65677,1836,5.7460549507159975,0,1.0,0,0,0,0.0
1,1,1,27,1,5.744427513902044,0,1.0,0,1,0,152.0
0,2,2,52759,653,5.74048969860557,0,11.0,0,0,0,0.0
1,1,1,250,2,5.074327981618221,0,1.0,0,1,0,90.0
0,1,1,12295,296,5.743444676170404,0,1.0,0,5,37,51.666666666666664
0,1,1,3996,201,5.6582433617485215,0,1.0,0,0,0,0.0
1,1,1,12651,3111,5.741303290260196,0,1.0,0,1,21,38.26315789473684
1,1,1,22719,2315,5.740522495776458,0,2.0,0,0,0,0.0
0,1,1,1204,4,5.543390552916418,0,1.0,0,0,0,0.0
1,1,1,5079,1337,5.740124271576899,0,1.0,0,0,0,0.0
1,1,1,0,4,5.740084724843308,0,1.0,0,0,0,0.0
0,1,1,27791,7230,5.739657315914871,0,1.0,0,0,0,0.0
1,1,1,8479,56,5.738899368542448,1,1.0,0,0,0,128.33333333333334
0,1,1,92,1,5.7388167260094285,0,1.0,0,1,0,507.0
1,1,1,2675,1032,5.737608395844904,0,1.0,0,1,0,446.0
0,1,1,1120,5707,5.549637891117041,0,1.0,0,0,0,0.0
0,1,1,19569,508,5.735111152708544,0,1.0,0,0,0,0.0
1,1,1,5534,1942,5.710044069026642,0,1.0,0,0,0,0.0
0,1,1,16,1,5.393664274618955,0,3.0,0,0,0,0.0
1,1,1,3606,2,5.58587892338819,0,1.0,0,2,5,53.4
0,1,1,9736,98,5.730061465786852,0,3.0,0,10,49,128.81308411214954
0,1,1,4505,15343,5.729037718733844,0,1.0,0,0,40,65.25757575757575
0,1,1,1759,3057,5.728040969931653,0,1.0,0,0,0,0.0
0,1,1,17,29,5.727474386921538,0,1.0,0,0,0,0.0
1,1,1,8233,52,5.301204423426216,0,4.0,0,13,50,55.145833333333336
0,1,1,96,103,5.721744737011533,0,1.0,0,0,0,0.0
0,1,1,192,40,5.154532147968006,0,1.0,0,0,0,0.0
0,1,1,1007,153,5.048170289018023,0,1.0,0,0,0,0.0
0,1,1,-100,163,5.712496568583009,0,1.0,0,0,0,0.0
0,1,1,3323,128,5.717689960982938,0,2.0,0,6,43,38.93939393939394
0,1,1,9609,29452,5.717192236187643,0,2.0,0,0,0,0.0
1,1,1,15643,2625,5.714267077113441,0,5.0,0,0,0,0.0
0,1,1,3812,4326,5.714057904045782,0,1.0,0,0,0,0.0
0,1,1,1323,5,5.585193636801124,0,1.0,0,0,0,7.0
0,1,1,5758,1,5.4544644305243475,0,2.0,0,3,4,149.25
1,1,1,1026,5373,5.711970356196769,0,1.0,0,0,0,0.0
0,1,1,17541,107240,5.711017336955762,0,1.0,0,1,0,21.0
1,1,1,12462,238,5.651676163989503,0,3.0,0,6,51,78.66666666666667
0,1,1,787,63,5.7053058443200735,0,3.0,0,0,0,0.0
1,1,1,2,1,5.182628961413895,0,1.0,0,1,0,256.0
0,1,1,7107,26,5.7029831074833055,0,1.0,0,0,0,0.0
1,1,1,82421,18,5.702892416175981,0,1.0,0,5,23,41.476190476190474
0,1,1,8387,3386,5.702273357692446,0,1.0,0,0,0,0.0
1,1,1,151,7,5.702180955228381,0,1.0,0,0,0,0.0
0,1,1,11378,1018,5.701696571118055,0,2.0,0,0,0,0.0
1,1,1,3884,5315,5.700382212611705,0,4.0,0,3,51,61.09090909090909
1,1,1,791,1,4.92718314170644,0,1.0,0,30,43,124.31746031746032
0,1,1,59,18,5.68262541234806,0,1.0,0,0,0,0.0
0,1,1,12334,185,5.698112426569674,0,1.0,0,0,0,89.0
0,1,1,137,22,5.697147207414859,0,3.0,0,0,0,0.0
0,1,1,4938,66,5.313619942984103,0,3.0,0,0,0,0.0
1,1,1,1466,149,5.694908285570358,0,1.0,0,1,0,67.0
1,1,1,1799,584,5.593091290615102,0,9.0,0,10,45,92.8181818181818
0,1,1,812,1624,5.3884865361344065,0,2.0,0,0,0,0.0
0,1,1,25,1,5.68075686087393,0,1.0,0,0,0,0.0
1,1,1,13419,1,5.692493843407457,0,3.0,0,7,44,72.62
0,1,1,72871,165,5.690296337893729,0,1.0,0,1,14,24.666666666666668
1,1,1,4094,524,5.689099130248027,0,6.0,0,0,0,0.0
1,1,1,15084,64989,5.688984007424999,0,1.0,0,0,0,0.0
1,1,1,3076,1019,5.688714278421526,0,1.0,0,0,0,0.0
1,1,1,2747,310,5.687311953783404,0,1.0,0,0,0,29.0
1,1,1,6435,84,5.655510771183967,0,1.0,0,0,0,0.0
0,1,1,9,1,5.2733973341672105,0,1.0,0,0,0,0.0
0,1,1,5609,917,5.642228709176717,0,2.0,0,3,8,73.25
1,1,1,11649,806,5.68049419831404,0,1.0,0,0,0,0.0
1,1,1,3581,2729,5.680447458384514,0,1.0,0,0,0,0.0
0,1,1,26506,60,5.296178724386999,0,1.0,0,0,0,0.0
0,1,1,31910,424,5.679717269777016,0,1.0,0,4,5,60.5
0,1,1,360,559,5.379867091056201,0,1.0,0,0,0,0.0
0,1,1,6896,12839,5.658048036375236,0,2.0,0,6,25,114.79310344827586
0,1,1,7806,304,5.66956557890065,0,3.0,0,0,0,0.0
1,1,1,14439,1,5.659833786875907,0,1.0,0,3,33,25.666666666666668
1,1,1,3507,55,5.6721065199101055,0,1.0,0,1,0,210.0
0,1,1,29995,236,5.671781178312519,0,3.0,0,0,0,0.0
1,1,1,3443,1,5.670499458536617,0,1.0,0,0,35,87.32
1,1,1,115,167,5.555564545868987,0,1.0,0,1,0,83.0
0,1,1,30417,7999,5.476407227188226,0,1.0,0,0,0,0.0
0,1,1,2043,1281,5.668856969880952,0,1.0,0,0,0,0.0
1,2,2,3749,9006,5.665586157144876,0,10.0,0,9,49,85.38461538461539
0,1,1,37480,1314,5.66502771797333,0,1.0,0,0,12,16.0
1,1,1,11504,7000,5.352280202319414,0,4.0,0,17,17,66.98130841121495
1,1,1,27705,171,5.510531780386187,0,1.0,0,0,0,0.0
0,1,1,7853,2155,5.384787300451085,0,1.0,0,0,0,0.0
0,1,1,381,228,5.365638632618296,0,1.0,0,3,2,180.33333333333337
0,1,1,220,148,5.6586487791440145,0,4.0,0,1,0,168.0
1,1,1,1850,558,5.656652397923643,0,1.0,0,1,0,33.0
1,1,1,213,119,4.991914109840899,0,2.0,0,0,0,0.0
0,1,1,4809,304,5.655984634849138,0,3.0,0,0,0,0.0
1,1,1,14569,19,5.655932761449386,0,6.0,0,4,30,92.55555555555556
1,1,1,268,50,5.655395014599182,0,1.0,0,0,0,0.0
0,1,1,17467,2402,5.652782205006564,0,2.0,0,0,38,68.66666666666667
1,1,1,73700,284,5.045549842596241,0,3.0,0,6,52,34.25
0,1,1,2371,228,5.465651434605773,0,1.0,0,2,31,65.76470588235294
0,1,1,1288,63,5.648040367857985,0,6.0,0,1,25,134.5
1,1,1,7150,2,5.649380932412957,0,1.0,0,2,44,14.0
1,1,1,-100,6,5.537298803226961,0,1.0,0,0,0,0.0
1,1,1,6586,1,5.644466300121529,0,1.0,0,0,30,26.333333333333332
1,1,1,0,1,5.644132466116408,0,1.0,0,0,0,0.0
0,1,1,13352,1,5.643429053943112,0,1.0,0,0,0,0.0
0,1,1,50181,691,5.6432915910181745,0,1.0,0,0,0,0.0
1,1,1,6369,313,5.643282559913148,0,1.0,0,0,0,51.75
1,1,1,23,6,5.642420263667552,0,1.0,0,0,0,0.0
1,1,1,446,672,5.192936018984813,0,1.0,0,4,36,64.4
0,1,1,18985,4503,5.639524447762668,0,1.0,0,0,0,0.0
0,1,1,4379,6579,5.639510600068292,0,2.0,0,0,0,0.0
1,1,1,12313,28,5.6393615393032155,0,1.0,0,4,29,65.72727272727273
0,1,1,9441,1125,5.637116501657767,0,1.0,0,0,0,0.0
0,1,1,2661,2593,5.636959487182649,0,1.0,0,0,0,8.0
0,1,1,1601,44,5.6368738025931995,0,1.0,0,2,47,48.94444444444444
0,1,1,6372,238,5.634999483887087,0,1.0,0,0,0,0.0
1,1,1,22,1,5.313179858820543,0,1.0,0,1,0,74.0
0,1,1,2557,382,5.633984672874843,0,1.0,0,0,0,0.0
0,1,1,2565,119,5.54877277463163,0,1.0,0,0,0,0.0
1,1,1,556,1,5.225487829008389,0,1.0,0,0,0,0.0
1,1,1,13830,6888,5.489887054551523,0,2.0,0,0,0,0.0
1,1,1,222,1,5.587776406086494,0,1.0,0,0,0,0.0
0,1,1,27,1,5.627396624354043,0,1.0,0,0,0,0.0
0,1,1,9260,1,5.62687668620919,0,1.0,0,0,0,0.0
1,5,3,3521,6,5.625507887567975,0,46.0,0,1,0,148.0
1,1,1,1070,139,5.625258534004967,0,2.0,0,0,0,0.0
0,1,1,17238,259,5.610758476966409,0,1.0,0,0,0,0.0
1,1,1,4632,642,4.994142511240245,0,2.0,0,1,16,66.25
0,1,1,13693,40,5.622278364410321,0,1.0,0,0,0,0.0
1,1,1,19157,272,5.621771640198087,0,1.0,0,2,11,39.42857142857143
0,1,1,195,13723,5.161981573779855,0,2.0,0,0,0,0.0
0,1,1,5974,74513,5.3161686792631615,0,1.0,1,0,29,61.333333333333336
0,1,1,102,1,5.619392276748395,0,1.0,0,0,0,0.0
1,1,1,14,9,5.026694828273226,0,1.0,0,1,0,124.0
1,1,1,147,1099,5.545503831492735,0,1.0,0,0,0,0.0
1,1,1,4237,442,5.615017958042283,0,2.0,0,0,0,0.0
1,1,1,64,3,5.613352875780007,0,2.0,0,0,0,0.0
1,1,1,13956,1319,5.613340549113848,0,1.0,0,1,0,143.0
0,1,1,10648,5322,5.612744527870153,0,1.0,0,0,0,0.0
0,1,1,16620,2698,5.610604092602579,0,1.0,0,0,0,0.0
1,1,1,15137,347,5.554433598014905,0,1.0,0,1,35,87.22222222222223
1,1,1,1138,1328,5.609310743298449,0,1.0,0,0,0,0.0
1,1,1,18179,1620,5.607465007247546,0,1.0,0,0,0,0.0
1,1,1,54536,1,5.504906922982583,0,1.0,0,0,0,0.0
0,1,1,50773,4310,5.60614681448257,0,2.0,0,0,0,94.0
1,1,1,7115,5,5.6035414832786765,0,1.0,0,0,0,0.0
1,1,1,1410,93,5.601006467941642,0,1.0,0,0,0,0.0
1,1,1,3934,3,5.602863675080334,0,1.0,0,0,0,0.0
0,1,1,18791,1,5.6024928293886465,0,1.0,0,0,0,26.75
0,1,1,5141,14014,5.601751993583642,0,1.0,0,0,0,0.0
0,1,1,2648,1622,5.601611932235504,0,1.0,0,3,31,40.75
0,1,1,4175,2,5.079765847615635,0,1.0,0,0,0,0.0
0,1,1,661,1,5.59802522095201,0,3.0,0,4,62,117.5
0,1,1,11978,96,5.597118656447738,0,4.0,0,0,0,0.0
0,1,1,3667,657,5.594017374981467,0,1.0,0,2,8,52.5
0,1,1,10,12,5.3794889254162275,0,1.0,0,1,0,573.0
0,1,1,174,150,4.949154711154053,0,1.0,0,1,1,220.0
1,1,1,5,6,5.591143075288208,0,1.0,0,0,0,0.0
1,1,1,2734,70,5.590103230686591,0,1.0,0,0,0,0.0
1,1,1,33,1,5.521002126673611,0,2.0,0,0,0,0.0
1,1,1,47769,12001,5.588186006309578,0,1.0,0,0,0,0.0
0,1,1,122,1,5.385555768268663,0,1.0,0,0,0,0.0
0,1,1,4501,10076,5.584369904958399,0,1.0,0,0,0,32.266666666666666
1,1,1,501,4271,5.584273129538214,0,1.0,0,1,0,169.0
1,1,1,82022,80867,5.582554272590918,0,2.0,0,0,0,0.0
1,1,1,118,33,5.545895274441502,0,1.0,0,0,0,0.0
0,1,1,154,4,5.398081974317285,0,1.0,0,0,0,0.0
0,1,1,11900,429,5.5809258217581545,0,1.0,0,0,0,0.0
0,1,1,709,1760,5.57958253202763,0,1.0,0,0,0,0.0
0,1,1,1752,92,5.57953905597115,0,1.0,0,0,0,0.0
1,1,1,4475,365,5.578133277331456,0,1.0,0,9,29,133.01754385964912
1,1,1,85,33,5.577801946685272,0,2.0,0,0,0,0.0
1,1,1,2640,7620,5.577383537173776,0,1.0,0,1,14,28.5
0,1,1,9282,5668,5.576728512710572,0,1.0,0,1,0,71.5
0,1,1,4000,76,5.576681265771641,0,7.0,0,11,45,92.30434782608695
0,1,1,4171,61,5.575802713536997,0,1.0,0,3,5,119.0
1,1,1,73411,596,5.57567859129703,0,3.0,0,96,54,73.27232142857143
0,1,1,44856,6877,5.4819474140211915,0,5.0,0,20,48,66.0421052631579
1,1,1,5,1,5.3801836867415505,0,1.0,0,0,0,0.0
0,1,1,36070,2,5.572837247215097,0,2.0,0,0,0,0.0
0,1,1,3855,1045,5.573134386414529,0,1.0,0,0,0,0.0
1,1,1,34526,1375,5.573148424237431,0,1.0,0,5,43,82.16666666666667
1,3,2,2587,4882,4.960685530988261,1,20.0,1,22,53,94.3015873015873
0,1,1,15227,4847,5.568911314951554,0,1.0,0,0,0,0.0
0,2,2,25441,2361,5.566196818285141,0,12.0,0,0,45,44.1764705882353
1,1,1,10078,12791,5.565645350492913,0,2.0,0,0,0,0.0
0,1,1,13702,30970,5.565440360252844,0,2.0,0,0,0,0.0
1,1,1,789,5,5.204466490250056,0,1.0,0,3,50,69.0
0,1,1,349,1,5.2999324002051855,0,1.0,0,1,0,502.0
1,1,1,5213,8768,5.56381815197338,0,2.0,0,0,0,0.0
1,1,1,44786,3873,5.393838464037669,0,1.0,0,1,1,118.125
0,1,1,2026,1,5.0616988526603786,0,2.0,0,0,0,0.0
0,1,1,792,174,5.563108750751487,0,1.0,0,0,0,0.0
0,1,1,399,68,5.19616725329921,0,1.0,0,2,49,150.25
1,1,1,47351,1,5.562535608307195,0,2.0,0,0,0,0.0
1,1,1,26231,79,5.286595644558368,1,1.0,0,0,0,0.0
1,1,1,16344,928,5.561094243944886,0,1.0,0,8,41,73.25
1,1,1,15277,14,5.5610379975890165,0,1.0,0,0,0,14.0
0,1,1,105,6,5.560166480109867,0,1.0,0,1,0,65.0
0,1,1,805,5,5.559490446444443,0,1.0,0,0,0,0.0
0,1,1,3343,252,5.555246841100564,0,1.0,0,8,49,84.6086956521739
0,1,1,26,1,5.554664223918015,0,2.0,0,0,0,0.0
1,1,1,3142,939,5.401709753362586,0,7.0,0,0,0,0.0
0,1,1,13651,2698,5.554317587925417,0,1.0,0,0,0,0.0
0,1,1,27398,711,5.467685302834028,0,1.0,0,0,0,0.0
1,1,1,19382,3446,5.551683293809261,0,1.0,0,0,0,0.0
1,1,1,57,22,5.551537211724439,0,1.0,0,0,0,0.0
1,1,1,29,1,5.550985395363245,0,1.0,0,3,8,80.66666666666667
0,1,1,11142,127,5.2520610475040925,0,1.0,0,2,15,86.05882352941177
1,1,1,1579,17,5.549358909191927,0,1.0,0,0,0,0.0
0,1,1,678,41,5.549015600448549,0,5.0,0,0,0,0.0
1,1,1,72,1,5.385345105860875,0,1.0,0,0,0,0.0
0,1,1,1585,36036,5.538951970768219,0,3.0,0,0,0,0.0
1,1,1,1468,33746,5.543297421626333,0,1.0,0,0,0,0.0
1,1,1,40,1,5.339082018680608,0,1.0,0,0,0,0.0
0,1,1,9377,45,5.540713860138767,0,7.0,0,14,47,73.85
1,1,1,13831,18090,5.540697635837806,0,1.0,0,7,21,23.125
0,1,1,8130,1,5.54049666998489,0,4.0,0,0,0,0.0
0,1,1,12051,578,5.540417861710496,0,3.0,0,0,34,59.333333333333336
0,1,1,7041,1,5.494434833850329,0,1.0,0,3,48,50.4
0,2,2,31633,8597,5.3116007146524185,0,17.0,0,138,54,56.41809290953545
1,1,1,288,53,5.538141801427078,0,1.0,0,0,0,0.0
1,1,1,5468,140,5.5368079230586345,0,1.0,0,0,0,0.0
0,1,1,962,1,5.276182210076658,0,2.0,0,0,0,0.0
1,1,1,202,349,5.223401865563767,0,1.0,0,0,0,0.0
0,1,1,137,1,5.117090295609144,0,1.0,0,1,32,23.0
1,1,1,2102,78,5.533506531317817,0,1.0,0,2,35,131.0
1,1,1,960,4,5.533170130577584,0,1.0,0,0,0,0.0
1,1,1,5623,10796,5.53287460747063,0,1.0,0,0,0,10.0
1,1,1,191,635,5.532349218974673,0,1.0,0,0,0,0.0
1,1,1,19,26,5.159943934669149,0,1.0,0,0,0,0.0
0,1,1,1076,1,5.530484691887696,0,5.0,0,0,0,0.0
1,1,1,606,30,5.530217149362282,0,1.0,0,0,0,0.0
0,1,1,35809,10056,5.529324812809439,0,2.0,0,2,20,143.8
0,1,1,1672,533,5.526742835726264,0,1.0,0,0,0,0.0
1,1,1,1252,1,5.52527501181063,0,1.0,0,0,0,0.0
1,1,1,1146,1206,5.5246315534994785,0,1.0,0,0,0,0.0
0,1,1,1248,56,5.504943142466954,0,2.0,0,0,0,0.0
0,1,1,4725,33,5.523699511772604,0,8.0,0,6,50,76.80434782608695
0,1,1,7966,33806,5.522023116862979,1,3.0,3,47,50,100.58653846153848
1,1,1,12508,3107,5.521138322075036,0,1.0,0,0,0,0.0
0,1,1,72101,1403,5.122306028110983,0,1.0,0,10,39,51.672413793103445
0,1,1,1639,2530,5.519708523864779,0,1.0,2,3,15,41.285714285714285
1,1,1,623,1,5.517926575934645,0,1.0,0,0,0,0.0
1,1,1,32312,622,5.516671949473824,0,2.0,0,0,0,107.0625
0,1,1,1117,637,5.501016576441654,0,4.0,0,13,53,124.875
1,1,1,3486,233,5.515792414908458,0,1.0,0,2,54,128.08333333333334
0,1,1,8993,4148,5.442563652264911,0,1.0,0,0,0,0.0
0,1,1,29430,14,5.465001416860444,0,2.0,0,1,0,53.0
1,1,1,5384,3109,5.491380545818286,0,1.0,0,0,0,0.0
0,1,1,100,4,5.505142555603568,0,1.0,0,0,0,0.0
0,1,1,883,127,5.506428141326183,0,1.0,0,0,0,0.0
1,1,1,841,87,5.508710349098637,0,1.0,0,25,4,236.728813559322
0,1,1,6003,34,5.5081898088801164,0,1.0,0,0,1,876.0
1,1,1,14,1,5.212786007577102,0,1.0,0,0,0,0.0
0,1,1,1855,195,5.504789803810022,0,1.0,0,0,0,0.0
0,1,1,24560,1314,5.502553385324459,0,1.0,0,0,0,0.0
0,1,1,175,1031,5.4995166841811525,0,2.0,0,0,0,0.0
0,1,1,3350,1,5.498046610411285,0,1.0,0,0,0,0.0
1,1,1,1164,274,5.4972766532535795,0,1.0,0,0,0,0.0
0,1,1,305572,7209,5.4968082716276,1,2.0,0,1,0,128.33333333333334
1,1,1,16657,54,5.495840042104442,0,1.0,0,0,0,0.0
0,1,1,3839,231,5.495751378834739,0,1.0,0,2,42,77.5
1,1,1,107,16,5.262148570002635,0,1.0,0,0,0,0.0
0,1,1,8057,853,5.492686823862244,0,1.0,0,0,0,0.0
0,1,1,20846,471,5.492530823405936,0,1.0,0,0,0,0.0
1,1,1,42814,1878,5.49138773901422,0,3.0,0,0,38,27.705882352941178
0,1,1,303,157,5.425827620374019,1,1.0,0,43,43,213.93788819875775
1,1,1,795,32,5.474406314571296,0,1.0,0,0,0,0.0
1,1,1,166,1,5.489522514789311,0,1.0,0,0,0,0.0
1,1,1,2719,10691,5.414835466344562,0,1.0,0,0,0,0.0
1,1,1,82,2,5.003631033814838,0,1.0,0,0,0,0.0
1,1,1,10830,17335,5.48685190612452,0,1.0,0,0,0,0.0
0,1,1,9451,17,5.486619632440843,0,1.0,0,0,0,0.0
1,1,1,7540,1,5.484880780310136,0,8.0,0,0,0,0.0
1,1,1,619,1437,5.4843186336323155,0,1.0,0,0,0,0.0
1,1,1,8571,14,5.454672589573198,0,1.0,0,5,32,85.0
0,1,1,39188,5,5.48341153043055,0,1.0,0,0,34,62.68421052631579
1,1,1,16,148,5.433422019187617,0,1.0,0,0,0,0.0
1,1,1,14887,1080,5.482551357286839,0,2.0,0,0,0,0.0
0,1,1,10,1,5.447264896973,0,1.0,0,1,0,236.0
1,1,1,9506,81,5.482258115722208,0,1.0,0,0,0,0.0
0,1,1,1098,3,5.480377396022358,0,1.0,0,0,0,0.0
0,1,1,118,1,5.480254953251044,0,1.0,0,0,0,0.0
1,1,1,669,2602,5.461950899710851,0,1.0,0,0,0,0.0
1,1,1,2257,4084,5.478081277179353,0,1.0,0,0,0,0.0
1,2,2,252,91,5.091390464189772,0,10.0,0,0,0,0.0
1,1,1,9302,1457,5.328265036400587,0,1.0,0,0,0,0.0
0,1,1,502,526,5.4754286673484405,0,2.0,0,0,0,0.0
0,1,1,5521,450,5.412211629297385,0,1.0,0,0,0,0.0
1,1,1,2,1,5.384940860924631,0,1.0,0,1,0,601.0
1,1,1,4339,4187,5.469379126191952,0,9.0,0,0,0,0.0
0,1,1,198,1,5.469192768547518,0,1.0,0,1,0,102.0
0,1,1,1075,993,5.131583032699418,0,4.0,0,0,0,0.0
1,2,2,597,1,5.465891566935228,0,13.0,0,64,55,107.1818181818182
0,1,1,805,11,5.1638839681317705,0,1.0,0,0,0,0.0
1,1,1,815,1036,5.4594577443378185,0,2.0,0,5,43,59.857142857142854
0,1,1,976,12,5.43666649912272,0,1.0,0,3,16,173.25
1,1,1,7359,182,5.456781273376782,0,1.0,0,6,48,114.5
1,1,1,17,3,5.4565730192636686,0,1.0,0,0,0,0.0
0,1,1,593,1330,5.4560961452301555,0,1.0,0,0,0,0.0
0,1,1,87222,19401,5.455810286989985,0,1.0,0,0,0,0.0
1,1,1,222,9,5.347016494052626,0,1.0,0,2,25,98.5
1,1,1,29,1,5.0397767166297545,0,2.0,0,3,0,201.66666666666663
1,2,2,12265,10488,5.455501581638501,0,12.0,0,0,0,0.0
0,1,1,13247,13,5.4538756341646755,0,1.0,0,0,0,0.0
1,1,1,1004,309,5.416524219608435,0,1.0,0,0,0,0.0
1,1,1,5506,33,5.451200335662888,0,6.0,0,0,0,0.0
1,1,1,11,1,5.449855556592236,0,1.0,0,0,0,0.0
1,1,1,3367,12060,5.449794968968336,0,1.0,0,0,0,0.0
0,1,1,728,16375,5.152424858440285,0,1.0,1,3,37,80.18181818181819
0,1,1,258,13,5.447454296673865,0,1.0,0,0,0,0.0
1,1,1,6904,185,5.233934827512711,0,1.0,0,4,36,53.733333333333334
1,1,1,913,38,5.445811871394375,0,1.0,0,0,0,0.0
1,1,1,23071,41,4.993308100511926,0,2.0,0,33,38,58.45933014354067
0,1,1,181,14,5.438014161809363,0,1.0,0,0,0,0.0
1,2,2,2293,70,5.418281672646689,0,11.0,0,11,42,186.53846153846155
1,1,1,30109,6552,5.444540767127892,0,1.0,0,0,0,0.0
1,1,1,2532,5090,5.44414983118853,0,2.0,0,0,0,0.0
1,1,1,9034,799,5.176686304177604,0,1.0,0,3,47,45.0
1,1,1,51,1,5.220316998526984,0,1.0,0,0,0,0.0
1,1,1,87758,4505,5.441367458638019,0,1.0,0,0,0,0.0
1,1,1,189,8,5.441188262501431,0,1.0,0,38,53,105.38095238095238
0,1,1,2292,2553,5.418363206096634,1,1.0,0,1,0,96.0
1,1,1,3454,1376,5.44033300101133,0,1.0,0,1,0,87.0
0,1,1,1036,1563,5.438658253882271,0,1.0,0,0,0,0.0
1,1,1,29729,1440,5.4383797155903855,0,3.0,0,4,36,62.0
1,1,1,3014,440,5.436775284328186,0,1.0,0,1,0,115.0
0,1,1,1354,95,5.379760143759828,0,1.0,0,1,45,71.75
0,1,1,17,1,5.435807625190608,0,1.0,0,0,0,0.0
0,1,1,6437,86,5.435198992087964,0,1.0,0,11,35,54.6
1,1,1,1916,12,5.43435320533612,0,1.0,0,0,0,0.0
0,1,1,776,1,5.432227188148501,0,1.0,0,1,0,284.0
0,1,1,26000,813,5.431233861659795,0,1.0,0,0,0,0.0
1,1,1,4457,925,5.398008584705908,0,1.0,0,0,0,370.3333333333333
0,1,1,3106,35,5.42898210613973,0,9.0,0,0,0,0.0
0,1,1,18,34,5.426745339085201,0,1.0,0,0,0,0.0
1,1,1,17285,1,5.426120038048367,0,2.0,0,0,0,34.0
0,1,1,1179,100,5.2757348376529,0,1.0,0,0,0,0.0
0,1,1,5128,226,5.4089986156334815,0,1.0,0,1,0,68.31818181818181
1,1,1,4101,695,5.425614106038329,0,1.0,0,0,0,0.0
1,1,1,107,1116,5.425304228227595,0,1.0,0,0,0,0.0
1,1,1,907,1,5.188273433743857,0,1.0,0,3,34,47.75
0,1,1,9556,349,5.379491175270463,0,1.0,0,2,0,285.6666666666667
0,1,1,4498,443,5.245498507893982,0,1.0,0,2,20,114.0
0,1,1,1983,33,5.417670250992317,0,3.0,0,1,0,61.0
0,1,1,3838,199,5.416097000808526,0,1.0,0,1,0,508.0
0,1,1,2160,118,5.2307014067202555,0,4.0,0,0,0,0.0
1,1,1,67,1,5.408956407100513,0,2.0,0,1,0,76.0
1,1,1,28,1,5.412841651859304,0,1.0,0,0,0,0.0
1,1,1,0,1,5.4118675917279875,0,1.0,0,1,0,178.0
0,1,1,0,1,5.411849054196616,0,1.0,0,0,0,0.0
0,1,1,91,53,5.261085846601616,0,2.0,0,1,0,293.75
1,1,1,17129,257,5.408992848401499,0,1.0,0,1,2,329.0
1,1,1,1,1,5.407618947978146,0,1.0,0,1,0,342.0
0,1,1,18,1,5.4073060914871585,0,1.0,0,0,0,0.0
1,1,1,127,1,5.407234634849138,0,1.0,0,0,0,0.0
1,1,1,280,1,5.398202959436559,0,1.0,0,5,26,67.8
1,1,1,61,1,5.297470616039089,0,2.0,0,0,0,0.0
1,1,1,56,197,5.401501847818438,0,5.0,2,23,43,103.80625
1,1,1,847,131,5.330609638017947,0,1.0,0,0,0,0.0
0,1,1,3389,1,5.3995940031154195,0,1.0,0,1,0,175.0
1,1,1,19638,1639,5.398518414350748,0,1.0,0,2,35,212.07692307692307
1,1,1,849,129,5.394689194131212,0,9.0,0,5,20,128.1
1,1,1,2775,1,5.397672374094201,0,1.0,0,0,0,0.0
1,1,1,24128,9098,5.396955747988287,0,1.0,0,0,0,0.0
1,1,1,21619,5,5.3963945519531,0,2.0,0,2,11,56.8
1,1,1,6321,29,5.395208688642835,0,1.0,0,0,0,0.0
0,1,1,164,1,5.393493190632848,0,1.0,0,0,0,0.0
1,1,1,15,1,4.881259402258573,0,1.0,0,0,0,0.0
0,1,1,1,1,5.390994965165765,0,1.0,0,1,0,181.0
0,1,1,-12,1,5.390843749610717,0,1.0,0,0,0,0.0
0,1,1,6,1,5.390175542902982,0,1.0,0,1,0,263.0
0,1,1,68015,115,5.389779853750448,0,2.0,0,0,0,0.0
1,1,1,3100,560,5.3897682242222205,1,7.0,0,0,0,639.5
1,1,1,2145,180,5.387058449080892,0,2.0,0,0,3,11.5
1,1,1,393,2395,5.386666816003598,0,1.0,0,3,64,132.66666666666666
1,1,1,10447,1513,5.222127750928941,0,1.0,0,0,0,0.0
0,1,1,15563,1504,5.355410890331177,0,1.0,0,0,0,0.0
1,1,1,644,124,5.385313354396885,0,1.0,0,25,34,56.791044776119406
1,1,1,17908,1,5.384858440208228,0,1.0,0,0,0,0.0
0,1,1,7871,135,5.360248647321569,0,2.0,0,5,36,220.75
1,1,1,68432,1461,5.381303860645776,0,1.0,0,3,20,72.3076923076923
1,1,1,4,1,5.37896790987639,0,1.0,0,0,0,0.0
0,1,1,2983,485,5.378605081270919,0,1.0,0,0,0,0.0
0,1,1,1676,178,5.375893848477551,0,1.0,0,5,29,75.15384615384616
0,1,1,0,1,5.3759440740967355,0,1.0,0,1,0,116.0
0,1,1,25,1,5.374845448092223,0,1.0,0,1,0,496.0
1,1,1,42,4,5.374711185664156,0,1.0,0,0,0,0.0
1,2,2,44485,106,5.374568335764289,0,10.0,0,0,0,0.0
1,1,1,1896,60,5.374407487030545,0,1.0,0,0,3,105.5
1,1,1,1470,442,4.979574388189063,0,1.0,0,2,46,31.0
1,1,1,1135,788,5.373782534562677,0,1.0,0,0,0,0.0
0,1,1,1911,27115,5.155371090092882,0,1.0,0,0,0,0.0
1,2,2,45116,9849,5.349736599510583,0,15.0,0,0,0,0.0
1,1,1,3211,54,5.373019105151061,0,3.0,0,0,0,0.0
0,1,1,603,1928,5.372959468169796,0,1.0,0,0,0,0.0
0,2,2,5995,15,5.371726579737215,0,13.0,0,77,53,116.68582375478928
1,1,1,13434,4779,5.36223431796826,0,1.0,0,0,0,0.0
1,1,1,9499,644,5.258703377719318,0,1.0,0,2,9,53.0
0,1,1,249,1739,5.367790127028518,0,1.0,0,0,0,0.0
0,1,1,4699,1,5.365732619486753,0,1.0,0,0,29,31.22222222222222
0,1,1,4220,376,5.362477175473266,0,2.0,0,2,13,22.65
1,1,1,193,47,5.362685778155346,0,1.0,0,0,0,0.0
0,1,1,811,1,5.360291806497171,0,1.0,0,0,0,0.0
1,1,1,14444,118,5.35957616272198,0,1.0,0,1,1,25.0
0,1,1,281,174,5.359334667804749,0,1.0,0,0,0,0.0
0,1,1,4415,8955,5.357766551091184,0,1.0,0,0,0,0.0
1,1,1,411,1,5.35678536114011,0,1.0,0,16,74,93.54166666666669
1,1,1,969,82,5.356585440994092,0,1.0,0,0,0,0.0
1,1,1,2054,11,5.355262590080208,0,1.0,0,0,0,0.0
0,1,1,256,284,5.354602368770602,0,1.0,0,0,0,0.0
1,1,1,3681,1,5.352837310591273,0,5.0,0,5,4,184.55555555555551
1,1,1,2991,15032,5.352728081752578,0,1.0,0,0,0,0.0
1,1,1,5693,303,5.352684605696097,0,2.0,0,0,0,17.0
0,1,1,5734,2654,5.35175303929054,0,1.0,0,0,0,0.0
1,1,1,5300,1,5.351540855854537,0,6.0,0,10,51,81.33333333333333
1,1,1,31266,858,5.351422057213322,0,3.0,0,0,0,0.0
1,1,1,317,31,5.3476552308386935,0,1.0,0,1,0,254.5
1,1,1,7120,388,5.347385755339923,0,1.0,0,0,0,0.0
1,1,1,510,548,5.34572222579395,0,1.0,0,0,0,10.0
1,1,1,3670,76,5.343628974089131,0,1.0,0,0,0,0.0
0,1,1,2201,194,5.297055914033867,0,1.0,0,7,51,47.04761904761905
1,1,1,356,116,5.34270108350176,0,1.0,0,0,0,0.0
1,1,1,29,1,5.341263775214691,0,1.0,0,1,0,369.0
0,1,1,255,266,5.340499173343827,0,1.0,0,0,0,0.0
1,1,1,27038,2130,5.339813696628234,0,1.0,0,0,0,0.0
0,1,1,2167,337,5.176949695563514,0,1.0,0,0,0,0.0
1,1,1,6380,389,5.33246088779613,0,8.0,0,0,0,0.0
1,1,1,31,8,5.331992886427204,0,1.0,0,0,0,0.0
0,1,1,3647,1071,5.330999655002762,0,2.0,0,0,0,0.0
0,2,2,5304,1,5.330432026285749,0,10.0,0,0,0,0.0
0,1,1,99993,221,5.3303152239940665,0,1.0,0,0,0,0.0
0,1,1,18736,252,5.3280520607623885,0,2.0,0,0,0,0.0
0,6,3,33379,43,5.327340124493471,0,75.0,0,38,42,127.65168539325845
1,1,1,4052,1165,5.05754641394514,0,1.0,0,1,0,112.66666666666669
1,1,1,10354,185,5.3253589535552495,0,1.0,0,2,3,318.0
1,1,1,3421,1306,5.324808911726974,0,1.0,0,0,0,0.0
1,1,1,6741,1203,5.324324907873702,0,2.0,0,0,0,0.0
0,1,1,6653,64,4.981927704030571,0,1.0,0,0,0,0.0
0,1,1,1332,301,5.322061427761146,0,5.0,0,1,0,21.0
0,1,1,105,1,5.32185624739255,0,1.0,0,1,0,252.0
1,1,1,25,10,5.321613928585037,0,1.0,0,3,134,150.8
1,1,1,1914,81,5.32079919615925,0,1.0,0,0,0,0.0
0,2,2,3348,1,5.320321751740156,0,16.0,0,10,52,110.53703703703704
1,1,1,3981,4567,5.320297415288715,0,1.0,0,0,0,0.0
0,1,1,163,29,5.05308175250067,0,1.0,0,2,31,141.66666666666666
0,1,1,975,16,5.3191269207010405,0,1.0,0,0,0,0.0
1,1,1,373,1,5.319111710418889,0,1.0,0,0,0,0.0
0,1,1,763,1,5.317058734273682,0,7.0,0,0,0,0.0
1,1,1,577,137,5.316333045374653,0,1.0,0,1,1,319.0
0,1,1,28378,8825,5.316272267622225,0,3.0,0,0,0,0.0
1,1,1,5468,107,5.276344674902881,0,2.0,0,7,0,39.5
1,1,1,107,40,5.119378650870635,0,2.0,0,3,14,101.9
0,1,1,5889,137,5.315100030189721,0,1.0,0,15,45,85.36170212765957
0,1,1,1089,134,5.312916277306106,0,3.0,0,0,0,0.0
1,1,1,90,44,5.222334610766191,0,1.0,0,0,0,0.0
1,1,1,745,5,4.795008705120641,0,1.0,0,2,8,141.7
1,1,1,2652,20,5.266002633683016,0,1.0,0,0,0,0.0
1,1,1,75,978,5.223161131160644,0,1.0,0,0,0,0.0
0,1,1,1146,421,5.306921905110501,0,1.0,0,0,0,0.0
0,1,1,1346,3832,5.306339097799426,0,2.0,0,2,35,80.33333333333333
1,1,1,8663,11975,5.30517078968981,0,1.0,0,0,0,0.0
0,1,1,43816,184,5.303517812277079,0,1.0,0,0,33,155.33333333333334
0,1,1,969,21,5.246262856260145,0,1.0,0,0,0,0.0
0,1,1,13719,3920,5.302841715235479,0,1.0,0,0,0,0.0
0,1,1,-98,1,5.30235188077405,0,1.0,0,2,45,22.692307692307693
0,2,2,194099,29650,5.302191570737799,0,13.0,0,0,0,0.0
0,1,1,6900,134,5.302090992747077,0,1.0,0,0,0,0.0
0,1,1,147,714,5.301910243894185,0,1.0,0,0,0,0.0
1,1,1,99704,3231,5.301813658602528,1,1.0,0,0,0,0.0
0,1,1,6877,2873,5.150332905947066,0,1.0,0,5,44,104.85714285714286
0,1,1,26006,650,5.300137517197605,0,1.0,0,0,0,0.0
1,1,1,1642,474,5.298637878441807,0,1.0,0,0,0,0.0
0,1,1,15595,2552,5.296910560775063,0,6.0,0,17,23,71.45588235294117
0,1,1,65,1,4.9240151568153205,0,1.0,0,0,0,0.0
1,1,1,14599,50,5.295783668996221,0,1.0,0,4,24,29.0
1,1,1,11127,7304,5.293466731079523,0,3.0,1,14,50,82.82857142857142
0,1,1,3244,50,5.265234102489263,0,5.0,0,0,0,0.0
0,1,1,415,144,5.289476028364487,0,1.0,0,1,0,566.0
0,1,1,3357,5,5.288028009503738,0,1.0,0,13,17,200.42857142857144
0,1,1,98,1,5.282991694955102,0,1.0,0,0,0,0.0
0,1,1,3346,42,5.282091119499428,0,2.0,0,6,46,71.98412698412699
1,1,1,16950,1,5.281583919965876,0,1.0,0,0,0,396.5
0,1,1,3977,13,5.27862361880229,0,1.0,0,0,0,0.0
0,1,1,1480,5542,5.27494827593718,0,2.0,0,1,0,54.0
1,1,1,1872,6092,5.275699663875426,0,4.0,1,5,27,78.72340425531915
1,1,1,59,27,5.273315325395948,0,1.0,0,0,0,0.0
0,1,1,803,100,5.261732378657285,0,2.0,0,4,13,131.0
0,1,1,13,8,5.271554038099068,0,2.0,0,1,0,61.666666666666664
1,1,1,0,1,5.224711502545033,0,1.0,0,1,0,234.0
0,1,1,607,146,5.270033009883995,0,1.0,0,0,0,0.0
1,1,1,4665,641,5.26931277133607,0,1.0,0,0,0,0.0
0,2,2,791,1,5.2648726364715674,0,17.0,0,2,49,126.5
0,1,1,14808,7425,5.268594402385325,0,2.0,0,0,0,0.0
0,1,1,48325,19,5.267756632719698,0,1.0,0,0,0,0.0
1,1,1,9312,363,5.267095207262756,0,9.0,0,0,0,0.0
1,1,1,83,36,5.26659459885147,0,2.0,0,5,46,137.83333333333334
1,1,1,3151,1275,5.26511381450792,0,1.0,0,0,0,0.0
1,1,1,11208,9032,5.264500871825334,0,1.0,0,0,0,0.0
1,1,1,12948,224,5.262294240142316,0,1.0,0,0,0,0.0
1,1,1,177,910,5.262025176588687,0,1.0,0,0,0,0.0
1,1,1,14502,68,5.261165193573502,0,4.0,0,0,0,0.0
0,1,1,2411,186,5.259890350112656,0,5.0,0,41,54,134.84782608695653
0,1,1,3553,3393,5.259800546071791,0,2.0,0,0,0,0.0
1,1,1,4691,12,5.2593592577608925,0,6.0,0,0,0,0.0
1,1,1,0,1,5.150428287091387,0,1.0,0,1,0,564.0
1,1,1,27903,4353,5.257471693434074,0,3.0,0,0,0,98.375
0,1,1,13599,366,5.256941963670087,0,3.0,0,8,49,130.61111111111111
0,1,1,1372,156,5.005231504066062,0,4.0,1,0,9,39.0
1,1,1,31285,3486,5.2564287433998516,0,1.0,0,0,0,0.0
0,1,1,152,1,5.255804234565212,0,1.0,0,8,4,136.7
1,1,1,41,22,5.255557479425405,0,1.0,0,0,0,0.0
1,1,1,1870,106,5.253884031507946,0,2.0,0,0,0,0.0
0,3,2,11932,1,5.253549183484015,0,27.0,0,74,53,101.90434782608696
1,1,1,272,1,5.251322619993762,0,1.0,0,0,0,0.0
0,1,1,142,1,5.251071555274011,0,1.0,0,0,0,0.0
0,1,1,2971,40,5.134824787458968,0,1.0,0,0,0,0.0
0,1,1,2675,6847,5.141595264301314,0,1.0,0,0,14,15.25
1,1,1,434,1,5.2487619373055985,0,1.0,0,0,0,0.0
0,1,1,9037,62,5.248408171493242,0,1.0,0,0,0,0.0
1,1,1,2653,21279,5.247858763426723,0,1.0,0,0,0,0.0
0,1,1,45,2451,5.192031989527567,0,1.0,0,1,0,136.0
1,1,1,5207,162,4.900760853572995,0,1.0,0,4,49,101.875
1,1,1,72725,325,5.245198706895174,0,2.0,0,3,1,91.33333333333331
1,1,1,5836,865,5.237740883740055,0,1.0,0,0,0,0.0
0,1,1,389,33,5.23756510991695,0,2.0,0,1,0,354.5
1,1,1,1232,31,5.236609270436128,0,1.0,0,0,0,0.0
1,1,1,1750,9058,5.235034657664561,0,5.0,0,1,9,127.33333333333331
0,1,1,306,1,5.165034594288385,0,1.0,0,0,0,0.0
1,1,1,793,81,5.233354935505715,0,2.0,0,0,0,0.0
1,1,1,10109,30765,5.232218632364791,0,1.0,0,7,38,39.16216216216216
1,1,1,14976,13508,4.989974165104924,0,4.0,0,98,51,54.26650943396226
0,1,1,3126,762,5.1609507602832645,0,1.0,0,2,0,79.0
1,1,1,24660,1635,5.228939707478235,0,1.0,0,1,0,48.0
1,1,1,14772,5258,5.22732649861571,0,1.0,0,5,34,56.875
1,1,1,316,65,5.226166112528048,0,1.0,0,0,0,0.0
1,1,1,12530,1871,5.226127041115774,0,1.0,0,0,0,0.0
0,5,3,19228,697,4.9189639805535,1,43.0,0,160,117,135.0768526989936
0,1,1,1229,12,5.224932400205185,0,2.0,0,0,0,0.0
0,1,1,170,38,5.223381997132708,0,1.0,0,1,0,65.0
0,1,1,658,340,5.090092139855855,0,1.0,0,0,0,0.0
1,1,1,294,38,5.223149406568153,0,1.0,0,0,0,0.0
1,1,1,1475,4703,5.222683338172584,0,1.0,0,0,0,0.0
0,1,1,7492,1619,5.220963530582654,0,1.0,0,2,43,50.25
0,1,1,13528,965,5.220863934922654,0,2.0,0,0,0,0.0
1,1,1,54397,705,5.220535297763935,0,1.0,0,3,25,118.72727272727272
1,1,1,18521,21520,5.220585903640174,0,1.0,0,0,0,0.0
0,1,1,1119,129,5.022197813291098,0,1.0,0,1,6,62.333333333333336
0,1,1,595,80,5.214629240269068,0,1.0,0,10,35,40.507462686567166
0,1,1,-3,1,5.193796825890281,0,1.0,0,0,0,0.0
0,1,1,9859,2009,5.21278182474951,0,2.0,0,4,22,81.07142857142857
1,1,1,72,31,5.212626204550256,0,1.0,0,1,8,158.0
0,1,1,1833,792,5.207356063601641,0,1.0,0,4,30,101.4
0,1,1,508,42,5.212079870228254,0,1.0,0,0,0,0.0
1,1,1,423,1,5.209829952617282,0,2.0,0,8,42,69.5625
0,1,1,423,35,5.176218397872942,0,1.0,0,0,0,0.0
0,1,1,2078,41,5.204503977257939,0,1.0,0,0,0,0.0
1,1,1,18222,6111,5.20420376431399,0,1.0,0,2,17,110.66666666666669
1,1,1,342,5343,5.203803860645777,0,1.0,0,1,0,183.0
1,1,1,548,3021,5.203793878898114,0,1.0,0,0,0,0.0
0,1,1,25480,90,5.199155820237126,0,1.0,0,0,0,0.0
1,1,1,557,348,5.1983381725072615,0,2.0,0,0,0,0.0
1,1,1,29,1,5.143593673559306,0,2.0,0,0,0,0.0
1,1,1,9,31,5.133661517755316,0,1.0,0,0,0,0.0
0,1,1,1353,12,5.193564457142341,0,2.0,0,0,0,0.0
1,1,1,6268,7,5.192550565084644,0,1.0,0,0,0,0.0
0,2,2,12011,2,5.187038992594974,0,11.0,0,23,52,76.95588235294117
0,1,1,135370,541,5.186970514637208,1,1.0,0,3,27,122.55555555555556
0,1,1,17,1,5.185836081093465,0,2.0,0,0,0,0.0
1,1,1,13478,64,5.184314957814129,0,1.0,0,0,0,84.5
0,1,1,1786,893,5.184091239914162,0,1.0,0,1,0,77.0
0,1,1,78,1,5.174642295761248,0,1.0,0,0,0,0.0
1,1,1,14,16,5.179944346614291,0,1.0,0,0,0,0.0
0,1,1,372,2444,5.114303962047657,0,2.0,0,2,50,260.3333333333333
1,1,1,43,21,5.181491168932845,0,2.0,0,0,0,111.5
0,1,1,25756,784,5.181298251854233,0,5.0,0,2,21,110.8
1,1,1,664,1,5.179498210025957,0,1.0,0,1,0,60.0
1,1,1,779,96,5.178066130273378,0,1.0,0,0,0,0.0
1,1,1,4884,1,5.176949251930284,0,3.0,0,0,0,64.26315789473684
0,1,1,26126,42,5.17640687861926,0,3.0,0,2,1,200.0
1,1,1,3013,3124,5.175829743475902,0,1.0,0,5,27,81.8695652173913
0,1,1,9592,8869,5.175484153190203,0,1.0,0,0,0,0.0
1,1,1,795,2583,5.17526762848617,0,1.0,0,0,0,0.0
0,1,1,4087,38,5.169191374271654,0,1.0,0,0,0,0.0
0,1,1,9388,3051,5.163235661543183,0,6.0,0,48,51,115.45833333333331
1,1,1,1239,125,5.173315515524474,0,3.0,0,2,43,127.4
0,1,1,444,6,5.172947775265392,0,1.0,0,0,0,0.0
0,1,1,11618,762,5.162442984026515,0,1.0,0,0,0,0.0
1,1,1,3941,31,5.170656441323648,0,1.0,0,0,0,0.0
0,1,1,69,1,5.103850252006336,0,1.0,0,0,0,0.0
1,1,1,9003,12344,5.170245446824699,0,1.0,0,16,45,66.0
0,1,1,1281,24,5.1693927520697125,0,1.0,0,0,0,23.0
0,1,1,14862,1,5.168445341620249,0,1.0,0,14,17,49.98461538461538
1,1,1,10405,394,5.131122573095392,0,1.0,0,0,0,0.0
0,1,1,228,1,5.1679581689581955,0,1.0,0,0,0,0.0
1,1,1,20536,6312,5.167526640578344,0,1.0,0,0,0,8.0
1,2,2,11343,1029,5.165856266405403,0,10.0,0,24,53,174.51898734177217
1,1,1,3392,7469,5.165239045830962,0,1.0,0,0,0,0.0
0,1,1,2008,628,5.164965545945039,0,2.0,0,0,0,0.0
0,1,1,20493,1,5.164226833241918,0,2.0,0,8,50,34.75
1,1,1,1,1,5.164166308994193,0,1.0,0,1,0,196.0
1,1,1,5719,877,5.164066935150808,0,1.0,0,1,0,51.0
0,1,1,397,1,5.16361724949664,0,1.0,0,0,0,0.0
1,1,1,317,1,5.163411752247166,0,1.0,0,0,0,0.0
0,1,1,0,1,5.151072981237963,0,1.0,0,1,0,610.0
1,1,1,91,1,5.161188516006133,0,1.0,0,5,41,74.8
0,1,1,5857,412,5.160998989552917,0,1.0,0,0,0,0.0
0,1,1,1875,523,5.160479748545997,0,4.0,0,16,49,101.06060606060606
0,1,1,12161,100,5.158036596975535,0,1.0,0,0,0,0.0
1,1,1,694,81,5.157986307980174,0,1.0,0,0,0,0.0
0,1,1,236,1,5.157487822670772,0,2.0,0,0,0,0.0
0,1,1,2066,1428,5.157033764060484,0,1.0,0,0,0,0.0
0,1,1,5051,17,5.156021234590563,0,7.0,0,5,49,33.40983606557377
0,1,1,28,1,5.155395268103884,0,1.0,0,0,0,0.0
1,1,1,-71,1,5.155105892485967,0,2.0,0,0,0,0.0
1,1,1,6,3,5.153592754604759,0,1.0,0,0,0,0.0
0,1,1,1351,1,5.124663241587292,0,1.0,0,0,0,0.0
0,1,1,3974,1065,5.149479862623113,0,1.0,0,0,0,0.0
1,1,1,22851,43147,5.146798511696553,0,2.0,0,3,22,51.25
1,1,1,0,1,5.146415687907672,0,1.0,0,1,0,384.0
1,1,1,202,12,5.146159933350925,0,1.0,0,0,0,0.0
1,1,1,1846,11,5.130026672266432,0,1.0,0,9,52,123.5
0,1,1,237,19,5.1445674168097435,0,1.0,0,0,0,0.0
0,1,1,3989,21,5.143893062612973,0,4.0,0,10,53,176.8
1,6,3,9195,1,5.142149805838059,0,50.0,0,83,54,114.16216216216216
1,1,1,8151,894,5.141852983519506,0,1.0,0,0,0,166.0
1,1,1,858,1,5.139170428445609,0,1.0,0,0,0,0.0
1,1,1,34,2,5.138354238367783,0,4.0,0,0,0,0.0
1,1,1,490,13,5.137304285266153,0,2.0,0,2,14,169.33333333333334
1,1,1,2006,2,5.133066447154256,0,2.0,0,3,0,343.3333333333333
0,1,1,44984,273,5.068258128397443,1,1.0,0,31,52,80.23863636363636
0,1,1,4992,2999,5.132114125051181,0,2.0,0,0,0,0.0
1,2,2,1742,6,4.883673622604861,0,11.0,0,38,45,143.17582417582418
1,1,1,1402,1,5.129239983798361,0,1.0,0,0,0,0.0
0,1,1,46,1,5.1281872104569155,0,1.0,0,0,0,0.0
1,1,1,873,55,5.127444029733413,0,1.0,0,0,0,0.0
0,1,1,28,28,5.127362401219204,0,1.0,0,0,0,0.0
1,1,1,21371,209,5.126076054982481,0,1.0,0,1,51,120.84615384615384
0,1,1,3100,119,5.108018566453569,0,1.0,0,0,0,0.0
1,1,1,440,1,5.124904039366592,0,1.0,0,0,0,0.0
1,1,1,734,8,5.124756087684588,0,1.0,0,0,0,0.0
1,1,1,3,1,5.123286679364563,0,1.0,0,1,0,110.0
0,1,1,368,2,5.123129379696655,0,1.0,0,0,0,0.0
0,1,1,11852,3063,5.1229676753845395,0,1.0,0,0,0,0.0
0,1,1,35,1,5.120803157170227,0,1.0,0,0,0,0.0
0,1,1,4079,503,5.120287972238546,0,4.0,0,3,28,192.0
0,1,1,2,1,5.119217009934696,0,1.0,0,1,0,153.0
1,1,1,18814,1,5.1176749091412255,0,1.0,0,1,49,42.0
0,1,1,8754,6328,5.116749965546022,0,1.0,0,0,0,17.0
1,1,1,1383,989,5.001527515169568,0,3.0,0,7,22,82.72727272727273
1,1,1,113,1,5.108761588736632,0,1.0,0,0,0,0.0
0,1,1,198,8,5.110973987651632,0,1.0,0,1,0,207.0
1,1,1,6722,5511,5.1104144710851,0,1.0,0,0,0,0.0
0,1,1,2409,10,5.108904248507971,0,2.0,0,1,8,21.5
0,1,1,8262,343,5.105444226199557,0,1.0,0,0,0,0.0
1,1,1,6633,755,5.105132447103555,0,2.0,0,0,0,0.0
1,1,1,454,72,5.104246099599309,0,3.0,0,5,39,149.3548387096774
1,1,1,22109,308,5.103861406213246,0,2.0,0,2,34,67.14285714285714
1,1,1,2614,1029,5.103621210507616,0,1.0,0,0,0,0.0
1,1,1,503,719,5.103347678933606,0,1.0,0,0,0,0.0
0,1,1,585,1,5.102789683395288,0,1.0,0,0,0,0.0
0,1,1,37,32,5.102606874816689,0,1.0,0,2,7,67.64
0,1,1,7206,1311,5.095458739343776,0,2.0,0,0,0,0.0
1,1,1,152,1,5.1022843217708305,0,1.0,0,1,0,33.0
0,1,1,14689,614,5.099917221611122,0,1.0,0,0,0,0.0
0,1,1,7046,98,5.09685349052891,0,3.0,0,14,5,115.1967213114754
0,1,1,2939,806,5.095697762590158,0,1.0,0,0,0,0.0
1,1,1,1380,721,5.095116888252439,0,1.0,0,0,0,0.0
1,1,1,164,3,5.093729393639413,0,2.0,0,0,0,0.0
1,1,1,15316,70,5.091688490655663,0,1.0,0,4,41,109.25
0,1,1,1881,9,5.090821472884984,0,1.0,0,0,0,0.0
1,1,1,3439,3445,5.088852184979693,0,1.0,0,0,0,82.0
1,1,1,55601,383,5.087228677488628,0,1.0,0,11,38,40.81818181818182
0,1,1,6677,244,5.085857882497882,0,1.0,0,1,0,124.0
1,1,1,431,52,5.084106228379698,0,1.0,0,0,0,0.0
0,1,1,1214,685,5.082866431943974,0,1.0,0,0,0,0.0
1,1,1,103733,6269,5.081616368567798,0,1.0,0,0,0,0.0
1,1,1,6810,1,5.081940252513346,0,1.0,0,0,0,0.0
1,1,1,15702,929,5.081246600271096,0,1.0,0,0,0,0.0
0,1,1,0,1,5.080860797801961,0,1.0,0,1,0,147.0
0,1,1,2055,9,5.080395743425202,0,1.0,0,1,0,127.0
0,1,1,284,3,5.078366248153064,0,3.0,0,0,0,0.0
1,1,1,18201,1,5.078214652340963,0,1.0,0,1,26,72.0
1,1,1,12,11,5.072035031583997,0,3.0,0,0,0,0.0
1,1,1,5409,1,5.073733132833775,0,3.0,0,8,35,117.95454545454544
0,1,1,1435,24,5.073706863408978,0,7.0,0,2,0,144.5
0,1,1,1502,1,5.073483684206503,0,2.0,0,6,31,276.02702702702703
1,1,1,254,1,5.025220888556644,0,1.0,0,0,0,0.0
1,1,1,2789,2901,5.073341214563691,0,7.0,0,0,0,0.0
1,1,1,5002,31,5.072137732676603,0,1.0,0,6,39,97.0
0,1,1,3037,34,5.0719468753236985,0,4.0,0,3,22,124.57142857142856
1,1,1,6415,1310,5.070073602324484,0,1.0,0,0,0,0.0
0,1,1,-4,18,4.777318956850811,0,1.0,2,17,60,25.895027624309392
0,1,1,9,51,5.065095150224198,0,1.0,0,0,0,0.0
1,1,1,1538,717,5.06484969429599,0,1.0,0,0,0,0.0
1,1,1,37,10,5.012912791616446,0,1.0,0,0,0,0.0
1,1,1,2087,12,5.063865493976574,0,1.0,0,0,0,0.0
0,1,1,2428,83,5.06330470988653,0,2.0,0,0,0,0.0
1,1,1,7776,3,5.06281633307714,0,1.0,0,0,38,79.54545454545455
1,1,1,1849,376,5.062647562321442,0,5.0,3,15,52,48.81325301204819
0,1,1,358,3849,5.060817321745479,0,1.0,0,0,0,0.0
0,1,1,27,1,5.060587234539862,0,1.0,0,0,0,0.0
1,1,1,5615,2184,5.05980403176145,0,1.0,0,0,0,0.0
1,1,1,-100,1,5.059781374778663,0,1.0,0,0,0,0.0
0,1,1,3738,2897,5.059048968005018,0,1.0,0,1,1,120.5
1,1,1,383,1,5.056181671379165,0,1.0,0,0,0,0.0
0,1,1,12000,9558,5.058433268458791,0,1.0,0,0,0,0.0
0,1,1,23493,1,5.056978500035337,0,3.0,0,28,27,78.89893617021276
0,1,1,679,103,5.053198871673231,0,1.0,0,3,41,46.833333333333336
0,1,1,81,51,5.052200189897684,0,1.0,0,0,0,0.0
1,1,1,19084,1109,5.0516395325599905,0,1.0,0,3,35,58.0
1,1,1,1730,1,5.051456185283898,0,1.0,0,0,0,0.0
0,1,1,3058,1,5.043978557073895,0,1.0,0,0,0,0.0
1,1,1,492,1,5.043200297637182,0,2.0,0,1,2,211.0
0,1,1,41,1,5.0419568570713595,0,2.0,0,0,0,0.0
0,1,1,1939,1,5.040397613022383,0,1.0,0,0,0,0.0
0,1,1,968,253,4.89421463332811,0,1.0,0,0,0,0.0
0,1,1,17423,6984,5.0360559013586315,0,4.0,0,1,0,112.0
0,1,1,272,44,5.034188934288892,0,2.0,0,7,47,100.16888888888889
0,1,1,7401,52,5.0312199822773325,0,1.0,0,0,0,0.0
1,1,1,291,1,4.768901523332419,0,1.0,0,4,14,56.78947368421053
1,1,1,493,1,5.030009275506222,0,5.0,0,29,29,152.1578947368421
1,1,1,7282,373,5.028412069128043,0,3.0,0,0,0,0.0
1,1,1,9,13,4.963676442844676,0,1.0,0,4,56,305.25
1,1,1,2037,2,4.771993646941312,0,4.0,0,5,24,81.71428571428571
1,1,1,345,1,5.026479380964179,0,1.0,0,4,11,66.38461538461539
0,1,1,32,1,5.026473772172635,0,1.0,0,0,0,0.0
0,1,1,3288,2218,5.026096842368087,0,1.0,4,97,34,37.8724279835391
0,1,1,324,44,5.02602475196831,0,1.0,0,0,2,50.82142857142857
0,1,1,100,1,5.022966312796764,0,1.0,0,1,64,62.333333333333336
0,1,1,41,1,5.021664597837451,0,3.0,0,0,47,93.8
1,1,1,256,12,5.021448611830911,0,2.0,0,0,0,0.0
1,1,1,697,20,5.020222314520596,0,1.0,0,0,0,0.0
0,1,1,1404,42,5.018509953631301,0,2.0,0,28,53,77.23783783783784
1,1,1,139,170,5.0179626052904895,0,2.0,0,1,33,44.5
0,1,1,15818,1,5.0174906112225,0,6.0,0,135,55,36.34494773519164
0,1,1,3343,3,5.0169995726137335,0,8.0,0,115,52,45.48717948717949
1,1,1,1873,2373,5.016563544525412,0,1.0,0,0,0,0.0
1,1,1,213,498,5.015840137168706,0,1.0,0,1,0,138.0
1,1,1,5247,225,5.013203624886403,0,3.0,0,0,0,0.0
1,1,1,860,1,5.012909084110172,0,2.0,0,0,0,0.0
0,1,1,10314,277,5.009734476408699,0,2.0,0,0,0,0.0
0,1,1,4806,281,5.00707007860912,0,4.0,0,0,0,0.0
0,1,1,4978,557,5.006629931069383,1,1.0,0,2,13,56.42857142857143
1,1,1,498,17,5.006362705424847,0,1.0,0,0,0,0.0
1,1,1,2545,192,5.002680105987627,0,1.0,0,0,0,0.0
1,1,1,8428,367,4.976477669807436,0,1.0,0,2,22,76.4
1,1,1,78,2,4.998909952363777,0,1.0,0,0,0,0.0
0,1,1,11578,21152,4.9972051015512955,0,2.0,0,0,0,0.0
0,1,1,843,1101,4.997048657461757,0,1.0,0,0,0,0.0
0,1,1,14446,1,4.9927883524956,0,1.0,0,3,17,15.0
0,1,1,1919,1,4.996289125684942,0,3.0,0,29,46,38.19371727748691
1,2,2,3033,1,4.994197711889217,0,11.0,0,33,48,96.6925925925926
0,1,1,30772,19395,4.99408474385616,0,2.0,0,11,41,28.244897959183675
0,1,1,-1,1,4.993955519834055,0,1.0,0,1,0,109.0
1,1,1,108,1,4.993887929142747,0,1.0,0,2,10,12.0
0,1,1,3378,2605,4.993093382028898,0,2.0,0,7,50,116.07920792079209
0,2,2,2564,1383,4.992848686614798,1,19.0,0,77,53,39.34591194968554
1,1,1,74,1,4.992411612819579,0,1.0,0,0,0,0.0
0,1,1,27,1,4.9913685043449165,0,1.0,0,0,0,0.0
1,1,1,1237,26,4.991161993076632,0,1.0,0,0,0,0.0
0,1,1,2472,130,4.991040976269271,0,1.0,0,0,0,0.0
1,1,1,990,16,4.91713168025183,0,1.0,0,0,0,0.0
0,1,1,43,28,4.989413888024284,0,1.0,0,0,0,0.0
0,1,1,8559,209,4.9892885933250675,0,3.0,0,0,0,0.0
1,1,1,9,6,4.9390069812886646,0,1.0,0,0,0,43.0
1,1,1,1,4,4.9817471453062065,0,1.0,0,4,8,87.5
1,1,1,11998,1,4.977867541027047,0,1.0,0,6,43,65.38888888888889
0,1,1,370,37,4.97747045759865,0,1.0,0,1,38,135.33333333333334
1,1,1,2498,48,4.975125951045553,0,1.0,0,3,38,84.20833333333333
1,2,2,11338,1,4.971809539151113,0,18.0,0,39,53,179.34265734265733
1,1,1,383,1,4.969189631426825,0,8.0,0,0,0,0.0
1,1,1,654,1,4.968334813569953,0,1.0,0,3,31,108.9795918367347
1,1,1,1710,45,4.967075338831696,0,1.0,0,0,0,0.0
1,1,1,948,421,4.967109403526097,0,2.0,0,7,41,92.47058823529412
0,1,1,17164,302,4.925295418939182,0,1.0,0,3,48,118.33333333333331
0,1,1,3,1,4.965713448193625,0,1.0,0,2,39,69.04
0,1,1,583,1,4.963603813747406,0,1.0,0,0,0,0.0
1,1,1,37,7,4.960092678553348,0,1.0,0,0,0,0.0
1,1,1,18,348,4.9578972644534165,0,1.0,0,0,0,0.0
0,1,1,30774,1,4.95792128402398,1,1.0,0,0,16,105.4
1,1,1,281,1,4.956590764592844,0,9.0,0,1,0,305.0
1,1,1,-100,1,4.955801572765836,0,1.0,0,0,0,0.0
1,1,1,62074,2293,4.954960475850989,0,1.0,0,0,0,0.0
0,1,1,2021,512,4.953860043625471,0,1.0,0,0,0,0.0
0,1,1,2056,1,4.952407841937129,0,3.0,0,3,5,76.83333333333333
1,1,1,795,3525,4.9501093464875385,1,1.0,4,34,129,88.5111111111111
1,1,1,0,1,4.947873276570942,0,1.0,0,0,0,0.0
1,1,1,4181,1,4.947206147258193,0,3.0,0,0,0,0.0
1,1,1,45994,863,4.946901371229598,1,1.0,0,0,0,0.0
0,1,1,342,3,4.946392111970338,0,1.0,0,1,0,51.0
0,1,1,54,1,4.945215913526857,0,1.0,0,1,0,144.0
0,1,1,22171,1,4.932837880976853,0,5.0,0,71,52,76.01970443349754
1,1,1,431,1,4.943299069406899,0,2.0,0,17,44,39.41304347826087
1,1,1,121,10,4.877347317689404,0,1.0,0,1,0,106.0
0,1,1,3991,2073,4.941756746796814,0,5.0,0,13,45,61.84905660377358
0,1,1,1400,901,4.935347767660251,0,1.0,0,0,0,0.0
1,1,1,165,251,4.9327460805864565,0,1.0,0,1,2,63.75
1,1,1,3241,1,4.826744673635357,0,1.0,0,0,0,0.0
0,3,2,3263,184,4.924886420789767,0,23.0,0,162,54,93.50828729281768
0,1,1,21,449,4.923885964481302,0,1.0,0,0,0,0.0
1,1,1,167,1,4.920336264884375,0,1.0,0,0,0,0.0
0,1,1,10062,241,4.919819812429182,0,1.0,0,1,0,108.0
1,2,2,5350,167,4.919107749407913,0,18.0,0,64,53,74.93684210526315
0,1,1,6556,976,4.916522350011254,0,1.0,0,3,43,24.272727272727273
0,1,1,2338,19,4.914587443681242,0,4.0,0,12,19,140.6764705882353
0,1,1,2018,204,4.914318380127613,0,1.0,0,9,42,292.5806451612903
1,1,1,14019,18,4.914205095213678,0,1.0,0,0,0,0.0
0,1,1,6773,77,4.913484032775469,0,1.0,0,0,0,0.0
0,1,1,753,46,4.909092412373411,0,5.0,0,10,41,134.8
0,1,1,784,8,4.906746574920626,0,1.0,0,1,0,75.5
0,1,1,22,6,4.905102691989097,0,1.0,1,32,88,88.72077922077922
0,1,1,11878,5,4.904878055134584,0,1.0,0,0,0,0.0
0,1,1,1612,23,4.903427057593579,0,1.0,0,3,19,20.4
1,1,1,2211,1,4.830844319996297,0,1.0,0,5,48,80.05
1,1,1,6474,6313,4.900109124670924,0,1.0,0,0,0,0.0
1,1,1,6228,204,4.898185752804876,0,1.0,0,2,3,61.5
0,1,1,119,13,4.89524398917266,0,1.0,0,0,0,0.0
1,1,1,48,25,4.894550273554236,0,1.0,0,1,0,6.0
0,1,1,108,1,4.892580256822925,0,1.0,0,0,0,0.0
1,1,1,7,70,4.8898330263618,0,1.0,0,0,0,0.0
0,1,1,1818,1,4.889440506018048,0,1.0,0,0,0,45.0
1,1,1,102,24,4.8316556301086,0,1.0,0,1,28,38.0
1,1,1,50,1,4.88090357672051,0,2.0,0,0,0,0.0
1,1,1,180,93,4.880097336702257,0,1.0,0,1,0,180.0
1,1,1,6946,178,4.879285582956725,0,7.0,0,8,36,73.46666666666667
0,1,1,23,1,4.870704733969476,0,1.0,0,0,0,0.0
0,2,2,9526,32,4.86848286031622,0,11.0,0,14,39,81.3921568627451
1,1,1,3070,82,4.868373884982228,0,1.0,0,0,0,0.0
0,1,1,234,277,4.867838039417292,0,1.0,0,0,0,0.0
0,1,1,55,24,4.8637158628259165,0,1.0,4,10,80,72.37037037037037
0,1,1,9642,5258,4.859176607622732,0,1.0,0,0,0,0.0
0,1,1,2486,2022,4.856483975736912,0,1.0,0,0,0,0.0
1,1,1,759,51,4.85692336276254,0,1.0,0,13,37,186.16666666666663
1,1,1,150,31,4.847765568760462,0,2.0,0,17,37,187.36363636363637
1,1,1,101,1,4.849602622275304,0,1.0,0,0,0,0.0
1,1,1,3003,407,4.84781329102071,0,1.0,0,1,6,30.21875
1,1,1,2887,1,4.846598528174359,0,1.0,0,0,1,45.5
0,1,1,206,41,4.842355873473114,0,1.0,0,0,0,0.0
1,1,1,9895,27,4.838148107356552,0,1.0,0,16,53,64.90666666666667
0,1,1,1619,45,4.758809120868353,0,1.0,1,5,28,153.97826086956522
1,1,1,11,1,4.834841835650213,0,1.0,0,0,0,64.0
0,1,1,2197,7772,4.831459195652241,0,2.0,0,0,0,0.0
1,1,1,483,95,4.830509598724718,0,2.0,0,0,0,0.0
1,1,1,56877,24,4.823854403145839,1,3.0,0,19,50,49.82978723404256
1,1,1,183,37,4.606514586429739,0,2.0,0,4,3,94.45454545454544
1,1,1,-100,1,4.821061351709735,0,1.0,0,0,0,0.0
0,1,1,72,1,4.820394951223006,0,3.0,0,0,0,0.0
0,1,1,105,1,4.815439726491087,0,2.0,0,1,0,209.0
0,1,1,-1,1,4.7054854524018035,0,1.0,0,0,0,0.0
1,1,1,233,637,4.808154476662203,0,1.0,0,1,0,719.5
0,1,1,1457,15,4.807086619790958,0,1.0,0,11,49,191.55555555555551
0,1,1,763,29,4.803146459575986,0,1.0,0,1,0,76.0
1,1,1,11,1,4.799090099143,0,1.0,0,0,0,0.0
0,1,1,459,1,4.796791381876795,0,3.0,0,67,39,90.02020202020202
0,1,1,-100,1,4.7955203726745745,0,1.0,0,0,0,0.0
1,2,2,11432,73,4.785130165561233,0,13.0,0,53,35,59.24463519313305
0,1,1,7908,420,4.784725920624989,0,3.0,0,30,53,32.36190476190476
1,1,1,2367,158,4.780952154559128,0,1.0,0,14,52,75.5952380952381
1,1,1,262,1,4.780152157094175,0,1.0,0,0,0,0.0
0,1,1,10372,237,4.777143309780057,1,3.0,0,13,29,100.08064516129032
1,1,1,20400,1515,4.769532116279918,0,1.0,0,0,0,0.0
0,1,1,-61,7,4.710489793669834,0,1.0,0,10,37,39.21052631578947
1,1,1,3005,581,4.7651368200596735,0,2.0,0,54,34,47.3068783068783
1,1,1,12,9,4.762025366717214,0,1.0,1,3,28,45.022222222222226
0,1,1,3456,376,4.75767760262869,0,1.0,0,0,0,0.0
1,1,1,78,17,4.753855227036123,0,2.0,0,8,54,177.2941176470588
0,1,1,26445,1,4.75272456437483,0,2.0,0,0,0,0.0
0,1,1,959,3,4.7502598332165675,0,1.0,0,35,50,30.101063829787233
1,1,1,10629,64,4.7472214842926945,1,1.0,0,0,0,0.0
0,1,1,168,729,4.746511195804343,0,1.0,0,12,11,83.71111111111111
1,1,1,749,32,4.742557536463963,0,1.0,0,3,2,109.0
0,1,1,15,1,4.601216148018707,0,1.0,0,1,0,85.5
0,1,1,38,1,4.659747722029405,0,2.0,0,2,20,129.0
0,1,1,45,1,4.73419346568545,0,1.0,0,0,0,0.0
0,1,1,196,1,4.731443921993915,0,6.0,0,51,49,82.33333333333333
0,1,1,20534,4968,4.730015834940399,0,1.0,0,2,31,275.6666666666667
0,1,1,431,9,4.722425777394832,0,1.0,0,29,27,104.92233009708738
1,1,1,150,1,4.722320477879026,0,3.0,0,12,50,137.68055555555554
1,1,1,13,10,4.714750066947903,0,1.0,0,1,0,800.0
1,1,1,331,1,4.710226212155397,0,1.0,0,0,0,0.0
1,1,1,242,18,4.708397587671913,0,4.0,0,11,20,62.94444444444444
0,1,1,5636,206,4.706772432400283,0,1.0,0,2,4,22.333333333333332
0,1,1,679,1,4.705328184421982,0,1.0,0,12,31,130.71428571428572
1,1,1,302,19,4.699295089383069,0,4.0,0,13,11,99.64444444444445
0,1,1,8,1,4.694802098788093,0,1.0,0,1,0,170.0
0,1,1,368,1,4.694481478715591,0,1.0,0,10,12,39.22222222222222
0,1,1,1237,13,4.693023351354829,0,1.0,0,39,51,74.67768595041322
1,1,1,5560,2763,4.689562631908483,0,1.0,0,6,31,63.642857142857146
0,1,1,6891,38379,4.689370538720155,1,3.0,0,7,6,29.782608695652176
0,1,1,4579,6025,4.680186126724312,1,1.0,0,4,2,72.8
1,1,1,7625,33,4.675836144469641,0,1.0,1,42,44,62.446393762183234
1,1,1,3154,584,4.675243038530026,0,4.0,0,28,44,273.59322033898303
0,1,1,954,87,4.662083736174967,0,1.0,0,6,44,52.526315789473685
1,1,1,879,1,4.660674693662228,0,1.0,0,14,42,97.05479452054794
1,1,1,36,62,4.660653811212359,0,1.0,0,22,28,62.22222222222222
0,1,1,2,1,4.659750795773923,0,1.0,0,2,11,420.0
1,1,1,10,352,4.656459734349734,0,1.0,0,0,0,284.0
0,1,1,506,147,4.650589357641746,0,1.0,0,2,10,115.66666666666669
1,1,1,51,3,4.645794316193727,0,2.0,0,8,28,120.28
0,1,1,1,1,4.6451507945063994,0,1.0,0,6,38,133.0
0,1,1,263,41,4.644152366235555,0,2.0,0,18,35,176.672131147541
0,1,1,1360,2,4.642893715387582,0,1.0,0,9,46,41.5735294117647
0,1,1,1906,330,4.630052434681825,0,1.0,0,4,9,65.0
0,1,1,47,1,4.629440442641872,0,1.0,0,4,1,323.4
0,1,1,48,1,4.628109954898824,0,3.0,0,85,38,96.84482758620688
1,1,1,24,1,4.626890914160619,0,1.0,0,4,1,136.85714285714286
0,1,1,461,1,4.624906415973178,0,5.0,2,139,43,206.05980528511824
1,1,1,33,1,4.623134988488197,0,1.0,0,7,13,157.14285714285714
1,1,1,4968,1,4.61234490939473,0,2.0,0,39,31,74.93162393162393
1,1,1,882,1,4.612298074400941,0,2.0,0,124,39,44.73175542406312
1,1,1,610,13,4.6104719215883065,0,1.0,0,4,13,138.34246575342465
0,1,1,235,1,4.596273883714704,0,3.0,0,76,19,138.40462427745663
0,1,1,344,1,4.5890340429156575,0,1.0,0,15,8,39.118811881188115
1,1,1,1,1,4.5818945899788055,0,1.0,0,1,0,717.0
